message ID,message,ingroup_cohesion_manual,positionality,"Explicit comparison to an animal, machine or non-human substance",Moral disgust or indifference,Extreme negative evaluation,Denial of prosocial values and communality,Deindividuated entitative perception,Denial of agency,Dehumanising_outgroup,Confidence,Dehumanising_other,Dehumanising_other_target
575076,"""Все линии нашей обороны сохранены. Ни на одном направлении стратегической обороны у врага нет успеха. Они подавлены и обречены"", — Зеленский.",1,ukraine_russian,0,0,1,0,1,0,0.5,3,,
678192,"Новый уровень «журналистики» от переформатированного под нужды Зеленского гостелеканала Рада.

Телеведущий - работающий на Офис президента политтехнолог Сергей Иванов вчера обвинил нардепа от ОПЗЖ Александра Качного в работе на Кремль (не приведя никаких доказательств этому обвинению)

А Александр Качный задал Иванову  вопросом ""из какого кабинета вы вышли перед эфиром?"", очевидно подразумевая, что тот сотрдничает с властью.

Иванов на это заявил, что вышел из гримерки, заявил, что с Качным не о чем говорить, а затем завершил эфир

Уже после эфира Сергей Иванов обматерил Качного у себя в телеграм-канале.

В общем, «парламентская  журналистика», которую мы заслужили.

Похоже содержащийся на деньги налогоплательщиков канал Рада превращается в аналог каналов «Прямой» и «Эспрессо». Только в роли «гетьмана» там не Порошенко, а Зеленский.",1,ukraine_russian,0,0,0,0,0,0,0,3,,
738004,"⚡️Вночі окупанти вдарили по Дніпропетровщині: одна ракета влучила у залізничну інфраструктуру, дві у промислове підприємство. Одна людина загинула.

Про це повідомив керівник ОВА Резніченко.

Новини України | Підпишись",0,ukraine_ukrainian,0,0,0,0,0,0,0,3,,
550088,"Глава МИД Украины Дмитрий Кулеба поделился информацией о завтрашних переговорах украинской и российской делегаций в Стамбуле:

▪️ Программа-минимум — решение гуманитарных вопросов, программа-максимум — прекращение огня и достижение стабильной договоренности об этом.

▪️ На данный момент ни по одному пункту стороны не договорились.

▪️Украинская сторона не будет отказываться от суверенитета, территорий и людей.

▪️ Если Россия снова будет говорить языком ультиматумов и пропагандистских штампов, переговоры закончатся ничем.

Русский Корабль Иди … | Подписаться",0,ukraine_russian,0,1,0,0,0,0,0.5,3,,
562924,"⚡️ЕС намерен ввести шестой пакет санкций против России в начале следующей недели, сообщает газета Politico со ссылкой на неназванных дипломатов.

Новый пакет санкций может включать ""определенный запрет"" на импорт российской нефти, а также отключение новых российских банков от SWIFT.

Киев — прямая трансляция 👈
Прислать новость",0,ukraine_russian,0,0,0,0,0,0,0,3,,
51811,"В Туле на врачей скорой помощи завели уголовное дело за антивоенные надписи на домах.

Позавчера местный житель обнаружил текст с понятным посылом в подъезде своего дома — черным цветом кто-то вывел «Свергни ******! Останови *****!». Мужчина вызвал полицию и пожаловался на лозунги, приехавшие сотрудники обнаружили аналогичный текст на домах в районе улицы Макаренко. Делом занялись в центре “Э” — авторов надписей быстро нашли. По нашим данным, ими оказались фельдшеры местной скорой помощи “Центра медицины и катастроф”.

28-летние медики, которые живут в этом же районе, таким образом пытались выразить несогласие с событиями в Украине. Вчера на врачей завели уголовное дело по ч. 2 ст. 214 УК РФ (вандализм). Они задержаны.",0,russia,0,0,0,0,0,0,0,3,,
359579,"«Никто [на Западе] не заинтересован в Украине. Есть цель — ослабить Россию, а после того как это произойдёт, повторить всё в отношении Китая», — считает бывший офицер швейцарской разведки и советник НАТО Жак Бо.

Опасным же специалисту видится то, как в ЕС и США выносят политические решения:

«Мы принимаем решения, даже не зная, что происходит, и я думаю, что это свидетельствует о крайне незрелом руководстве, которое мы имеем на Западе в целом».

N.B. Полковник спецподразделений НАТО в отставке Жак Бо занимался разведкой против стратегических сил Варшавского договора, говорит и читает по-русски, с 2014 года принимал участие в проектах Североатлантического альянса на территории Украины.",0,russia,0,0,0,0,0,0,0,3,,
364916,"Блеск и нищета украинской пропаганды. Мелитополь, по мнению идиотов ЦиПСО это очередь за продуктами и в аптеку. И даже видео обрезать не удосужились, это раздача гуманитарной помощи жителям от ВС РФ.",0,russia,0,1,0,1,0,0,0.5,3,,
199998,"Глава МИД Украины Кулеба после событий в Буче требует от стран G7:

▪️Ввести эмбарго на российскую нефть, газ, уголь;

▪️Закрытия всех портов для российских судов и товаров;

▪️Отключение всех российских банков от SWIFT.

Кулеба отметил, что резня в Буче была преднамеренной и россияне стремятся уничтожить как можно больше украинцев. 

""Мы должны остановить и вышвырнуть их. Я требую новых разрушительных санкций Большой семерки уже сейчас"", — написал Кулеба.

Безосновательные обвинение от Кулебы. Такой же вой украинские политики и прихлебатели подняли, когда произошёл «удар по роддому» в Мариуполе. Теперь мы столкнулись с ещё более циничной провокацией и Россию без суда и следствия хотят обвинить в зверствах украинских военных.",1,russia,0.5,1,1,1,0,1,1,3,,
746222,"22 БЕРЕЗНЯ ЗНИЩЕНО 6 ЛІТАКІВ, 1 ВЕРТОЛІТ, 5 БПЛА, 5 КРИЛАТИХ РАКЕТ/ MARCH 22 WERE DESTROYED 6 PLANES, 1 HELICOPTER, 5 UAVS AND 5 CRUISE MISSILES 
-------------------------------------
22 березня протиповітряна оборона не зупинилась на 100-му збитому літаку російських окупантів і завдала ворогу суттєвих втрат в повітрі.
Ударна авіація Повітряних Сил Збройних Сил України нанесла удари по наземних цілях: скупченню техніки та живій силі ворога. Винищувачі здійснювали прикриття з повітря і збили дві крилаті ракети ворога.
Символічно, що сотий, ювілейний літак окупантів – на рахунку героїчних захисників міста-героя Маріуполя.
Крім того, протиповітряна оборона Сухопутних військ звітує про збиття одного БпЛА та однієї крилатої ракети. Ще одна – на рахунку воїна десантно-штурмових військ, який знищив «крилату» із ПЗРК.
Справжнє пекельне небо для повітряних терористів влаштували зенітні ракетні війська Повітряних Сил ЗС України. На їх рахунку – одинадцять повітряних цілей: п’ять літаків, один вертоліт, чотири безпілотники оперативно-тактичного рівня та одна крилата ракета.
Тож маємо такі втрати окупантів за добу 22 березня:
- літаки  – 6;
- вертольоти – 1;
- БпЛА (ОТР) – 5;
- крилаті ракети – 5.
Б’ємо ворога разом!
Разом – до перемоги!
#stoprussia
========================
MARCH 22 WERE DESTROYED 6 PLANES, 1 HELICOPTER, 5 UAVS AND 5 CRUISE MISSILES 
On March 22, the air defense decided not to stop on the 100th downed plane of the Russian occupiers and inflicted significant losses on the enemy in the air.
Percussive aircraft of the Air Force of the Armed Forces of Ukraine struck at ground targets to accumulate equipment and manpower of the enemy. The fighters covered from the air and shot down two enemy cruise missiles.
It is symbolic that the 100th, jubilee plane of the occupiers is on the account of the heroic defenders of the hero city of Mariupol.
In addition, the air defense of the Land Forces reports the downing of one UAV and one cruise missile. Another is on the account of a soldier of the assault troops who destroyed the cruise missile MANPADS.
The real hellish sky for air terrorists was arranged by anti-aircraft missile forces of the Air Force of the Armed Forces of Ukraine. They have eleven air targets: five planes, one helicopter, four operational-tactical drones and one cruise missile.
So we have the following losses of the occupiers for the day of March 22:
- aircraft - 6;  
- helicopters - 1; 
- UAV - 5;
- cruise missiles - 5.
Let's fight the enemy together!
Together to victory!",2,ukraine_ukrainian,0.5,0,1,1,1,0,0.5,3,,
272491,"Китай и Россия могут образовать мощный альянс двух авторитарных режимов, заявил глава европейской дипломатии Жозеп Боррель. 

«Совместное заявление Китая и России, которое Запад не особо заметил за ситуацией на Украине, может стать основанием для мощного альянса двух авторитарных режимов», — сказал Боррель.

Он добавил, что сейчас Москва и Пекин «противостоят демократии в качестве авторитарных, а не коммунистических режимов», как это было во время холодной войны.",0,russia,0,0,0,0,0,0,0,3,,
223766,"2-3 млрд долл. теряет Украина ежемесячно из-за информации о вторжении России, - заявил заместитель главы Офиса президента Украины Шурма.",0,russia,0,0,0,0,0,0,0,3,,
188148,Около 3 миллионов украинских беженцев покинули Украину с начала военных действий России,0,russia,0,0,0,0,0,0,0,3,,
658776,"‼️ Украинская и российская делегации прибыли во дворец Долмабахче для переговоров

Президент Турции поприветствовал участников встречи и заявил, что продление конфликта между Украиной и РФ никому не выгодно.

Подписаться / Прислать новость",0,ukraine_russian,0,0,0,0,0,0,0,3,,
83590,"🇺🇸🇺🇦 В Ирпени погиб американский журналист Брент Рено, у которого при себе было удостоверение издания The New York Times. Украинские ресурсы уже поспешили обвинить в его смерти российские войска, но при детальном рассмотрении всплывает несколько характерных деталей:

🔹 Один из выживших в инциденте сообщил, что в шею Рено попала пуля. Огнестрельный характер смертельного ранения подтверждает другой свидетель-полицейский. Это подтверждает, что журналист погиб не от шального артиллерийского снаряда, а был застрелен с близкого расстояния.

🔹 По словам полицейского, эпизод произошёл на круговом перекрестке на выезде из села Романовка на южной окраине Ирпени. Российские подразделения в этом районе отсутствуют.

Так что с высокой долей вероятности Брент Рено и его коллеги стали жертвой бойцов территориальной обороны, которые заподозрили в журналистах диверсантов.
#Киев #США #Украина
@rybar

*Поддержать нас: 4377 7278 0407 7977",0,russia,0,0,1,1,0,0,0.5,3,,
126479,"«Я дочери объясняла, что на нас могут, несмотря на защиту полиции, напасть. Она сказала: «Я их не боюсь: русские никого не боятся».

Светлана, на чью семилетнюю дочь напали во время автопробега в Афинах, рассказала RT подробности случившегося.

«В переулке по двум сторонам стояло, наверное, по 50 человек, в основном мужчины. Мы остановились, они стали идти в сторону машины, чтобы отобрать флаг российский там, где сидела дочка, стали выдирать у неё из рук.

Они вырвали его, разбили стекло этим же флагом и ударили её древком по руке. С другой стороны у нас вырвали греческий флаг и второе стекло разбили.

Тот, которого я запомнила, человек разговаривал на русском языке. Они кричали: «Слава Украине!» — говорит мама девочки.

Семья уже обратилась в полицию и российское посольство.

@rt_russian",1,russia,0,0,0.5,0.5,0,0,0,2,,
576821,Харьков встречает российских фашистов.,0,ukraine_russian,0,0,1,1,0,0,0.5,3,,
827775,"Зведення Генштабу: Окупанти намагаються прорвати оборону біля Києва

Джерело: Генштаб
Біля Києва росіяни намагаються прорвати оборону з північного заходу та сходу, щоб взяти під контроль ключові автошляхи та населені пункти, їх стримують українські війська.

На Донецькому та Луганському напрямках ЗСУ відбили 5 атак ворога. Знищено 2 ворожі танки, бойову машину піхоти та автомобіль. Також противник мав втрати у живій силі.

На Харківщині тривають оборонні бої в районах населених пунктів Топольське, Кам’янка, Суха Кам’янка.

На півдні основні зусилля Сил оборони – на обороні Кривого Рогу, Запоріжжя та Миколаєва, утриманні частин морського узбережжя, охороні та обороні об’єктів критичної інфраструктури.
Зазначається, що ЗСУ стримують просування ворога у напрямках населених пунктів Гуляйполе та Запоріжжя.

На Авдіївському напрямку ЗСУ відбивають штурм окупантів в районі населеного пункту Верхньоторецьке.

На Волинському та Сіверському напрямках продовжуються оборонні операції. Обстановка контрольована, суттєвих змін не зазнала.",0,ukraine_ukrainian,0.5,0,1,0,1,0,0.5,3,,
506885,"«Русский корабль иди нахуй» по-грузински.

👉 Хуевый Днепр / Прислать новость / Новый Инстаграм",0,ukraine_russian,0,1,0,0,0,0,0.5,3,,
704726,"🇷🇺 Бучанські кати: журналісти ідентифікували російських злочинців, які чинили військові злочини в Бучі

Журналісти проєкту ""Слідство.Info"" ідентифікували деяких окупантів зі 155-ї бригади морської піхоти Тихоокеанського флоту Росії. За даними українських військових, ця бригада безпосередньо вчиняла воєнні злочини та геноцид в районі Бучі, Ірпеня та Гостомеля. 155-ї бригада - з Владивостоку, тобто окупанти проїхали девʼять тисяч кілометрів, перетнули весь континент, щоб вбивати та гвалтувати українців.

Дивитися - censor.net/ua/n3331299",0,ukraine_ukrainian,0,0,1,1,0,0,0.5,3,,
45428,⚡️При обычном развитии событий киевские власти не будут никогда выполнять минские договоренности — Козак,0,russia,0,0,0,0,0,0,0,3,,
827132,"Ще одна погана новина для московії.

Колумбія наростить видобуток енергоресурсів

Влада Колумбії обіцяє допомогти західним країнам частково або повністю відмовитися від імпорту російських енергоресурсів, замінивши їх на колумбійські. Для цього в країні буде збільшено видобуток нафти, вугілля та газу.

Президент Колумбії Іван Дуке назвав російське вторгнення до України геноцидом.",0,ukraine_ukrainian,0,1,0,0,0,0,0.5,3,,
4876,"Минобороны России: Киев своим отказом на гуманитарные предложения по Мариуполю показал полное безразличие к человеческим жизням.

Российские военные сообщают, что Киев отдал нацбатальонам указание покидать Мариуполь небольшими группами под видом мирных жителей.

Так, на выезде из города были задержаны неонацисты из батальона ""Азов"" (против его боевиков в России возбуждено уголовное дело), которые пытались покинуть город, прикрываясь детьми, родителей которых они убили.",0,russia,0,0,1,1,0,0.5,0.5,3,,
680692,"Ситуація в Миколаєві, евакуація людей зі звільнених сіл області до міста, небо над Україною та наша боротьба проти російських окупантів.

Про це говорить не лише Україна, а увесь світ.

Про це я сьогодні розповів в ефірі ""One World"" на CNN.",1,ukraine_ukrainian,0,0,0,0,0,0,0,3,,
40294,"Песков в эфире CNN: российские военные не наносят удары по гражданским целям, целью спецоперации не является ""оккупация Украины""",0,russia,0,0,0,0,0,0,0,3,,
326626,"Кто из украинских чиновников все эти 8 лет вёл бизнес в России? Кто из светских героинь уехал из России навсегда? Кто из русских олигархов спонсировал батальон «Азов»? Какие предприятия сбежавших казнокрадов национализируют в первую очередь? И кто въедет в опустевшие дома на Рублевке?

В эти дни главный по компромату — канал «Небожена». Легендарный канал, который когда-то опубликовал список всех чиновников с двойным гражданством, загадочный инсайдер, который мочит элиту 24/7. 

Подписаться тут @imnotbozhena",0,russia,0,0,0,0,0,0,0,3,,
376738,"Пошли вбросы о том, что Россия расценила уход НАТО из Афганистана как «зеленый свет» для вторжения на Украину, а Китай расценивает американскую пассивность по Украине как «одобрение» для захвата Тайваня.

Мол, несмотря на официальную позицию Белого дома, это реальность, с которой столкнулись США",0,russia,0,0,0,0,0,0,0,3,,
503721,"В Днепропетровской области выявили 5 человек, которые могли угрожать нацбезопасности Украины

📌6 апреля в Новомосковске сотрудники полиции задержали двух жителей Киевской области, которые вели пророссийскую переписку и высказывались в поддержку военных действий РФ.

📌В Кривом Роге был обнаружен мужчина, распространявший российскую пропаганду, а в Павлограде – женщину, которая переписывалась с военными незаконных вооруженных формирований так называемой ДНР.

📌Еще одного сторонника ""русского мира"" за прошлые сутки задержал полицейский на блокпосту.",0,ukraine_russian,0,0,0,0,0,0,0,3,,
402673,"Джо Байден о войне в Украине: 

«Спустя два месяца после того, как путин начал неспровоцированное и неоправданное нападение на Украину, Киев все еще стоит. Президент Зеленский и его демократически избранное правительство остаются у власти. Мы продолжим поддерживать украинцев в их борьбе за защиту своей родины»

ТРУХА⚡️Украина | Прислать новость",0,ukraine_russian,0,0,0,0,0,0,0,3,,
711565,"Телеканал РАДА - эталон журналистики и соблюдения стандартов BBC. Но это не точно. Вернее, с точностью до наоборот. 

Только что в эфире Рады показали сбалансированную позицию канала - двое слуг, Вениславский и Камельчук, обсуждают Порошенко. Больше никаких представителей других партий. Две головы - одна позиция. Особенно мило смотрится, когда юрист Вениславский называет Порошенко олигархом, а журналист ему говорит, что пока нет реестра олигархов, поэтому нельзя пока называть никого олигархом. И после этого Вениславский говорит, что Порошенко внесут в реестр. Уверен? Заранее? Так может будет честно тогда назвать этот закон ""Законом против Порошенко"". То, что я вижу, называется баналтная манипуляция информацией и геббельсощина. И Рада стала таким же пропагандистским каналом, как и российские телеканалы. Мерзко. 

PS А потом, когда власть сменится, эти журналисты будут выходить в эфир и просить прощения за подачу информации. Это уже было в истории Украины. И не один раз.",0,ukraine_russian,0,0,0,0,0,0,0.5,2,"1, 1","Fedir Venislavskyi, Yuriy Kamelchuk"
180556,"❗️«Япония поднимает вопрос возвращения Курил, так как эти острова оккупированы Россией и это противоречит международному праву, как и нападение РФ на Украину» – заявили в МИД Японии",0,russia,0,0,0,0,0,0,0,3,,
538640,"Депутат Изюмского горсовета от ОПЗЖ Анатолий Фомичевский провёл в город российских оккупантов, показав им незащищённую дорогу.

Труха⚡️Днепр
Прислать новость 📸",0,ukraine_russian,0,0,0,0,0,0,0,3,,
381308,"⚡️❗️ Путин на совещании с членами Совбеза предложил обменяться информацией по текущим событиям и предоставил слово Шойгу:

— Шойгу предложил Путину передать ДНР и ЛНР трофейные ПЗРК, ПТУР, а также танки и стрелковое оружие

— С Ближнего Востока поступило около 16 тысяч заявок на добровольное участие в спецоперации в ДНР и ЛНР

— Путин поддержал предложение Шойгу передать трофейное западное вооружение республикам Донбасса

— Добровольцам с Ближнего Востока, которые готовы помочь России на Украине, нужно помочь добраться в зону боевых действий.

@opersvodki",0,russia,0,0,0,0,0,0,0,3,,
585540,"❗️Кива больше не народный депутат Украины - УП

Верховная Рада Украины лишила Илью Киву мандата народного депутата.335 голосов ""за"" его исключение"".

Также депутаты Игорь Абрамович, Татьяна Плачкова, Александр Фельдман и Вадим Столар написали заявление про их выход из депутатской фракции ОПЗЖ.

Инсайдер UA  | Подписаться",0,ukraine_russian,0,0,0,0,0,0,0,3,,
53311,"Сборная Польши по футболу отказывается проводить стыковой матч отбора к чемпионату мира 2022 года против сборной России из-за ситуации на Украине — глава Польского футбольного союза.

Мы должны играть с Польшей в стыках (матч 24 марта) за право поехать на Чемпионат мира.",1,russia,0,0,0,0,0,0,0,3,,
586937,"⚡️211 украинских школ было разрушено с момента российского вторжения на территорию Украины - Шкарлет.

Инсайдер UA  | Прислать новость",0,ukraine_russian,0,0,0,0,0,0,0,3,,
116378,"Новый комментарий Пескова:

Об ударе украинских военных по нефтебазе в Белгороде:

— По Белгороду президенту доложено. И МЧС туда отправилось, и все предпринимается, чтобы организовать цепочки по снабжению топливом.

Безусловно, это не то, что можно воспринимать как создание комфортных условий для продолжения переговоров.

О возможности изменения решения продавать российский газ только за рубли:

— Возможно, если наступят иные условия. Нет ничего железобетонного, но в нынешних условиях рубли являются для нас наиболее предпочтительными и надёжными.

О резком высказывании Депардьё в отношении Путина:

— Депардьё, скорее всего, не полностью понимает, что происходит. В силу того, что он не совсем погружён в политическую повестку дня, не понимает, что произошло на Украине в 2014 году, не понимает, что такое Минские договорённости, что такое Донецк и Луганск. Вряд ли он понимает, что такое бомбёжки мирных людей, вряд ли знает о нацэлементах. Мы при необходимости будем готовы всё ему сказать и объяснить, если он захочет. 

О весеннем призыве в Российскую армию:

— Что касается нового призыва, то мы слышали заявления наших военных о том, что никоим образом это не может иметь какого-то отношения к спецоперации на Украине. Срочники туда не направляются, не призываются.",2,russia,0.5,0,0,0,1,0.5,0.5,2,,
498033,"⚡️128 окрема гірсько-штурмова Закарпатська бригада показала, як майстерно палить танки рашистів

Танк маневрував біля лісопосадки і готувався вдарити по наших позиціях. Але захисники не дали йому навіть оговтатись і накрили танк артилерією. 

Щоб влучити у танк на відстані декількох кілометрів потрібна неймовірна майстерність, яку і володіють наші воїни. 

Доброго вечора, ми з України | Підписатись",2,ukraine_ukrainian,0,1,1,1,1,0,1,3,,
751909,"Потери Украины за месяц войны с Россией составили около $565 млрд, — Шмыгаль

Украинский премьер считает, что несмотря на потери Украины, после окончания войны страна будет быстро восстанавливаться за счет замороженных российских средств и имущества, а также западных партнеров.",0,ukraine_russian,0,0,0,0,0,0,0,3,,
117088,"Очевидцы публикуют в сети это видео и пишут, что российские вертолёты уничтожают украинские военные объекты в районе города Попасной.",0,russia,0,0,0,0,0,0,0,3,,
143586,"⚡️Украинские СМИ прогнозируют «вечное военное положение»

«Война де-факто есть, де-юре её нет», - пишут украинские ТГ. «Официально войны с Россией не будет, но будет вечно военное положение. Сейчас, как мы ранее и предполагали, Зеленский внес в Раду законопроект о продлении военного положения в Украине»

Мы уже много раз писали, что объявить войну России – значит для Украины стать субъектной и отказаться платить по долгам Западу. Этого не будет, поскольку и Зеленский, и весь марионеточный режим Запад держит за одно место, и очень крепко. Они зависимы ВО ВСЁМ! 

Конечно, Киев просто не мог не объявить войну России после пересечения войск РФ границ пока еще Украины. Но так могут себе позволить вести себя только суверенные государства, коим Украина не является. А если бы Украина была суверенным государством – вопроса проведения СВО вообще не было бы на повестке дня в Москве!",0,russia,0,1,0.5,0,0,1,0.5,2,,
641,"Эвакуированная жительница Мариуполя рассказала, как российские военные освободили ее и еще более 140 человек, после того как они провели почти два месяца в одном из подвалов ""Азовстали""",0,russia,0,0,0,0,0,0,0,3,,
694459,"90 детей погибли и более 100 ранены в результате вооруженной агрессии РФ по состоянию на утро 14 марта 2022 года, сообщил Офис Генерального прокурора Украины. 

В сообщении уточняется, что больше всего пострадавших в Киевской, Харьковской, Донецкой, Черниговской, Сумской, Херсонской, Николаевской и Житомирской областях.",0,ukraine_russian,0,0,0,0,0,0,0,3,,
254763,"Чрезвычайно интересная информация о том, что украинские пилоты отправились в Польшу, чтобы получить самоелты МиГ-29 из польских запасов еще советского наследия. Вопрос один - каким образом будет действовать эта авиация с польских аэродромов, учитывая что Россия закрыла небо над Украиной, а инфраструктура Воздушных сил (бывшие ВВС) Украины выведена из строя, о чем доложили в Минобороны России. Видимо, актуален очередной мониторинг ОТРК ""Искандер"" всех ввп киевского режима особенно на западном и черниговском направлениях, а также под Днепропетровском. Это, кстати, исключит и использование противником БПЛА ""Байрактар"" с учетом взятия под контроль автотрасс, способных стать ввп для такого рода летательных аппаратов.                                   
                                                                                                                                                                                                                                                                                                                                                                                      @voenkorKotenok",0,russia,0,0,1,0,1,0.5,0.5,3,,
342011,"Диверсионная группа  ВСУ подобралась к границе и попыталась обстрелять Белгород

Под Белгородом со стороны украинской границы упали снаряды, выпущенные диверсионной группой ВСУ. Обошлось без разрушений и жертв, на месте падения боеприпасов работают экстренные службы.",0,russia,0,0,0,0,0,0,0,3,,
265398,"""Прогнозировать сейчас любые варианты будущего - это упражнение на тренировку фантазии"".

Поговорили с предпринимателями о том, какие проблемы жду российский бизнес после обострения конфликта на Украине и введения санкций.

https://bbc.in/3pcuHUX",0,russia,0,0,0,0,0,0,0,3,,
76768,"❗️Все зависит от действий официального Киева

Дмитрий Козак",0,russia,0,0,0,0,0,0,0,3,,
565631,"😳 Власти Китая выступают за то, чтобы США и НАТО вели диалог с Россией как по ситуации на Украине, так в целом по теме безопасности, МИД КНР Лэ Юйчэн

💬 «Несложно спрогнозировать последствия движения в таком направлении. Кризис в Украине — это предупреждение как раз об этом», — подчеркнул замглавы МИД Китая.

Киев — прямая трансляция 👈
Прислать новость",0,ukraine_russian,0,0,0,0,0,0,0,3,,
828571,"10 березня бомбардувальна та штурмова авіація Повітряних Сил, при вогневій підтримці вертольотів армійської авіації Сухопутних військ Збройних Сил України, завдала нищівного удару по двох великих колонах техніки російських фашистських окупантів

За попередньої інформацією – це цілий полк десантних військ рф із повним комплектом техніки: танки, БМП, «Гради» та ін.

Також 10 уражень повітряних цілей окупантів.

Командування Повітряних Сил ЗСУ",0,ukraine_ukrainian,0,0,1,1,0,0,0.5,3,,
334384,"В Кремле обратили внимание на заявление о готовности Владимира Зеленского к переговорам о нейтральном статусе Украины, сказал Дмитрий Песков. «Считаем это движением в сторону позитива», — отметил пресс-секретарь президента России.",0,russia,0,0,0,0,0,0,0,3,,
1235,"Минобороны России сообщило, что 9 марта в Херсонской области разведчики нашли три беспилотника с 30-литровыми емкостями и оборудованием для распыления рецептур.

По данным ведомства, в январе Украиной через посреднические организации было закуплено более 50 подобных устройств, которые могут быть использованы для применения биологических рецептур и токсичных химикатов.",0,russia,0,0,1,0,0,0,0.5,2,,
469496,"⚡️Голова МЗС Дмитро Кулеба: Важко повірити, що ООН могла б запровадити таку саму цензуру, як Кремль зараз в Росії, заборонивши використання слів ""війна"" та ""вторгнення"" серед співробітників ООН. 

Раніше низка західних ЗМІ повідомили, що ООН заборонила своїм співробітникам використовувати ці слова для опису дій Росії в Україні. Замість цього рекомендується називати війну ""конфліктом"" або ""військовим наступом"". За даними журналістів, також співробітникам заборонили використовувати український прапор у особистих або офіційних облікових записах у соцмережах або на веб-сайтах. Така політика спрямована на уникнення ""репутаційного ризику""

Кулеба закликав ООН швидко спростувати такі повідомлення, якщо вони неправдиві: ""На кону репутація ООН"".",0,ukraine_ukrainian,0,0,0,0,0,0,0,3,,
713026,"📌Утром (видео) по трассе М-10 из Калинкович в сторону Гомеля растянулась огромная колонна техники ВС РФ, в которой было замечено от 80 до 100 единиц перемещавшихся в данном направлении. 

Среди техники замечены: КАМАЗы, КРАЗы, Уралы, Уралы ""Торнадо-У"", УАЗы ""Патриот"", командные пункты, буханки, микроавтобусы и многофункциональный комплекс радиоразведки и радиоэлектронной борьбы РБ-531БЕ (на шасси БТР-80). Похожий комплекс был замечен ранее, в направлении из Беларуси в сторону Украины

📌Кроме того, по трассе Р-33 (фото) ехала колонна техники ВС РФ со стороны Хойник в сторону Гомеля. Не менее 70 единиц было замечено в данном направлении, среди них замечены:  БМД-2, БТР-Д, САУ 2с3 ""Акация"".

📌Приходят также сообщения, что до сих пор часть техники перемещается из Комарина в сторону Хойник. 

Вся техника была с характерным обозначением ""V"". Заметим, что большая часть техники в плохом состоянии, часть машин на буксире, многие были с пулевыми отверстиями, заколочены досками, у некоторых нерабочие фары. 

@Hajun_BY",0,ukraine_russian,0,0,0,0,0,0,0,3,,
191250,"Радио Свобода (иноагент) утверждает, что в Украине погибли больше 3000 российских военных.",0,russia,0,0,0,0,0,0,0,3,,
479270,"Ситуація щодо російського вторгнення – брифінг радника керівника Офісу Президента Олексія Арестовича (14.03.2022 – день).
#stoprussia",0,ukraine_ukrainian,0,0,0,0,0,0,0,3,,
488344,"⚡️ЗСУ звільнили Рогань від російських загарбників, - голова Харківської ОДА Олег Синєгубов.",0,ukraine_ukrainian,0,0,0,0,0,0,0,3,,
113741,"❗️ «НАТО стремится оккупировать Украину, идет информационная подготовка к продвижению блока на украинскую территорию» — Володин",0,russia,0,0,0,0,0,0,0,3,,
41931,"В Латвии отправили под арест активиста Айвиса Василевскиса, оправдывавшего действия РФ на Украине, сообщает портал Delfi.",0,russia,0,0,0,0,0,0,0,3,,
669791,"США предложили Турции передать С-400 Украине, пишет Reuters.

Ранее Турция купила С-400 у России.",0,ukraine_russian,0,0,0,0,0,0,0,3,,
431652,"Российские оккупанты уже потеряли треть своего состава

По словам главы Центра оборонных стратегий Загороднюка, численность российского войска при вторжении 24 февраля насчитывала 145 тыс. человек наземной армии: 110 тысяч солдат сухопутных войск и 35 тысяч полицейских сил (ОМОН, СОБР, Росгвардия). 

За 11 дней Украина так или иначе обезвредила до 46 тысяч российских вояк: это убитые, раненые и захваченные в плен. 

Реальная Война",0,ukraine_russian,0,1,0,0,0,1,0.5,3,,
40397,"Украина будет продолжать транзит российского природного газа, пока это будет технически возможно, но предлагает временно заморозить средства от его продажи на эскроу-счетах, сказал глава правления ""Нафтогаза Украины"" Юрий Витренко в эфире Bloomberg.",0,russia,0,0,0,0,0,0,0,3,,
164877,⚡️Путин — Эрдогану: приостановка спецоперации по защите Донбасса возможна только в случае прекращения Киевом боев и выполнения требований России,0,russia,0,0,0,0,0,0,0,3,,
592389,"🔹Переговоры Киева с Москвой могут состояться в субботу

Подписаться / Прислать новость",0,ukraine_russian,0,0,0,0,0,0,0,3,,
367905,"Уже писал про это, но повторю. Единственная причина, по которой Greenpeace не признана иноагентом состоит в том, что ""честные экологи со светлыми лицами"" крайне удобны отдельным людям. 

В корпоративных войнах Greenpeace это крайне важный инструмент. Направить экологов на конкурирующую энергетическую/добывающую/перерабатывающую компанию это милое дело. И вроде как сам не при делах. И вот это же народ, сам выступает, и вот вам экологи, совсем независимые же, ага.

Всем всё понятно про эту шарашкину контору. Но бизнес же, блин. Конкурентов кто будет гонять да кошмарить если хвост прижать Greenpeace? 

А экологический Майдан это ещё проще. На примере свалок объясняю. Любая (не фигура речи, реально любая) свалка воняет. С неё течёт фильтрат. Вывести людей, чтобы блокировать работу свалки это раз плюнуть. Дальше приезжает полиция. Дальше провокация и понеслась.

Помните свалку рядом с Волоколамском? Когда синхронно в западных СМИ выходили статьи под заголовками про смертельную свалку и народное восстание в сорока километрах от Кремля? Вот, кстати, ровно поэтому Greenpeace так активно выступает против ликвидации свалок и строительства комплексов переработки и заводов по сжиганию мусора. Свалка и мусор это всегда триггер протеста. На Питер посмотрите. 

Так вот в других вопросах - ГОКи, заводы, АЭС, нефтедобыча - будет действовать такая же схема. Нас травят/убивают/хотят уничтожить.  Всё на борьбу с ГОКом! А через неделю уже все забудут с чего всё начиналось. 

Но ещё раз. Пока есть выгодоприобретатели от существования Greenpeace в России, она так и будет заниматься подготовкой экомайдана. 

А то, что эти ребята работают только по команде ""фас"" ну это же очевидно. Что-то кто-то слышал когда-нибудь про ужасные мусоросжигательные заводы Швейцарии? Ась? Или кто-то помнит, чтобы борцы за природу вмешались в войну за колтан в Конго? Тоже нет?
А Бангладеш и вредные производства там? Ну конечно нет. Собака умная. Хозяина не кусает. ",0,russia,0,0,1,0,0,0,0.5,2,,
201276,"⚡️Минобороны РФ: Подлинная цель поставок оружия западом Киеву — втянуть его в длительный конфликт ""до последнего украинца""",0,russia,0,0,0,0,0,0.5,0.5,1,,
270779,Компания-производитель мотоциклов Harley-Davidson приостановила свою деятельность в России. В прошлом году на долю Европы и Ближнего Востока приходился 31% продаж компании. Ограничение в деятельности в России произошло на фоне проводимой на Украине специальной операции российских военных и последовавшего за этим введения санкций в отношении России.,0,russia,0,0,0,0,0,0,0,3,,
183259,"Один из активных участников зверской расправы над российскими военнослужащими представитель Грузинского легиона, воюющего на Украине более восьми лет.

@opersvodki",0,russia,0.5,0,0,0.5,0,0,0.5,2,0.5,georgians
314171,"Еще заявления пресс-секретаря президента Дмитрия Пескова белорусскому ТВ:

🔹 Москва рассчитывает, что проявления националистических идей будут запрещены в Украине и русский язык восстановит свои позиции в этой стране

🔹Украина в своем нынешнем состоянии — враждебная нам страна

🔹Демилитаризация Украины идет полным ходом, военная инфраструктура во многом разрушена в ходе спецоперации России

🔹 НАТО — организация, созданная для агрессии

🔹 У Москвы есть данные, что вокруг России создана сеть биолабораторий, которая работает над проектами по новым видам биооружия

🔹 На фоне бандитско-санкционных игр зашатался престиж доллара и евро, все больше стран переходят на расчеты в нацвалютах, и этот процесс не остановить

🔹 Переговоры между Россией и Украиной идут непросто, но главное, чтобы они продолжались, главное, чтобы путем переговоров военные действия на Украине прекратились, и неважно, на какой площадке они будут идти

@infomoscow24",1,russia,0,0,1,1,0,0,0.5,2,0.5,western countries
125986,"«Twitter приобрёл известность как соцсеть, где люди могут свободно обмениваться мнениями... К сожалению, он перестал ею быть, и расплачивается за это американская демократия».

Пообщались с американским военным аналитиком Скоттом Риттером, который в соцсети обвинил Нацполицию Украины в трагедии в Буче и был заблокирован:

«Я дал такую оценку на основании анализа совокупности известных фактов. Кроме того, я высказал критику в адрес Джо Байдена, потому что он обвинил Россию в совершении военных преступлений и так далее.

Я заявил, что Байден содействует лжи и что это делает его военным преступником. Короче говоря, меня обвинили в оскорблении. Видимо, это значит, что я оскорбил Национальную полицию Украины и президента Байдена».

@rt_russian",0,russia,0,0,1,1,0,0,0.5,2,,
507008,"«Укрзалізниця» уничтожила все железнодорожные переходы с Россией.

Российский поезд, иди нахуй!",0,ukraine_russian,0,1,0,0,0,0,0.5,3,,
168568,"🇷🇺Кадры очевидцев из Белгорода, по нефтебазе нанесли удар вертолеты ВСУ",0,russia,0,0,0,0,0,0,0,3,,
786180,"Николаев , держись дорогой . 
Знай , тебя бьют бывшие наши , те что переобулись в Крыму . 
Осталось совсем не много ….Путин и Лукашенко заканчивают свою историю",1,ukraine_russian,0,0.5,0,0,0,0,0,3,,
518636,"Уверены, что для ОП идеальное время, чтобы запретить вообще все оппозиционные партии, одних за работу с Россией, а других за критику не вступления в НАТО! Отдельным решением СНБО освободить всех чиновников и функционеров от ответственности за провал к возможной агрессии России, на что было 4 месяца и вообще идеальная диктатура.",0,ukraine_russian,0,0,0,0,0,0,0,3,,
26100,"Минобороны показало кадры уничтожение склада с боеприпасами ВСУ штурмовой авиацией ВКС России

Удар наносился парой штурмовиков Су-25 ракетным вооружением. После успешной операции самолеты вернулись на аэродром базирования.",0,russia,0,0,0,0,0,0,0,3,,
329278,"Путин – о Зеленском и Минских соглашениях: Президенту действующему, недавно он заявил, ни один пункт не нравится из Минских соглашений. Нравится – не нравится, терпи, моя красавица! Надо исполнять! По-другому не получится!",0,russia,0,0.5,0,0,0,0,0.5,2,,
6192,"Администрация Зеленского не запрашивала телефонный разговор с Путиным, сообщил РИА Новости Песков",0,russia,0,0,0,0,0,0,0,3,,
459562,"В Ужгороде наконец-то снесли памятник, посвящённый 300-летию воссоединение Украины с россией.",0,ukraine_russian,0,0,0,0,0,0,0,3,,
217510,"🤡Постпред РФ при ЕС Чижов: России не нужна территория Украины, но территория ДНР и ЛНР будет расширена до размера целых областей

По его словам, Россия после операции (так российские власти называют войну) выведет войска с Украины, Зеленского в какой-то момент ждет трибунал",0,russia,0,0,0,0,0,0,0,3,,
709893,"Шикарный анализ того, как теперь будет выглядеть РФ после нападения на Украину. ))",0,ukraine_russian,0,0,0,0,0,0,0,3,,
655463,"⚡️Канада поставит Украине противотанковое оружие и запретит импорт российской нефти, - премьер-министр Джастин Трюдо",0,ukraine_russian,0,0,0,0,0,0,0,3,,
259583,"Макрон провел телефонный разговор с Путиным, сообщил Елисейский дворец. 

Французский президент призвал защитить мирное население Украины, а также призвал к немедленному прекращению боевых действий",0,russia,0,0,0,0,0,0,0,3,,
77302,"«Бий москаля, складайте трупы». Вокальные способности украинских болельщиков не помогли команде в полуфинале чемпионата Европы по футзалу. Россия обыграла Украину 3:2.

@sashakots",0,russia,0,0,1,1,0,0,0.5,3,,
503372,"Пишуть: «Все, на що спроможні орки-раШисти, так це на брехню, заради власних амбіцій 😡 Ці нелюди виставляють давно загинувши наших дітей, як свіжі «трофеї» сьогодення!!! Вони приписують їм чужі імена, чужі міста!!!

Це скріншот з «однокласників», який мені прислали. На ньому мій син, «Подгон» Женічка, який всі свої 20 років прожив в нашому рідному місті Вільногірськ, загинув 20 травня 2018 році. «Бенч» Рома з міста Дніпро, який загинув під час Широкінської операції 14 лютого 2015 року.

Це все, що треба знати про «руЦький мир» і «АсвАбадітелей»
#твій_полк»",2,ukraine_ukrainian,1,1,1,1,1,1,1,3,,
316158,"В СК РФ создан штаб по документированию преступлений украинского режима против мирного населения Донбасса.

Также Бастрыкин требует принять исчерпывающие меры по выявлению граждан, призывающих к беспорядкам во время спецоперации на Украине.

@infomoscow24",0,russia,0,0,0.5,0,0,0.5,0.5,2,,
42834,⚡️В Минобороны РФ был вызван военный атташе Хорватии в связи с появлением наемников из этой страны на Украине,0,russia,0,0,0,0,0,0,0,3,,
477933,"Кадры 18+

Видео, как харьковские коммунальщики, со второй попытки и под звуки взрывов, добрались до квартиры 96-летнего узника концлагерей Бориса Романченко. 

Он погиб в пожаре, который произошел в результате российского обстрела девятиэтажки на Северной Салтовке.",0,ukraine_russian,0,0,0,0,0,0,0,3,,
472744,"⚡️Пентагон каже: 90% російських військ уже в Україні. США бачать у цьому ознаки військової слабкості Росії. 

❗️Додаткові війська до кордону поки не стягуються.",0,ukraine_ukrainian,0,0,0,0,0,0,0,3,,
404584,"Главное из обращения Владимира Зеленского:

▪️в Киев приехали президенты четырех стран-друзей, которые способствуют усилению санкций против россии;

▪️нам нужно усиление санкций, прежде всего — эмбарго на импорт российских нефти и газа;

▪️санкционную политику Запада рассмотрела группа под руководством Майкла Макфолла и Андрея Ермака; они дали рекомендации, как закрыть лазейки в санкционном режиме;

▪️состоялся разговор с президентом США, договорились о новом пакете военной помощи на 800 млн долларов;

▪️обратился к парламенту и народу Эстонии, предложил участвовать в восстановлении Украины после войны;

▪️главный прокурор Международного уголовного суда побывал в Буче. Ответственность российских военных за преступления будет неминуемой;

▪️русские войска усиливают активность на восточном и южном направлении, усиливают активность ракетных ударов;

▪️в российскую армию пытаются мобилизовать украинцев из временно оккупированных южных регионов.",1,ukraine_russian,0,0,0,0,0,0,0,3,,
451731,"Ситуація щодо російського вторгнення – брифінг радника керівника Офісу Президента Олексія Арестовича (16.03.2022 – ранок).
#stoprussia",0,ukraine_ukrainian,0,0,0,0,0,0,0,3,,
116743,"Минобороны РФ — о причастности инвестфонда Хантера Байдена к финансированию биолабораторий на Украине: 
 
— Прослеживается тесная связь фонда с основными подрядчиками американского военного ведомства, включая компанию Metabiota, которая наряду с Black and Veach является основным поставщиком оборудования для биолабораторий Пентагона по всему миру. 
 
— Непосредственное участие в реализации программы кроме Пентагона принимают Агентство США по международному развитию, фонд Сороса и Центр по контролю и профилактике заболеваний, а научное кураторство ведёт, среди прочих, Национальная лаборатория в Лос-Аламосе, которая разрабатывает ядерное оружие в рамках ""Манхэтеннского проекта"".",0,russia,0,0,1,0,0,0,0.5,2,,
260827,"Путин закончил переговоры с канцлером Германии Шольцем

Что заявил дед:

▪Силовое сдерживание России — прямая угроза национальной безопасности страны. Мы не можем закрывать глаза на то, как вольно США и НАТО трактуют принципы неделимости безопасности;
▪Россия не может закрывать глаза на то, как США и НАТО «достаточно вольно и в свою пользу» трактуют принцип неделимой безопасности;
▪Говоря об угрозе войны в Европе, напомнил, что одна уже была развязана НАТО — против Белграда;
▪Россия не хочет войны, поэтому и выдвинула свои предложения по безопасности;
▪Происходящее в настоящее время в Донбассе — это геноцид;
▪Об обращении Госдумы по признанию ДНР и ЛНР: Депутаты тонко чувствуют избирателей, которые сочувствуют жителям Донбасса.
«Мы должны сделать всё для решения проблем Донбасса, но прежде всего исходя из не до конца реализованных возможностей по исполнению Минских соглашений;
▪Россия будет действовать по плану. А из чего он будет складываться? Из реальной обстановки на местах. Кто может ответить, как она будет складываться? Пока никто, это зависит не только от нас. Но мы будем стремиться договариваться по вопросам, которые нами были поставлены, дипломатическим путем;
▪Для России отсрочка вступления Украины в НАТО ничего не меняет, мы хотим этот вопрос решить сейчас.

Что заявил Шольц:

▪Отвод части войск РФ — хороший знак, надеемся на продолжение этой тенденции;
▪Срочно необходима деэскалация вокруг Украины, война не должна начаться;
▪Дипломатические возможности урегулирования вокруг Украины пока не исчерпаны;
▪Диалог с Россией будет продолжаться при условии действующих принципов и неприкосновенности границ государств;
▪Зеленский твердо пообещал, что в рамках контактной группы скоро будут обсуждаться все законопроекты об особом статусе и выборах в Донбассе и изменения конституции
▪Признание ЛНР и ДНР означало было политическую катастрофу и стало бы нарушением минских соглашений;
▪Вопрос членства Украины в НАТО не стоит на повестке дня",2,russia,0,0,0,1,0,0,0.5,2,,
723255,"Звернення Владислава Атрошенка до місцевих депутатів

""Я звертаюсь не тільки до жителів міста Чернігова, а і до всіх жителів Чернігівської області. Чинимо опір всі разом! Звертаюсь до депутатів всіх рівнів: хто поховався в нори - вилазьте з нор, будьте зі своїми виборцями, питайте про їх проблеми і намагайтеся їх вирішити. Будьте з людьми. Ворог ще лишається доба-дві. Я переконаний, що моральна перевага на нашому боці. Перемагають не силою, перемагає завжди дух. З нами Бог, з нами правда. Росіяни знаходяться в Україні, але не знайдуть виходу назад. Полонених ми не берем. Слава Україні!""
Слухати звернення тут",2,ukraine_ukrainian,0,1,1,0,1,0,0.5,3,,
666645,"Россия может попытаться второй раз штурмовать Киев. Нельзя также исключать наступления на Одессу, как еще одну цель, заявил советник министра внутренних дел Украины Вадим Денисенко в эфире национального телемарафона.

""Если говорить о столице и о Киевском направлении, и о группировке российских войск в Беларуси — к сожалению, исключать нельзя, что Киев будет следующим этапом их атак. 
Однако главная задача врага — это наступление на Донбассе, в Луганской и Донецкой областях. На территории первой россияне стремятся захватить Попасную и Рубежное, а во второй приоритетной целью остается Мариуполь. Его стремятся оккупировать, чтобы продолжить наступление по направлению Славянск — Краматорск», - сказал Денисенко.",0,ukraine_russian,0,0,1,0,1,0,0.5,3,,
441522,В Украине создали мультик для детей о взаимоотношениях с РФ.,0,ukraine_russian,0,0,0,0,0,0,0,3,,
547907,"Переговори України та Росії закінчилися. Чекаємо на подробиці

Upd: повідомляють ще про 3 раунд перемовин. Чекаємо.",0,ukraine_ukrainian,0,0,0,0,0,0,0,3,,
278192,"Комментируя опубликованную в СМИ видеозапись расправы украинских солдат над российскими пленными, министр иностранных дел Украины Кулеба признал, что украинские военные могут нарушать правила ведения войны.",0,russia,0,0,0,1,0,0,0.5,2,,
456214,"Різні експерти казали, що Україна не протримається більше тижня, якщо Росія вторгнеться. Нам не тільки вдалося зупинити російську армію – ми їх відкинули! Але наша війна ще далеко не закінчена. Це був лише перший раунд.

Путін і його армія змінюють свою стратегію. Вони посилюють свої війська, щоб іще сильніше натиснути на Харків і весь Донбас, включно з Маріуполем.

Росія не планує зупинятися на Україні. Пропагандистська машина Путіна відкрито заявляє, що Європа є «наступною логічною метою» після України. Тож або Захід допоможе Україні зупинити Путіна зараз, або Путін продовжить розширювати свою Російську імперію, вбиваючи при цьому тисячі жінок і дітей. Він уже зробив це в Маріуполі, Харкові, Бучі та інших містах України.
Щоб продовжувати героїчно захищати світ від російської агресії, Україні потрібен конкретний перелік зброї. Звертаюся до громадян усього світу з проханням допомогти донести до ваших урядів, адміністрацій президентів, керівників ваших країн реальні потреби України, які допоможуть зупинити війну.

Нам терміново потрібна важка артилерія, важка бронетехніка, системи протиповітряної оборони та літаки:
- артилерійські установки (калібр 155 мм) і боєприпаси;
- артилерійські снаряди (калібр 152 мм). Якомога більше;
- реактивні системи залпового вогню: «Град», «Ураган» або американський M142 HIMARS;
- БТР (бронетранспортери, бойові машини піхоти тощо);
- танки (Т-72, американські або німецькі аналоги);
- системи ППО (С-300, «Бук» або подібні сучасні західні системи протиповітряної оборони);
- бойова авіація.

Ми просимо весь світ об’єднатися й допомогти нам у боротьбі з цією жорстокою агресією.
(#ArmUkraineNow) Дайте Україні зброю зараз, щоб разом перемогти це зло.",2,ukraine_ukrainian,0,0,1,0.5,0,0,0.5,3,,
724862,"📣 Зеленський закликав Байдена визнати росію державою-спонсором тероризму — про це повідомляє Washington Post з посиланням на неназваного високопосадовця, який був присутній під час телефонної розмови президентів",0,ukraine_ukrainian,0,0,0,0,0,0,0,3,,
742465,"https://www.youtube.com/watch?v=HWdEg8W-YLY

❤️До речі, про ""Байрактар""!

Автор хіта про ""Байрактар"" Тарас Боровок та популярна французька співачка Елізабет Шеттнер заспівали дуетом на підтримку України. 

Два народи - український і французький - поєднались у творчій боротьбі України з російськими окупантами.",0,ukraine_ukrainian,0,0,0,0,0,0,0,3,,
177450,"Смотришь, как российскую армию ""встречают"", и испытываешь точно не позитивные эмоции. Украинские СМИ так это тиражируют, так преподносят, что становится понятно: поголовно всё население выступает против оккупантов. 

Еду сегодня по освобождённой земле, вижу разных людей, и думаю: а как они нас воспринимают? Внешне дружелюбны, - а что внутри? И копаю в себе эту тему, копаю... И в конце концов возмущаюсь: да нихрена! Что это мы ведемся на картинку? Разве в нынешней ситуации со всеми её компонентами можно себе представить, чтобы на улицы в Украине вышли с российскими флагами и хлебом-солью? Нет, конечно! Российская армия движется по своим направлениям, и не задерживается сильно на территориях, - что через час после убытия последнего солдата будет с нашими людьми в незащищённой от националистов среде в условиях военного времени? Очевидно, что... 

Не верьте картинке! И когда советская армия освобождала свою землю, при наступлении она стреляла по фашистам, понимая, что достанется и своему населению. Никого не радует ситуация, никого не радуют разрушения и смерть, но к этому Россию подтолкнули как раз те, кто сейчас больше всего кричит о мире. А свои ещё выйдут с цветами, ещё встретят наших, как освободителей - дайте время.",2,russia,0,0,1,0.5,0,0.5,0.5,3,,
635979,"🕘 24 марта

1155 год — Юрий Долгорукий захватил Киев и вступил на его престол.

1706 год — Правительственные войска фельдмаршала подавили Астраханский бунт стрельцов.

1753 год — В Российской империи отменена смертная казнь.

1794 год — На территории Речи Посполитой началось восстание Костюшко.

1801 год — В Михайловском замке вследствие заговора убит российский император Павел I.

1896 год — Физик А. С. Попов осуществил в Русском физико-химическом обществе первую передачу радиосигнала.

1972 год — Состоялась премьера фильма ""Крестный отец"", одного из общепризнанных шедевров мирового кинематографа.",0,ukraine_russian,0,0,0,0,0,0,0,3,,
447853,"❤️ Найкращий подарунок на день народження - вирватись з-під обстрілів. Це про семирічного Макара, який записав ролик у зруйнованому росіянами Маріуполі і здобув підтримку сотень тисяч користувачів. Зараз Макар з мамою і сестричкою нарешті в безпеці, в Запоріжжі 👉 https://bit.ly/3k8amNQ",0,ukraine_ukrainian,0,0,0,0,0,0,0,3,,
324893,Минобороны РФ официально: Бердянск и Энергодар (Запорожская область Новороссии) под нашим контролем.,1,russia,0,0,0,0,0,0,0,3,,
404849,"А вот и само видео с заявлением усатого Таракана.

Говорит, убийства мирных людей в Буче — это спецоперация Британии. Разве не Россия проводит «спецоперацию?

ТРУХА⚡️Украина | Прислать новость",0,ukraine_russian,0,0,0,0.5,0,0,0,2,1,Alexandr Lukashenko
815195,"⚡️ Володимир Зеленський:

▪️Урядовці опрацювали рішення для повного перезавантаження митниці. Вантажі для нашої оборони будуть завозитись настільки легко, наскільки це дозволяють закони фізики. Прибираємо абсолютно всю бюрократію, всі папірці, а також ПДВ, мито, всі платежі. 

▪️Доручив Уряду зробити комплексну програму підтримки людей, які через війну вимушені були залишити свої домівки. Перший компонент - фінансовий, тобто державну підтримку для таких людей, а також державну підтримку пошуку робочих місць у тих містах, де вони зараз перебувають. Другий компонент - житловий, надання житла для всіх вимушених переселенців саме зараз. Третій - підтримка родин, які розмістили у себе людей з території бойових дій або тимчасової окупації. Як мінімум, відшкодування виплат за комунальні послуги. 

▪️ Окупанти продовжують блокувати постачання гуманітарних вантажів. Це свідома тактика - зробити все, щоб в Україні гуманітарна катастрофа стала одним із важелів, що схилить нас до співпраці з ворогом. Вони відповідатимуть за це. 

▪️ З-під завалів Драмтеатру в Мріуполі продовжують рятувати людей. Є важкопоранені, але загиблих наразі немає. 

▪️ Наші військові зупинили ворога майже на всіх напрямках. Важкі бої в Харківській області, під Ізюмом. Російські війська кинули туди вже людей з навчальних центрів, не підготованих, якп не витримують і півгодини в бою. 

▪️ Тактика російських військових «на виснаження», коли вони обстрілюють мирне населення, лише погіршує ситуацію для росії, призводить до нових санкцій, спонукає нових учасників приєднуватись до нашої антивоєнної коаліції, спонукає об’єднувати для тиску на росію навіть такі держави, які були нейтральними завжди. 

▪️ Наполягаємо на переговорах. Настав час зустрічатись, час говорити, відновлювати територіальну цілісність та справедливість для України, інакше росії не вистачить і кількох поколінь, щоб відновитись. 

▪️Сьогодні на мітинг в росії  було залучено близько 200 тисяч людей. Таку ж кількість російських військових задіяли для вторгнення в Україну. Просто уявіть собі, що на тому стадіоні в москві 14 тисяч трупів і десятки тисяч поранених і скалічних людей. Така ціна війни.",2,ukraine_ukrainian,0,0,1,1,1,0,0.5,3,,
166322,"Украина запросила экстренное заседание Совбеза ООН из-за обращения ЛДНР к России с просьбой о военной помощи — глава МИД Украины

Не успеете.",0,russia,0,0.5,0,0,0,0,0,3,,
457443,"​Госдума РФ може визнати «ЛДНР» у межах територій Луганської та Донецької областей, а не за тією лінією фронту, що зараз існує. 
Вони прямо кажуть про те, що РФ планує захопити повністю ці регіони. 

Та це тільки початок. Російським окупантам потрібні не частини України, а уся наша країна. Нас як нації, на думку росіян, не повинно існувати. Як і нашої держави.",2,ukraine_ukrainian,0,0,1,0,0,0,0.5,2,,
247290,"Президент Украины Владимир Зеленский объявил о призыве в армию резервистов

ДАННОЕ СООБЩЕНИЕ (МАТЕРИАЛ) СОЗДАНО И (ИЛИ) РАСПРОСТРАНЕНО ИНОСТРАННЫМ СРЕДСТВОМ МАССОВОЙ ИНФОРМАЦИИ, ВЫПОЛНЯЮЩИМ ФУНКЦИИ ИНОСТРАННОГО АГЕНТА, И (ИЛИ) РОССИЙСКИМ ЮРИДИЧЕСКИМ ЛИЦОМ, ВЫПОЛНЯЮЩИМ ФУНКЦИИ ИНОСТРАННОГО АГЕНТА

По словам Зеленского, речь идет об украинцах, зачисленных в оперативный резерв — в общей мобилизации необходимости нет",0,russia,0,0,0,0,0,0,0,3,,
125632,"Рамзан @RKadyrov_95 Кадыров опубликовал видео допроса пленного украинского солдата. Военный признаётся, что боевой дух солдат ВСУ «ниже среднего».

@rt_russian",0,russia,0,0,0,0,0,0,0,3,,
72558,"В одной из деревень Харьковской области проходит пророссийский митинг.

Люди в ужасе от того, что война пришла к ним в дом. Они собрались на митинг, чтобы услышать, как можно наладить мирную жизнь.

Со стороны России им пытаются доставлять гуманитарную помощь и обеспечить электричество (ранее Украина отключила жителям области электроэнергию, они остались без света и воды)",0,russia,0,0,1,1,0,0,0.5,2,,
430434,"Потери РФ на войне с Украиной. И это только начало ❗️

Реальная Война",0,ukraine_russian,0,0,0,0,0,0,0,3,,
675284,Снаряд попал в дом на хуторе в Ростовской области вблизи границы с Украиной - сообщают российские СМИ.,0,ukraine_russian,0,0,0,0,0,0,0,3,,
1563,"Российские силовики задержали в Николаевской области банду мародеров, которая грабила магазины, передвигаясь на семи легковых и грузовых автомобилях, сообщили РИА Новости представители российских силовых структур.

Кроме того, по их словам, у мародеров изъято оружие - пистолет-пулемет MP-5 украинского производства.",0,russia,0,0,0.5,0,0,0,0.5,2,,
436250,"Вооруженные Силы Украины отрабатывают стрельбы из ПТРК NLAW

В рамках учений были установлены мишени из боевой машины пехоты, САУ и МТ-ЛБ на расстоянии от 300 до 600 метров. Огонь вели, в частности, из дома через окно, из окопа и боевой машины. Все цели были поражены.

Напомним, что ранее эти ПТРК передала Украине Британия. Эти гранатометы считаются лучшими для ведения боя в условиях города, и у России нет их аналогов.

Реальная Война",0,ukraine_russian,0,0,0,0,0,0,0,3,,
204119,"❗️Наступательная операция ВСУ с поддержкой НАТО на Крым и Донбасс должна была начаться 8 марта — заявил на экстренной пресс-конференции 6 марта Глава ДНР Денис Пушилин.

«Все эти факты доказывают своевременность начала специальной военной операции России по защите народа Донбасса», — подчеркнул Пушилин.",0,russia,0,0,1,1,0,0,0.5,2,,
679204,"ВСУ могут отбить Херсон, который в настоящее время находится под контролем РФ

Такое мнение в интервью Дмитрию Гордону высказал глава Николаевской ОВА Виталий Ким.

По его словам, Херсон не сдается, там проукраински настроенное население, а над городом — наш государственный флаг.

- Я общаюсь там, люди, когда бахкает у них ближе, они радуются - о, наши идут. Тут у нас у все паника: а, летит, летит! А херсонцы радуются. Это значит, что ВСУ подходят ближе к Херсону, - сказал Ким.

отправляйте инфу по обстановке в регионе 👉 @niko9_bot
👉ПОДПИСАТЬСЯ",2,ukraine_russian,0,0,0,0,0,0,0,3,,
407024,"Антон Геращенко заявил, что 2 колонны захватчиков, ранее нависавших над Броварами и базировавшиеся в районне Новой и Старой Басани, начали своё движение в сторону границы с РФ. 

Ранее эта группировка была многократно потрепана ударами нашей авиации и артиллерии.

Одна идёт через Ичню, другая через Лосиновку. В одной 300 единиц техники. В другой 150. 

Вероятно выводят технику для того, чтобы усилить свою группировку на Донбассе.",1,ukraine_russian,0,0.5,0,0,0,0,1,2,,
783218,"Звонил знакомый, выехать с левого реально! 

Азовсталь очень сильно поврежден, проходных центральных нет вообще. 

На левом рф особо нет, они заходят группами, но наши выбивают.

Возле 1 гимназии постоянно бомбят и идут бои.",1,ukraine_russian,0,0.5,0,0,0,0,0.5,2,,
683724,"Путін розраховував захопити Україну за три дні

Саме такий запас провізії він роздав своїм солдатам, коли відправив воювати на нашу землю. 

За наказом вищого керівництва РФ у загарбників забрали телефони та документи, видали їжі та води на три дні і відправили воювати з Україною. 

Про це йдеться у черговому відео СБУ з допитом ворожого окупанта. 

Отже, кремлівський план бліцкригу уже провалився. 

Ми на своїй землі і будемо боронити її до останнього!

Разом переможемо!

#ЗупинимоОкупантів
#stoprussia
#СТОЇМО",2,ukraine_ukrainian,0,0,1,0,0,0,0.5,3,,
533845,"Кривой Рог готовится встречать русско-фашистов!

Вот это организация!

Днепр ОПЕРАТИВНЫЙ🚨

ПОДПИСАТЬСЯ | Прислать новость | Инстаграм |

#днепроперативный",0,ukraine_russian,0,0,1,1,0,0,1,2,,
727106,"Президент США Джозеф Байден порівняв путіна з ""м'ясником"", коли його запитали стосовно злочинів, що президент рф вчиняє проти українців",0,ukraine_ukrainian,0,0.5,0.5,0.5,0,0,0.5,3,,
457438,"Із 44 депутатів ОПЗЖ в Раді не було 37. Майже усі вони втекли з України. 
Кремлівські гниди, вони такі. Спочатку кличуть російські війська, а потім тікають, мов щури.",0,ukraine_ukrainian,0.5,0.5,0.5,0.5,0.5,0.5,0.5,1,1,pro-russian ukrainians
568648,"⚡️Харьков: российская армия атакует жилые кварталы. Снаряд попал в девятиэтажку. Погибла женщина, – ГСЧС.

🇺🇦 Киев Новости | The Kyiv 👈 Приєднуйся",0,ukraine_russian,0,0,0,0,0,0,0,3,,
703853,"⚡️Великобританія запровадила санкції проти російських банків, Тимченка та Ротенбергів.

 Це банк ""Росія"", Промзв'язокбанк, Індустріальний ощадний банк, Чорноморський банк розвитку та реконструкції (The Black Sea Bank) та Генбанк.

 Усі активи цих людей та банків у Британії будуть заморожені, Ротенбергам та Тимченку буде закрито в'їзд до Великобританії, крім того, всім британським компаніям та підданим буде заборонено будь-яку співпрацю з ними, попередив прем'єр.

Новини України",0,ukraine_ukrainian,0,0,0,0,0,0,0,3,,
583897,"На Черниговщине нашли российскую карту с системой координат времён Второй мировой войны

Сообщается, что изданную в 1993 г и напечатанную  в 2007-м карту оккупанты оставили в Тростянце Сумской области. Система координат была разработана в 1942 г, а состояние местности, указанное на карте, датируется 1990 годом.

Всё, что нужно знать о ""передовой"" армии РФ.

Инсайдер UA  | Подписаться",0,ukraine_russian,0,1,0,0,0,0,0,2,,
645551,"❗️Пушилин Д.В.  ""России 24"" ответил на вопрос по поводу обращения жителей Розовского района Запорожской области о временном присоединении к ДНР.

Прислать новость👇

@chpdonetskdnr_bot

Подписаться",0,ukraine_russian,0,0,0,0,0,0,0,3,,
428582,"Американская разведка уже наблюдает отвод части российских войск от Киева

Как сообщает CNN со ссылкой на высокопоставленные источники в администрации США, российские батальонные тактические группы уже покинули некоторые районы, прилегающие к украинской столице. В разведке это охарактеризовали как «серьезный стратегический сдвиг».

Собеседники телеканала считают, что Россия может прикрыть отступление воздушными и артиллерийскими бомбардировками Киева. В то же время официальные американские лица предупреждают, что российские войска всегда могут снова развернуться, если позволят боевые условия.

Реальная Война",0,ukraine_russian,0,0,0,0,0,0,0,3,,
540061,"Ворог знову обстріляв Київ – пошкоджені будівлі у Святошинському та Шевченківському районах, – КМДА

▪️Обстрілів зазнав торговий центр, будинки приватного сектору та багатоповерхівки. Пожежі ліквідовано, постраждалих не виявлено. Пошкоджено приміщення торгового центру та два приватних будинки.

▪️Крім того, зранку обстрілу зазнав Шевченківський район. На місці працюють рятувальники та медики. Наразі є загорання кількох приватних будинків та в багатоповерхівці. Четверо людей травмовані. Інформація про постраждалих та характер руйнувань – уточнюється.

Труха⚡️Днепр
Прислать новость 📸",0,ukraine_ukrainian,0,0,1,0,1,0,0.5,3,,
552348,"Российские СМИ сообщают о ""мощном взрыве"" в центре Донецка. 

Взорвался автомобиль на парковке у ""дома правительства"". Агентство оккупантов написало, что взрыв произошел около 18:00 по киевскому времени и ""взрывную волну слышал весь город"".

Начальник ""народной милиции ДНР"" Денис Синенков сказал, что взорвался его автомобиль, сам он не пострадал.

Украина изнутри | Новости",0,ukraine_russian,0,0,0,0,0,0,0,3,,
726913,"Оперативна інформація від Генштабу станом на 12.00:

▫️ Російські війська перегруповуються з метою нарощування наступальних спроможностей для виходу на адміністративні кордони Донецької і Луганської областей.

▫️ На Волинському напрямку відзначається наявність до чотирьох БТГр зі складу збройних сил білорусі, що залучаються до посилення та охорони білорусько-українського кордону.

▫️ На Поліському напрямку противник продовжує нанесення вогневого ураження по підрозділах наших військ у районах н.п. Личанка, Петрушки, Шпитьки та Мощун. 

▫️ У Гомельській області в білорусі фіксується переміщення пускових установок ОТРК ""Искандер-М"" у напрямку Державного кордону з Україною.

▫️ На Сіверському напрямку противник проводить перегрупуваня, продовжує блокувати Чернігів, обстрілює об'єкти цивільної інфраструктури. Ворог відійшов з н.п. Сновськ, знищивши міст через р. Снов.

▫️ Російськими окупантами знищені мости в районах населених пунктів Конотоп, Стара Рудня, Смяч, Малий Дирчин та Великий Дирчин.

▫️ ЗСУ зупинили ворога у напрямку на Бровари, але він продовжував обстріли позицій наших військ у районі с. Лук’янівка.

▫️ В районі міста Ізюм противник здійснює перегрупування, поповнення боєприпасів з метою подальшого поновлення наступу на Слов’янськ. 

▫️ На Донецькому напрямку окупанти основні зусилля зосереджують на взятті під контроль н.п. Попасна, Рубіжне, виходів до районів н.п. Вугледар, Солодке, а також захопленні Маріуполя. Противник здійснив артилерійські та мінометні обстріли н.п. Торецьке, Світлодарськ, Троїцьке, Піски.

▫️ Підрозділи росгвардії на тимчасово зайнятих територіях у Херсонській області продовжують проводити фільтраційні заходи для виявлення військовослужбовців силових структур України, учасників АТО, громадських активістів, а також вилучення зброї та боєприпасів. 

▫️ На Південнобузькому напрямку противник вживає заходів з відновлення боєздатності, поповнення боєприпасів. Проводив штурмові дії у напрямку населеного пункту Благодатне, успіху не мав.

▫️ Окремі кораблі чорноморського флоту рф вийшли у закритий район, ймовірно, з метою завдання ракетних ударів по об’єктах на території України.",2,ukraine_ukrainian,0,0,1,0,1,0,0.5,3,,
790193,⚠️В Чернигове после авиаударов российскими военными по жилым кварталам из-под завалов извлекли тела 22 погибших мирных жителей – ДСНС Украины.,0,ukraine_russian,0,0,0,0,0,0,0,3,,
747064,"❗«Культурна залізна завіса» для рф в дії.

Найбільші музеї світу, музичні та кінофестивалі, провідні театри, книжкові ярмарки та авторитетні аукціони без вагань підтримали Україну у боротьбі з російськими окупантами. 

Розриваються контракти з російськими художниками, режисерами, митцями та музикантами, блокується величезна кількість шедеврів мистецтва, що належать рф, або для показу в рф.

Міністерство культури та інформаційної політики України та український народ вдячні міжнародній культурній спільноті за безпрецедентну підтримку! 

Далі – більше 🙌🏼

Ми закликаємо інші організації приєднатися до міжнародного культурного спротиву. Тільки всі разом єдиним фронтом зможемо припинити культурну присутність країни-агресора на міжнародній арені. 

P.S. Список тих, хто вже підтримав Україну не словами, а дійсно рішучими діями. І він постійно доповнюється.",1,ukraine_ukrainian,0,0,0.5,0,0.5,0,0,2,,
200684,"1) Зеленский: Сегодня утром российские ракеты ударили по мирному Николаеву.

2) Мэр Николаева: ""Мне вот нравится, когда иногда такие некоторые девушки пишут: «Уберите арту из города!». Давайте уберем еще военных из города, и добро пожаловать, россияне, заходите, дорогие"".

3) Из-под завалов на месте удара ракетой вынесли украинского военного.",0,russia,0,0,0.5,0.5,0,0,0,2,,
729413,🙅‍♂️ Українців закликають не розповсюджувати інформацію про нічні вибухи — це може видати позиції ЗСУ і локації систем ППО ворогу,0,ukraine_ukrainian,0,0,1,0,1,0,0.5,3,,
590505,"На ""Украина 24"" показали коронасводку за... 54 февраля🤷‍♂️

Ошибку пока не заметили и сводка до сих пор периодически крутится в эфире.

Когда услышал, что Путин может напасть в марте и решил продлить февраль.

©️Инсайдер UA",0,ukraine_russian,0,0,0,0,0,0,0,3,,
654243,"Байден заявил, что Украина должна сама договариваться с Россией о ""территориальных уступках"". К слову, это буквально намек Зеленскому, что надо договариваться с русскими.

""Это решение (об уступке части территорий) должна принять сама Украина. Мы никаких решений за ее спиной принимать не будем. Это сложное решение, ведутся переговоры, в этом должен участвовать народ Украины, они должны сами принять это решение"".",0,ukraine_russian,0,0,0,0,0,0,0,3,,
721342,"Викрав із розбомбленої школи монітори, мікроскоп та мило: у Чернігові поліція затримала мародера.

Чернігівець, раніше судимий за наркозлочини, після бомбардувань російськими військами проник до пошкодженого приміщення школи та викрав звідти майно.",0,ukraine_ukrainian,0,0,0,0,0,0,0,3,,
604171,"😂Если Путина не остановить в Украине, следующими его жертвами могут стать Литва, Латвия и Эстония – вице-президент Еврокомиссии Валдис Домбровскис

👉🏻 ПОДПИСАТЬСЯ
Прислайте сюда то что сняли в городе -  ➡️ @Kiev_obstanovka_bot ⬅️",0,ukraine_russian,0,0,0,0,0,0,0,3,,
92333,"Володин: если что-то случится с Виктором Медведчуком, отвечать придется Зеленскому

ДАННОЕ СООБЩЕНИЕ (МАТЕРИАЛ) СОЗДАНО И (ИЛИ) РАСПРОСТРАНЕНО ИНОСТРАННЫМ СРЕДСТВОМ МАССОВОЙ ИНФОРМАЦИИ, ВЫПОЛНЯЮЩИМ ФУНКЦИИ ИНОСТРАННОГО АГЕНТА, И (ИЛИ) РОССИЙСКИМ ЮРИДИЧЕСКИМ ЛИЦОМ, ВЫПОЛНЯЮЩИМ ФУНКЦИИ ИНОСТРАННОГО АГЕНТА

Спикер Госдумы Вячеслав Володин назвал задержанного в Украине пророссийского политика Виктора Медведчука «конкурентом номер один» для президента страны Владимира Зеленского.

«Виктор Медведчук известен как инициатор реализации Минских договоренностей в рамках парламентского измерения в нормандском формате. Если бы у него получилось, вряд ли бы сегодня происходили трагические события.

Медведчук выступал за независимую Украину, построение внеблокового государства — главное его отличие от Зеленского, который пляшет под дудку США. Именно по этой причине Медведчука не поддерживают Вашингтон и Брюссель».",0,russia,0,0.5,0,0,0,0.5,0,2,,
694016,"Ну и долбодятел… 🙄

Замминистра обороны РФ пожелал выздоровления российскому оккупанту, потерявшему ногу в ходе войны в Украине. Так и сказал: ""Желаю тебе стать на ноги""… ВИДЕО",0,ukraine_russian,0.5,0.5,0,0,0,0.5,0.5,2,,
45804,"⚡️Ярославская область готова принять беженцев из ДНР и ЛНР, прежде всего семьи с детьми — врио губернатора",0,russia,0,0,0,0,0,0,0,3,,
192616,"⚡️Франция созывает срочное заседание Совета безопасности по ситуации между РФ и Украиной

Елисейский дворец",0,russia,0,0,0,0,0,0,0,3,,
666677,"В Белом доме обеспокоены ходом президентской кампании во Франции. 

В последние две недели резко начала набирать очки Марин Ле Пен, которая уже в третий раз штурмует президентский пост. И является главным конкурентом действующего президента Макрона (мы уже писали об этом здесь).

В США ее считают симпатиком Путина, хотя Ле Пен и раскритиковала его вторжение в Украину.

Как пишет издание Politico, рост популярности ультраправой Ле Пен связан сейчас не с ее пророссийской или антиисламской риторикой - а с критикой дороговизны и падения уровня жизни. 

Миллионы французов едва сводят концы с концами из-за 30%-го роста цены на газ.

Власти Штатов опасаются, что победа Ле Пен станет ударом по НАТО и антироссийским санкциям.  

Первый тур президентских выборов во Франции состоится 24 апреля.",0,ukraine_russian,0,0,0,0,0,0,0,3,,
24773,"Голландские депутаты отказались слушать в парламенте Нидерландов «проповедь Зеленского» про поставки «лiтакiв и другой зброi»

Голландская партия «Форум за демократию» назвала мероприятие неуместным. Они напомнили Зеленскому, что он замешан в «панамском досье», и что армия его страны использует нацистскую символику и издевается над мирными гражданами и пленными российскими военными. Также президента Украины упрекнули в авторитаризме и гонениях на оппозиционные киевскому режиму СМИ.

Последние недели Зеленский не прекращает онлайн-турне по парламентам стран Запада, умоляя закрыть украинское небо и активнее накачивать Украину танками, самолетами и системами ПВО. В активе — конгресс США, парламенты Канады, Японии и ряда стран ЕС, пообещавших помочь оружием. В пассиве — отказ парламента Австрии его вообще слушать, а также десятки итальянских депутатов, покинувших заседание в Риме во время «проповеди» украинского лидера.",0,russia,0,0.5,1,1,0,0.5,1,2,,
266204,"В выходные МИД Великобритании обвинил Россию в попытке привести к власти на Украине пророссийских политиков и установить ""марионеточный режим"" в Киеве.

Но четверо из пяти перечисленных Лондоном политиков, с которыми, по данным Форин-офиса, поддерживают связи российские спецслужбы, сейчас живут в Москве, что делает их связи с Россией скорее публично доступной информацией, чем донесением разведки.

Заявление британского МИДа вызвало вопросы не только в России, но и в Британии, и на Украине.

Русская служба Би-би-си попросила экспертов проанализировать, что может стоять за действиями Форин-офиса.

https://bbc.in/3IA46bJ",0,russia,0,0,0,0,0,0,0,3,,
195119,"❗️Россия является ядерной державой и не должна опасаться НАТО, Украины или других стран

глава британского Минобороны",0,russia,0,0,0,0,0,0,0,3,,
6322,"Депутат Госдумы от ЕР Хамзаев просит Генпрокуратуру проверить публикации журналиста Невзорова на предмет наличия в них экстремистского содержания, направленного против спецоперации на Украине (письмо есть у РИА Новости)",0,russia,0,0,0,0,0,0,0,3,,
428524,"❗️Россия убила 145 украинских детей, еще 222 ребенка ранены.

Реальная Война",0,ukraine_russian,0,0,0.5,0.5,0,0,0.5,2,,
310680,"🇺🇦🇮🇱 Выступление Зеленского перед Кнессетом

▪️ НСДАП была создана 24 февраля (день начала СВО). Добавил, что Россия сейчас хочет решить «украинский вопрос», как когда-то Германия ""еврейский вопрос""

▪️ Спросил, почему Израиль отменил безвизовый режим для украинцев, не вводит санкции против РФ

▪️ Напомнил, что у Израиля сверхмощная противоракетная оборона: «Вы точно можете помочь защитить жизнь украинцев и украинских евреев».

▪️ Подчеркнул, что 80 лет назад украинцы сделали свой  выбор – они спасали евреев, поэтому среди украинского народа есть праведники мира",0,russia,0,0,1,1,0,0,0.5,3,,
442247,"Сводка успехов Воздушных сил ВСУ

Сбиты десятки крылатых и баллистических ракет оккупанта, 52 боевых самолета, 69 вертолетов и другие малоразмерные цели.",0,ukraine_russian,0,0,0,0,1,0,0.5,3,,
325598,"Читаем комментарии под роликами на нашем YouTube канале, и везде всплывают БДСМщики, находящие причину: «Я за Путина и яхты Ротенберга воевать не буду. Поедут только долбоёбы!»

Хочу сказать, что практически все, с кем я начинал в 2014 году, едут! Большая часть уже на месте, остальные заканчивают дела и тоже выдвигаются. На Донбассе уже засветились некоторые командиры легенды. И не знаем как там насчёт наступления на Киев, но Донбасс точно никто без боя сдавать не будет!",0,russia,0,0,0,0,0,0,0,3,,
98423,"Путин провел телефонный разговор с Борисом Джонсоном. Накануне британский премьер общался с Зеленским и обещал России санкции при вторжении в Украину

ДАННОЕ СООБЩЕНИЕ (МАТЕРИАЛ) СОЗДАНО И (ИЛИ) РАСПРОСТРАНЕНО ИНОСТРАННЫМ СРЕДСТВОМ МАССОВОЙ ИНФОРМАЦИИ, ВЫПОЛНЯЮЩИМ ФУНКЦИИ ИНОСТРАННОГО АГЕНТА, И (ИЛИ) РОССИЙСКИМ ЮРИДИЧЕСКИМ ЛИЦОМ, ВЫПОЛНЯЮЩИМ ФУНКЦИИ ИНОСТРАННОГО АГЕНТА.

Президент России Владимир Путин провел телефонный разговор с премьер-министром Великобритании Борисом Джонсоном. Лидеры двух стран провели «достаточно подробный обмен мнениями» по поводу обострения ситуации вокруг Украины и требуемых Россией гарантий безопасности.

Путин, в частности, отметил «неготовность НАТО адекватно реагировать на обоснованные российские озабоченности».

https://mdza.io/0LEVd42xIYw",0,russia,0,0,0,0,0,0,0,3,,
550882,"Куда же без троллинга?

После того, как Владимир Зеленский проведал раненных украинских бойцов, Астронавт НАСА Скотт Келли попросил показать аналогичное посещение Путиным больницы с российскими солдатами.

Русский Корабль Иди … | Подписаться",0,ukraine_russian,0,1,0,0,0,0,0.5,3,,
514814,"Співробітники Офісу Прокурора Гаазького трибуналу Каріма Хана виїхали до України, щоб розпочати розслідування військових злочинів росії проти нашого народу. 

Прокурор Карім Хан заявив, що вони розпочнуть розслідування та збір доказів воєнних злочинів та злочинів проти людяності в Україні. 

Воєнні злочинці рф мають бути покарані!

#UkrainiansWillResist 
#StopRussianAggression 
#StandWithUkraine
@operativnoZSU",1,ukraine_ukrainian,0,0,0,0,0,0,0,3,,
277454,"ВС РФ ликвидировали одного из руководителей добровольческого украинского корпуса ""Правый сектор"" Тараса Бобанича, сообщили в МО РФ. 

В министерстве добавили, что российские Вооруженные силы продолжат поиск и уничтожение главарей украинских неонацистских организаций.",0,russia,0,1,1,1,0,1,1,3,,
406968,"Член украинской делегации на переговорах с РФ Давид Арахамия заявил, что переговоры возобновятся уже 1 апреля в онлайн-формате. 

По его словам, украинская делегация настаивает на встрече Владимира Зеленского и Владимира Путина. Российская сторона же заявила, что для этого должен был согласованный проект договора. Его, по словам Арахамии, переговорная группа намерена наработать за неделю:

«И будем надеяться, что дальше будут встречаться президенты стран. В то же время, мы настаиваем, чтобы такая встреча состоялась не на территории России или Беларуси»",0,ukraine_russian,0,0,0,0,0,0,0,3,,
339963,"⚡️Репортаж корреспондента 🇷🇺 Военкор l Z l Лисицын 🇷🇺 из Попасной 

❗️Эксклюзив ❗️

Военнослужащие армии, нацгвардии, полиции и других силовых структур Украины, погибшие в Попасной.

Вторая порция.

📌Если хотите помочь нашему волонтерскому проекту, то вот реквизиты карты Сбербанка:
5469 3800 5900 3375

@anna_news",0,russia,0.5,1,0,0,1,1,1,3,,
749755,Харківська ОДА після потрапляння російською ракетою,0,ukraine_ukrainian,0,0,0,0,0,0,0,3,,
476128,"❗️Одна людина загинула, 14 поранені внаслідок обстрілів Харкова  7 квітня — Олег Синєгубов

◽️Ворог від свого безсилля продовжує атакувати мирне населення. У районі Олексіївки, Салтівки, ХТЗ окупанти знову із артилерії обстріляли житлові райони. На жаль, у Харкові та районі — 14  постраждалих, 1 жінка загинула. Декілька хвилин тому отримали прильоти ракетами по одному із районів міста.  

◽️Ізюмський напрямок лишається критичним. Ворог буде намагатися перекинути туди велику кількість техніки, яку наші ЗСУ, повірте, знищують щодня. Також у сьогодні у Харківському районі сили спеціальних операцій ЗСУ знищили одну із ворожих установок «Град» разом з екіпажем. 

◽️Ще раз наголошу, що підстав для евакуюції жителів Харкова немає. Продовжуємо евакуацію з міста Лозова та Барвінкове.

подписаться 👉 ",1,ukraine_ukrainian,0,1,1,0,1,1,0.5,2,,
372935,"МИД Казахстана отказался занимать позиции в конфликте России и Украины, объяснив, что страна поддерживает ""очень хорошие, добрые отношения"" как с Украиной, так и с Россией.",0,russia,0,0,0,0,0,0,0,3,,
577265,"Микита Віктор Федорович, голова Закарпатської ОДА висловився, що «росіяни наші брати». А у вас як справи? Путін нападає? 

На Закарпатті все добре. Життя іде і все без коректур.",1,ukraine_ukrainian,0,0,0,0,0,0,0,3,,
426433,"❗️путін наказав не штурмувати «Азовсталь», а натомість заблокувати всіх, хто там знаходиться.

Він заявив це під час зустрічі з міністром оборони шойгу – той відрапортував, що окупанти взяли Маріуполь під контроль.

🇺🇦Реальная Война",0,ukraine_ukrainian,0,0,0,0,0,0,0,3,,
120700,"Председатель СК России поручил расследовать обстоятельства жестокого убийства российского военнопленного украинским националистом

Председатель СК России поручил расследовать в рамках уголовного дела факт жестокого избиения с последующим убийством российского военнопленного в подъезде одного из жилых домов на территории Украины. На видеозаписи, которая получила распространение в сети Интернет, запечатлен процесс избиения и убийства представителем националистических отрядов Украины российского военнопленного, руки которого связаны за спиной. 

В рамках расследования будут установлены все соучастники глумления, избиения и жестокого убийства с целью последующего привлечения их к ответственности.",0,russia,0,0,1,1,0,0.5,0.5,3,,
738257,"⚡ Так готуються до Великодня на росії — випікасють ""кулічі"" зі свастикою

Новини України | Підпишись",0,ukraine_ukrainian,0,0,1,1,0,0,0.5,3,,
610024,"Основні меседжі із виступу Арестовича 👇

▪️На найбільших операційних напрямках противник виснажив свої атакуючі угруповання і стає в оборону. Це — київський, чернігівський, сумський, харківський напрямки.

 ▪️Єдине, де противник намагається просуватися в тактичному відношенню — це зона ООС (Сєвєродонецьк, район Волновахи та Маріуполя).

▪️Ми «перемололи» третину війська противника. 

▪️За даними Головного управління розвідки, у російському воєнно-політичному керівництві залишилось лише дві людини, які виступають за продовження воєнної агресії — це сам Путін і Шойгу.",1,ukraine_ukrainian,1,1,1,0,1,1,1,3,,
499520,"«Там сразу 500 человек сожгли! Пол полка погибло!». Очередной перехват разговоров оккупантов

Обсудить в чате🗣
Актуальная Украина🇺🇦",0,ukraine_russian,0,0,0,0,0,0,0,3,,
609278,"⚡️Оперативная информация от Генштаба по состоянию на 24:00:

Группировка Воздушных Сил ВС Украины осуществляет отражение сосредоточенных ракетно-авиационных ударов и воздушного нападения противника, противовоздушное прикрытие густонаселенных городов, важных индустриальных объектов Украины и оперативных группировок войск.

На Южном направлении по отдельным рубежам восстановлен передний край обороны. Враг вынужден проводить перегруппировку, развертывать дополнительные резервы, осуществлять меры по восстановлению боеспособности подразделений.

На Донецком направлении российские оккупационные войска ведут штурмовые действия и огненное поражение.

На Волынском и Полесском направлениях враг активных действий не проводил, осуществлял наращивание систем огневого поражения, инженерного обеспечения и логистики с целью подготовки к наступлению на Киев.

На Северском и Слобожанском направлениях также наступательные действия не ведутся. Вражескими силами производятся обстрелы украинских населенных пунктов.

В направлении Изюма противник пытался прорвать оборону наших войск, однако успеха не имел, штурмовые подразделения захватчика были фактически уничтожены.

Оккупанты терпят значительные потери. Нравственно-психологическое состояние личного состава низкое и ухудшается с каждым последующим днем   боевых действий. Карательные подразделения росгвардии, которые вовлекаются в боевые действия, потеряли значительное количество вооружения и военной техники. Восстановление потерь происходит за счет устаревшей и частично неисправной техники.",1,ukraine_russian,0,0,1,0,1,0,0.5,3,,
587011,"Брифинг Ирины Верещук: оккупант не придерживается договоренностей по гуманитарным коридорам

Инсайдер UA  | Прислать новость",0,ukraine_russian,0,0,0,0,1,0,0.5,3,,
726095,"🇺🇦 У захопленому російськими окупантами Херсоні вичерпуються всі запаси продовольства, медикаментів і палива, повідомляє Херсонська міська рада.

Міська влада переконує, що всі 300 тисяч містян єдині в заклику ""Херсон – це Україна!"", а етнічні росіяни, які мешкали в місті до вторгнення рф, переходять на українську мову

#Херсон_це_Україна",2,ukraine_ukrainian,0,0,0,0,0,0,0,3,,
695984,"⚡️⚡️Мелитополь. Люди протестуют против российских мразей, идут с голыми руками на них. Вставай, Украина.",1,ukraine_russian,0,1,1,0,0,0,0.5,3,,
62736,"‼️🇷🇺 Русский спецназовец: Сегодня был бой с правосеками, они перестреляли друг друга, ВСУшники сдались

Боец СпН с Украины передаёт привет и благодарит граждан России за поддержку армии.
t.me/RVvoenkor",0,russia,0,1,0,1,0,0,0.5,3,,
743225,"Результати роботи гуманітарних коридорів 9 квітня.

➡️ Гуманітарними коридорами з Маріуполя та Бердянська на власному транспорті та автобусах до Запоріжжя евакуювалися 3425 осіб. З них 192 особи – з Маріуполя.

➡️ Із міст Запорізької області – Пологів, Василівки, Бердянська, Токмака, Мелітополя та Енергодара – виїхали 3233 особи.

➡️ Також вдалося звільнити захоплені автобуси та евакуювати людей із міста Мелітополя. В Запоріжжя було вивезено 529 місцевих мешканців.
 
➡️ Автобуси для евакуації людей із Бердянська, Токмака та Енергодара довелося повернути до Запоріжжя, оскільки окупаційні війська відмовилися пропустити їх за попередньо погодженим маршрутом. Завтра буде повторна спроба дістатися цих міст для евакуації наших громадян.

➡️ З міст Лисичанська, Сєвєродонецька, Рубіжного, Кремінної та Попасної Луганської області вдалося евакуювати 578 осіб.

Всього 9 квітня евакуйовано 4532 особи.",1,ukraine_ukrainian,0,0,0,0,0,0,0,3,,
665781,Жена Виктора Медведчука Оксана Марченко проводит пресс-конференцию в Москве.,0,ukraine_russian,0,0,0,0,0,0,0,3,,
439832,"⚡️В Киевской области гуманитарная катастрофа уже в трех общинах, некоторые населенные пункты – на грани.

Макаровская, Бучанская общины и села Петрушки и Шпитьки – под обстрелами. 

Бои с врагом идут на Житомирской трассе, Ирпене и Гостомеле. Макаровская и Бучанская общины, села Петрушки и Шпитьки – под обстрелами. 

Об этом сообщил глава Киевской ОВА Александр Павлюк.

Отправляйте инфу по обстановке в городе @novosti_kieva_bot ссылка на наш канал 👉 https://t.me/kievreal1",0,ukraine_russian,0,0,1,0,1,0,0.5,3,,
426089,"Погода подвела. Путин передвинул дату возможного вторжения в Украину ближе к весне — NYT 

Ну или случился Казахстан 🤔",0,ukraine_russian,0,0,0,0,0,0,0,3,,
461163,❗️Харьков. Оккупанты нанесли удар по телебашне. Трансляция прервана.,0,ukraine_russian,0,0,0,0,0,0,0,3,,
128284,"«Ты можешь критиковать власть и свою страну, но не в ситуации войны или специальной операции, которая ведётся».

Дмитрий Медведев @medvedev_telegram рассказал о консолидации в обществе на фоне операции на Украине:

«Три четверти населения страны поддерживают проведение специальной операции. Если говорить о рейтинге высшего должностного лица, то есть президента нашей страны, то этот рейтинг ещё выше. Это, собственно, и есть консолидация.

Я уже не говорю о демонстрации такого рода единства, как, например, недавно было в «Лужниках». Понимаете, это дорогого стоит и это показывает, как люди воспринимают проблемы, с которыми столкнулась наша страна», — заявил заместитель председателя Совбеза РИА Новости.

@rt_russian",2,russia,0,0,0,0,0,0,0,3,,
724453,"Командир 36-ї окремої бригади морської піхоти ВМС ЗСУ Сергій Волинський (Волина) закликав іноземні держави терміново провести ""екстракцію"" з Маріуполя — вивезти кілька сотень військових і цивільних з ""Азовсталі"" у безпечне місце, аби врятувати від росіян.

""Це може бути нашим останнім зверненням. В нас, можливо, залишилися лічені дні або години"", – заявив він",0,ukraine_ukrainian,0,0,0,0,0,0,0,3,,
151501,"В Армянск приехали восемь автобусов с украинскими беженцами. 

Доставку организовали российские военные, на территорию Крыма привезли десятки переселенцев. Людей временно разместят в госучреждениях.",0,russia,0,0,0,0,0,0,0,3,,
551681,"В Госдуму РФ внесли поправки о наказании «до 15 лет лишения свободы за распространение ""фейков"" (неугодной Путину информации) о действиях вооруженных сил России».

Украина изнутри | Новости",0,ukraine_russian,0,0,0,0,0,0,0,3,,
780283,"Братья сербы, конечно, красавчики.

Но почему в Белграде, но не под посольством Украины в Москве?

Не говоря уже о том, зачем там вообще есть посольство?

Не говоря уже о том, зачем вообще дают существовать т.н. г-ву ""Украина"" после февраля 2014 года и нацистского переворота?

https://t.me/KotNaMirotvorze/9918",0,ukraine_russian,0,0.5,1,1,0,0.5,0.5,3,,
340956,"🇺🇦🇷🇺Российские военные использовали БРК ""Бастион"" для ударов по украинской армии 

Российские береговые ракетные комплексы ""Бастион"" используются для нанесения ударов по инфраструктуре украинской армии.

@anna_news",0,russia,0,0,0,0,0,0,0,3,,
730195,"🤔 Під час візиту ""озброєних представників"" до Херсонської міськради було домовлено про те, як буде функціонувати місто в умовах окупації — повідомляє міський голова Херсона Ігор Колихаєв.

Колихаєв жодного разу не вказав, із ким саме він домовлявся та не згадав Росію у своєму дописі. Водночас, він додав, що наразі у місті немає українських військових",0,ukraine_ukrainian,0,0,0,0,0,0,0,3,,
143893,"❗️🇷🇺🇺🇦 На занятиях в школах Херсонской области продолжается исполнение гимна Украины

Военный корреспондент Александр Коц пишет, что готовится новая учебная программа для школ на освобожденных территориях юга Украины, Харьковской области, ДНР и ЛНР, а учителей планируется отправить этим летом в Крым, чтобы подготовить к работе по российским стандартам.

Дело, конечно, хорошее и правильное, но действовать можно и нужно уже сейчас.

Например, в Херсоне, есть две русские школы.

▪️Школа гуманитарного труда 

ШГТ была одной из самых престижных школ Украины. 

Ее директор и создатель Артем Кияновский долгое время боролся за сохранение преподавания на русском языке, несмотря на давление, которое на него оказывалось со стороны украинских властей.

Незадолго до начала СВО был уволен со своего поста из-за конфликта с Уполномоченным по защите украинского языка Тарасом Креминем, однако сама школа продолжает функционировать.

▪️Херсонская специализированная школа № 30

В 30 школе до 2019 года действовали 4 программы: 

🔸русская, 
🔸украино-русская, 
🔸«Новая украинская школа», 
🔸«Интеллект Украины». 

Но во всех классах в обязательном порядке преподавался русский язык.

В 2020 году давление на учителей усилилось, а в программе «Интеллект Украины» отменили бесплатные уроки русского языка, заменив их факультативом стоимостью 1600 гривен за полгода.

При этом дети и учителя в обеих школах полностью русскоговорящие.

❗️И эта образовательная база сейчас используется не Россией, а сторонниками киевских властей. Иначе, как объяснить, что, например, учащиеся русских классов 30-й школы вдруг стали петь на занятиях гимн Украины, хотя раньше подобная практика отсутствовала.

Во всех школах Херсона и на всех занимаемых ВС РФ территориях обучение продолжается по украинским программам со всеми проистекающими отсюда идеологическими моментами.

И одержав победу в военных битвах, можно проиграть битву за умы, если прямо сейчас не начать что-то делать в этом направлении. 
#Россия #Украина #Херсон
@rybar

*Поддержать нас: 4377 7278 0407 7977",0,russia,0,0,0,0,0,0,0,3,,
101480,"«Прощание Славянки» с батальоном «Сомали»

Проект @wargonzo долго освещал работу батальона «Сомали» в Мариуполе и с этим роликом мы расстаёмся с «сомалийцами», чтобы встретиться с ними вновь на новых участках фронта.

На нашем видео с воздуха батальон «Сомали» выходит из освобождённого Мариуполя под марш «Прощание Славянки».

Танки движутся в такт звукам марша, который сопровождал русских воинов на все главные для России фронты последних двух столетий.

И «сомалийцы» – это потомки тех солдат, кто уходил под этот марш на Великую Отечественную, и они также отправляются бороться с нацистами. И победа, как и тогда, будет обязательно за нами.

@wargonzo 

*наш проект существует на средства подписчиков, карта для помощи
4279 3806 9842 9521",2,russia,0,0,1,1,0,0,0.5,3,,
440831,"Кличко: Весь світ повинен знати і бачити, що відбувається в Україні. Як Росія намагається знищити нашу державу, наші міста, як вбиває українців. 

Це - будинок в Святошинському районі столиці. Точніше, те - що від нього залишилося після влучення снаряду. Рятувальники досі гасять вогонь, з раннього ранку. За попередніми даними, загинули четверо людей. 

У відео пояснення трьома мовами.",2,ukraine_ukrainian,0,0,0,0,0,0,0,3,,
413776,"Подоляк о Януковиче:

«В столь феерической  истории с «Януковичем, который в Минске» важны несколько аспектов. Первый и ключевой: любое упоминание фамилии Янукович в качестве какой/то «возможности» в очередной раз показывает нам тотальное незнание РФ реальных настроений в Украине. Полное отсутствие понимания, что это за страна».",0,ukraine_russian,0,0,0,0,0,0,0,3,,
389992,"Брошенный флаг украинских морпехов, разбитые духи и засада на зачищенном"" заводе Ильича в Мариуполе: репортаж военкора ""КП"" Дмитрия Стешина

В ремонтном боксе валяются зеленые металлические ящики, штатные укладки для инструментов и запчастей от американских внедорожников, но украинские морпехи приспособили их для своей военной документации. 

Вы не поверите, наугад вытаскиваю одну папку из ящика и сразу – джек пот! На обложке папки красочная наклейка с надписью ""Дави Русню!"". Русню давит в мясо бравый украинский солдат на ""Хаммере"". 

Внутри папки подшиты копии каких-то указов Министерства обороны Украины. Я пытаюсь представить себе такое ведение штабной документации в российской армии, наклейку ""дави хохлов!"", и у меня не получается. Впрочем, ""давить русню"" тут тоже не вышло. 

Не задалось, наклейка не помогла.

@dmitriysteshin

Подписаться на @truekpru",0,russia,0,0,1,0,0,0,0.5,3,,
711332,"Ошибка Кинсли, она же political gaffe – это когда политик случайно озвучивает правду, которую желательно было скрывать до последнего.

Сегодня Зеленский заявил журналистам то, что вы видите на картинке. Тупейшая постановка фразы для президента воюющей страны. Не трожь меня, иначе Путин заступится. Ну да!

Владимир Саныч, вы у России битум покупаете через прокси-Беларусь. Еще пошлину обнулите, чтобы бюджет нихуя не получал с попилов.

Вы врагу выгодны, мистер през.

Берете электроэнергию БелАЭС, которую Кремль построил, чтобы быстрее окупилась. Гробите нашу энергетику, чтобы мы никуда не делись от чужой.

Врагу Украину еще не сдали, но уже отдали в заложники.

Накалились отношения с Польшей? Зеленский. Штаты в ахуе? Зеленский. Внешняя политика в детородной ложбинке? Вы уже знаете ответ.

Конечно, Путин защитит коллегу. Это его последний шанс взять Украину, ведь во второй раз мы такого дауна точно не выберем.

И не потому, что поумнели. Просто второго такого долбоеба по всей стране не сыщешь.

@maxgadyukin",2,ukraine_russian,0,0.5,0.5,0.5,0,0.5,0.5,3,,
204554,"Ещё один шедевр фейк-искусства украинских ипсошников.

Непонятный «Урал» изрисовали буквами ""Z"", выставив, будто ВС РФ перевозит боеприпасы в медицинских машинах. Украинским пропагандистам и невдомек, что машины с боеприпасами, если их невозможно оттащить, взрывают. А значит, погрузили в машину ящики со снарядами сами украинцы. 

На асфальте также видны следы, образовавшиеся в результате того, что машину на место съемки видео подтянули. Следов боя также нет, у машины лишь подбиты колёса. Да и одинокий бензовоз, который якобы тянет машину со снарядами, выглядит не очень убедительно.",0,russia,0,0,1,0.5,0,0,0.5,3,,
484769,"27 февраля 2022 года. Этот день войдет в историю навсегда.

Сегодня «Путинский режим» вторгся в мой родной город. Сегодня погибли славные Украинские воины и мирные жители. Мы не забудем и вспомним, когда его казнь увидит весь мир",1,ukraine_russian,0,0.5,0.5,0.5,0,0,0,2,,
554266,"❗️ ЄС закриває єдину лазівку, за якою Росії можна було продавати зброю в обхід санкцій попередніх років

Ще 1 серпня 2014 року ЄС наклала ембарго на постачання зброї на росію. Сталося це після того, як ворог захопив Крим та частину Донбасу, а також збив малазійський Boeing .

Але це стосувалося лише контрактів підписаних до 2014 року. Тож раша продовжувала отримувати військову техніку, у тому числі з Франції та Німеччини. Лише у 2021 році країни ЄС продали Мордовії зброї та боєприпасів на суму € 39 млн 

Не минуло й 8 років війни та тисяч загиблих українців, як нарешті було внесено зміни до санкцій. Сталося це після критики з боку урядів деяких країн, зокрема Польщі та Литви.

Краще пізно, ніж ніколи! Дякуємо нашим друзям за підтримку 🙏🏻

Підписуйся на 24 канал | Підтримай нас",1,ukraine_ukrainian,0,1,1,0,1,0,0.5,3,,
693263,"За 57 дней российского вторжения в Украине погибли 208 детей, ранены 376",0,ukraine_russian,0,0,0,0,0,0,0,3,,
790361,"#ГУРінформує 
‼️Росія готує свідому провокацію для виправдання введення Білоруських військ

За наявними розвідувальними даними зараз поблизу білорусько-українського кордону знаходяться білоруські танки у кількості близько 300 шт.

Колона ще не перетнула кордон і чекає на маршруті м. Пінськ – Іванове – Драгічин (приблизно 30 км від Державного кордону України).

Очікується, що Росія планує провести свідому провокацію, щоб виправдати заплановану атаку білоруських військ.

❗️МАКСИМАЛЬНЕ ПОШИРЕННЯ❗️",0,ukraine_ukrainian,0,0,0,0,0,0,0,3,,
61608,"Российские военные высаживаются на базе Береговой Охраны Украины под Бердянском. Присутствует и технический персонал для того, чтобы понять, что делать с захваченными украинскими катерами (в конце)",0,russia,0,0,0,0,0,0,0,3,,
262861,"🔴Пресс-секретарь президента России Дмитрий Песков заявил, что Владимиру Путину доложили о пожаре на нефтебазе под Белгородом. 

Он отметил, что инцидент не создает ""условия, комфортные для продолжения переговоров"".

""Естественно, президенту доложено"", – сказал Песков. По его словам, власти сейчас принимают меры для реорганизации цепочки по снабжению топливом: ""Чтобы произошедшее никоим образом не отразилось на уровне снабжения всеми необходимыми видами топлива"".

На просьбу оценить случившееся Песков ответил, что это должны делать не в администрации президента, а силовых ведомствах. При этом он добавил, что ""превосходство [России] в воздухе в ходе операции является абсолютным фактом, это действительно так"".

Губернатор Белгородской области Вячеслав Гладков в пятницу заявил, что причиной пожара на нефтебазе стал удар с двух украинских вертолетов, которые якобы зашли в воздушное пространство России на малой высоте.

В соцсетях появились несколько видео, на которых рядом с местом пожара видны два вертолета.

Украинские власти факт подобной атаки не подтверждали.

Глава МИД России Сергей Лавров, находящийся в Индии, сказал в пятницу, что видит в переговорах между Россией и Украиной ""движение вперед"", и они должны продолжаться.

Как ранее сообщалось, переговоры продолжатся 1 апреля в формате видеосвязи.

@bbcrussian",0,russia,0,0,0,0,0,0,0,3,,
10264,"❗️Россия уже готова к переговорам в Гомеле, теперь Москва ждет украинцев, сообщил РИА Новости Песков",0,russia,0,0,0,0,0,0,0,3,,
689889,"😡🙅‍♂️Рашисты не пропустили на Херсонщину гуманитарную помощь из Днепропетровской области

Сегодня в Херсонскую область из города Апостолово Днепропетровской области выехали 14 фур с продуктами питания и медикаментами. Там было самое необходимое – средства гигиены для детей и взрослых, консервация, мясо, полуфабрикаты, детское питание и другое.

Также грузовики везли в область немало медикаментов, например, инсулина.

К сожалению, оккупанты не дали доехать грузовикам до места назначения. Фуры с гуманитарной помощью развернули на полпути и отправились обратно😢

Прислать новость",0,ukraine_russian,0,1,1,1,1,0,1,3,,
704750,"​​🔴Окупанти продовжують штурмувати Маріуполь та готуються до наступу на Сєверодонецьк, - Генштаб ЗСУ

Російські окупанти готуються до наступу у напрямку Сєвєродонецька та Великої Новосілки у Донецькій області.

""На Донецькому і Таврійському напрямках окупанти продовжили зосереджувати основні зусилля на захопленні населених пунктів Рубіжне, Попасна, Троїцьке, Авдіївка, Мар’їнка, Красногорівка, підготовці до наступу, який, можливо, буде розпочато найближчої доби у напрямку на Сєверодонецьк та Велика Новосілка"", - йдеться в повідомленні.

Також за підтримки авіації та артилерії противник продовжує штурм міста Маріуполя.

Підтримати ЦН| Tg|  Fb | Twitter| TikTok",0,ukraine_ukrainian,0,0,1,0,1,0,0.5,3,,
433893,"Враг деморализован. Бросают технику, сдаются в плен группами по 5-10 человек - Харьковской ОГА

Реальная Война",0,ukraine_russian,0,0,1,0,1,0,0.5,3,,
275134,"Более двух тысяч боевиков блокированы на территории ""Азовстали"", сказал Шойгу.",0,russia,0,0,0,1,0,0.5,0.5,3,,
62378,‼️ Путин — Эрдогану: приостановка спецоперации по защите Донбасса возможна лишь при прекращении Киевом боев и выполнении требований России.,0,russia,0,0,0,0,0,0,0,3,,
819275,"Вы любите шутить про толстых украинских собак, которые наелись российских оккупантов на год вперёд... Но почему вы обходите стороной украинских раков?

Они в этом году явно будут крупнее омаров и лобстеров! @zloyodessit 

Подписывайтесь👉",0,ukraine_russian,0,1,0,0,0.5,1,1,2,,
199884,"⚡️Генпрокуратура РФ обещает дать правовую оценку ложной информации о ситуации в Буче, заявили в ведомстве",0,russia,0,0,0,0,0,0,0,3,,
617455,"Мариуполь. Для участия в ""специальной операции"" на Донбассе и в Украине прибыла очередная группа добровольцев из Чеченской Республики.",0,ukraine_russian,0,0,0,0,0,0,0,3,,
459987,ПВО в Днепропетровской области уничтожили еще 2 вражеских самолета.,0,ukraine_russian,0,0,1,0,0,0,0.5,3,,
639748,"⚡️В Белом доме заявили, что США считают, что РФ готова напасть на Украину, но не располагают конкретным прогнозом насчет того, в какой день или время это случится.

А ещё буквально пару часов назад называли конкретные 48 часов. Как-то определились бы уже.",0,ukraine_russian,0,0,0,0,0,0,0,3,,
584950,"После Украины Путин собирается вернуть России Аляску, — The Sunday Times

Никто и не сомневался, что планы Путлера были захватить весь мир, но обломается уже в Украине.

Инсайдер UA  | Подписаться",0,ukraine_russian,0,0.5,0.5,0.5,0,0,0.5,3,,
479905,"В Городне застрелился мужчина, который не захотел работать на оккупантов. Россияне хотели сделать его мэром

Бывший премьер Украины Алексей Гончарук рассказал, что ФСБшники начали искать, кем заменить мэра и пришли к местному жителю Роману Макасю. На мужчину начали давить. Пропагандисты запустили «слухи», что он согласился сотрудничать с оккупантами. 

Но с утра 11 марта стало известно, что Роман застрелился.",0,ukraine_russian,0,0,0,0,0,0,0,3,,
263572,"Пресс-секретарь российского президента Дмитрий Песков дал понять, что говорить о возможной встрече Владимира Путина и Владимира Зеленского рано, потому что “им пока нечего будет фиксировать, нет договоренностей”.
 
""Для того, чтобы речь могла зайти о встрече двух президентов, нужно сначала сделать домашнюю работу, то есть нужно провести и согласовать результаты переговоров. Пока какого-то существенного продвижения не обеспечено. Пока говорить, соответственно, о встрече двух президентов (рано), им нечего просто будет фиксировать. Нет договоренностей, которые они могут отфиксировать,"" - сказал Песков. 

Также Песков ответил на вопрос о возможности приостановить огонь на время переговоров: ""Любая остановка используется националистами для перегруппировки и атак. Используется для того, чтобы продолжать атаки на российских военных… Так было неоднократно. Это усложняет процесс"".
 
В очередной раз журналисты спросили Пескова о гуманитарных коридорах. И в очередной раз Кремль обвинил в Украину в том, что она ""не выпускает"" людей: ""Гуманитарные коридоры организуются. И все утверждения о том, что там окружение городов, никого не выпускают, — это абсолютная ложь. Гуманитарные коридоры есть, и они обеспечиваются нашими военными, но по ним не выходят люди, потому что их не пускают те самые националисты"".
 
Киев неоднократно заявлял, что люди не могут выйти по некоторым гуманитарным коридорам из-за непрекращающихся обстрелов. Кроме того, Москва несколько раз предлагала маршруты коридоров, ведущие в Россию.

@bbcrussian",1,russia,0,0,0,1,0,0.5,0.5,3,,
814866,⚡️ Інститут Масової Інформації: За місяць повномасштабного вторгнення росія скоїла 148 злочинів проти журналістів та медіа в Україні,0,ukraine_ukrainian,0,0,0,0,0,0,0,3,,
641138,"Украина требует объяснений

Министр иностранных дел Украины Дмитрий Кулеба потребовал от российской стороны объяснений. По его словам, Россия должна предоставить информацию о точных районах проведения учений, датах их завершения, численный и боевой состав подразделений. 

На все про все Кулеба дал России 48 часов. 

Интересно, а если нет, то что? 🤔",0,ukraine_russian,0,0,0,0,0,0,0,3,,
541728,"Свинособаки продолжают уничтожать наши спортивные объекты

На этот раз досталось бассейну «Акварена», Харьков 🏊‍♀️

ПОДПИСАТЬСЯ ⚡️ Труха Днепр
Прислать новость 📸",1,ukraine_russian,1,1,0,1,0,1,1,3,,
713759,"20 марта 2022 сотни местных жителей вышли на улицы оккупированного рашистами украинского города Энергодар с требованием освободить заместителя мэра Ивана Самойдюка, которого накануне  похитили российские войска.  После митинга рашисты пытались захватить и похитить еще несколько активистов. 
Но их отбили другие украинцы, которые показали оккупантам, что им тут не Россия, и тут каждый гражданин готов голыми руками переворачивать автозаки.

@informnapalm",0,ukraine_russian,0,1,1,1,1,0,1,3,,
588321,"""Вы ответите за каждую слезинку""

Жительница Бучи показывает, во что россияне русские превратили ее родной город. Украинская армия выбила армию РФ, но город изменился до неузнаваемости.

Инсайдер UA  | Подписаться",0,ukraine_russian,0,0,1,0,0,0,0.5,3,,
563087,"🇪🇺Євросоюз найближчими днями планує посилити режим санкцій проти росії, — держсекретар при МЗС Франції Клеман Бон

Киев — прямая трансляция 👈
Прислать новость",0,ukraine_ukrainian,0,0,0,0,0,0,0,3,,
530580,"⚡️⚡️Британский премьер Борис Джонсон призвал не ждать активных действий России на побережье Одессы и немедленно обеспечить Украину противокорабельными ракетами, — The Times

По словам Джонсона, британские противотанковые ракеты уже использовались при обороне Киева и это дало ощутимый результат, а теперь необходимо защитить Одессу и сорвать планы Путина на юге Украины.

ОПЕРАТИВНЫЙ | Прислать новость",0,ukraine_russian,0,0,0,0,0,0,0,3,,
734558,"🤬 А хто це тут у нас?

🤦🏻‍♂️ Шойгу вийшов із публічною заявою. Каже, що призовників-орків не відправляють в гарячі точки; що основні задачі спєцопєрациї вже виконані; і що захід не повинен давати Україні зброю.",0,ukraine_ukrainian,1,1,1,1,0,1,1,3,,
73521,"⚡️ПЕРЕГОВОРЫ О КАПИТУЛЯЦИИ | ЭФИР

❗️Следим за ходом переговоров в Белоруссии и ходом спецоперации России на Украине. 

В студии — Сергей Карнаухов

📺Смотрите трансляцию!",0,russia,0,0,0,0,0,0,0,3,,
169584,Российский военнослужащий рядом с раненым солдатом ВСУ.,0,russia,0,0,0,0,0,0,0,3,,
57930,"‼️🇷🇺Армия России за последние сутки взяла под контроль 42 населенных пункта! - Офис Зеленского

Все эти населенные пункты находятся в Донецкой области, заявила помощница главы Офиса президента Украины Елена Симоненко.

""У нас сегодня более 3500 населенных пунктов захвачены. Это почти 30% территории, где происходят боевые действия"", – завила она.
t.me/RVvoenkor",0,russia,0,0,0,0,0,0,0,3,,
767482,"Массированный санкционный удар по российской экономике был бы нанесен в любом случае.

Сейчас его наносят в условиях, когда российские войска находятся под Киевом.

При альтернативном варианте развития событий, по нам бы били параллельно с вступлением украинских карателей в Донецк и Луганск.

Под те же самые вопли «нет войне!», издаваемые нашими псевдо-пацифистами.",2,ukraine_russian,0,0,1,1,0,0,0.5,3,,
244055,"🤝Завершились переговоры по ситуации в Украине между президентами Турции и России – Тайипом Эрдоганом и Владимиром Путиным. Об этом сообщает турецкое издание TRT HABER. 

Стороны в очередной раз обозначили свои позиции, конкретных решений принято не было. 

#россия #турция #политика",0,russia,0,0,0,0,0,0,0,3,,
205745,"Сообщают, что российские военные захватили военные автомобили ВСУ и едут на Киев.",0,russia,0,0,0,0,0,0,0,3,,
667318,"Минобороны России предложило украинским войскам в Мариуполе сложить оружие 5 апреля в 6 часов утра и выйти из города на подконтрольные Украине территории.

Обе стороны должны поднять флаги: с российской стороны - красные, с украинской- белые по всей линии соприкосновения.

Реакции ВСУ и Киева на это пока не было. Но обычно на такие предложения Украина отвечала отказом (РФ уже не впервые предлагает выпустить украинские войска из осажденного города при условии сдачи оружия).",0,ukraine_russian,0,0,0,0,0,0,0,3,,
398442,"Первый канал сообщил о задержании в ДНР  агента украинской разведки. Вот что он рассказал:

🔻Агент был причастен к взрыву в Донецке автомобиля начальника Народной милиции республики Синенкова;

🔻Он раскрыл схему, по которой власти Украины провозили в Донбасс оружие и взрывчатку;

🔻Рассказал о планах Киева силой захватить Донбасс;

🔻По его словам, недавно бойцы ВСУ незаконно зашли на территорию Белоруссии для разведки района учений с Россией.

@truekpru",0,russia,0,0,1,0,0,0,0.5,2,,
116943,"""Мне в лоб выпустили ""Стингер"". Я просто понял, что надо как-то выжить""

Экипаж российского Ми-24 смог уклониться от прямого попадания ракеты, выпущенной ВСУ в районе Днепра. Она взорвалась возле хвостовой балки, но лётчик продолжил полёт. За семь минут группа ударных вертолётов подавила все выявленные украинские огневые позиции.",0,russia,0,0,0,0,0,0,0,3,,
735003,"🤬 Вчора окупанти застосовували над Ірпенем Київської області заборонені фосфорні боєприпаси – про це повідомив мер міста Олександр Маркушина.  

- Добавили відео, яке було 
зняте пару днів назад, наслідки від фосфорної бомби

BLACKLIST IF | Надіслати інфо",0,ukraine_ukrainian,0,0,0,0,0,0,0,3,,
760201,"СБУ затримала російських інформаторів і викрила шахраїв, які крали кошти з волонтерських рахунків 

Протягом доби 17 березня спецслужба серед іншого реалізувала такі операції. 

🔹 У Луганській області: 

У боях неподалік від Сєвєродонецька українські військові захопили у полон двох мобілізованих в «ЛНР» чоловіків. Наразі вони надають свідчення слідчим СБУ. 

🔹 У Дніпропетровській області: 

СБУ викрила злочинців, які виманювали гроші, зібрані волонтерськими організаціями для ЗСУ. 

🔹 У Києві, Полтаві та Харкові: 

У Харкові СБУ затримала уродженця Брянської області РФ, який збирав інформацію про ЗСУ та результати обстрілів. 

У Києві зрадник надсилав ворогу дані щодо розташування військових частин, дислокацію підрозділів ЗСУ та військової техніки у столиці. 

У Полтаві затримано ще одного посібника окупантів, якого завербувала ФСБ. 

🔹 В Одесі та Запоріжжі: 

Одну ворожу агітаторку СБУ викрила в Одесі, а ще двох прихильників «руZZкого міра» - у Запоріжжі. 

Всі вони затримані і відповідатимуть за законом!",0,ukraine_ukrainian,0,0,1,0.5,1,0,0.5,3,,
489677,"Ситуація в Харківській області станом на 5 квітня: 

▪️За минулу добу окупанти нанесли 54 ударів із різних видів зброї дальної дії: артилерійські удари, мінометні і танкові обстріли, обстріли з РСЗВ. Постраждали райони Салтівки, П’ятихатки, Олексіївки, Холодної Гори, Дергачі, Барвінкове, Чугуїв. 

Серед мирного населення є постраждалі внаслідок вчорашніх денних обстрілів в Харкові та Чугуєві. У Харкові та районі - 4 загиблих, 3 людей госпіталізовані. У Чугуївському районі  - 2 загиблих, 5 осіб поранені. 

▪️За добу окупанти у Барвінковому обстрілами пошкодили житлові будинки, автомобілі та сільгосптехніку. Жителям рекомендуємо записуватися на евакуацію потягами. Так само рекомендуємо убезпечитися жителям Лозової, через населений пункт курсують безкоштовні поїзди. За додатковою інформацією звертайтеся до органів місцевого самоврядування. 

▪️Продовжуємо забезпечувати місто Харків та область гуманітарною допомогою. Продукти харчування розподіляємо до пунктів видачі «Нової пошти» та «Укрпошти», на адресну допомогу у місті Харків та громади Харківщини. 

Харківщина готова до будь-яких сценаріїв, наші Збройні Сили України на позиціях та обороняють область. Ми ж маємо тримати міцний тил. 

Переможемо! 🇺🇦

Голова Харківської ОДА Олег Синєгубов",2,ukraine_ukrainian,0,0,0,0,0,0,0,3,,
465028,"Карл Негаммер, канцлер Австрії, прокоментував зустріч із путіним, вказавши, що вона не була дружньою, а натомість «жорсткою, відритою та прямою».

 «Я щойно приїхав з України і на власні очі бачив незмірні страждання, завдані російською агресивною війною», - Негаммер розповів путіну про воєнні злочини у Бучі і про те, що ввинні повинні відповісти за скоєне.

ЄС не скасує санкції і посилюватиме їх доти, доки в Україні гинуть люди. путін негайно повинен припинити війну та відкрити гуманітарні коридори до окупованих міст.

Найважливішим посланням путіну було те, що ця війна має нарешті закінчитися, тому що у війні програють з обох боків, повідомив канцлер.",0,ukraine_ukrainian,0,0,0,0,0,0,0,3,,
698123,В населенный пункт Сдвижевка Киевской области доставили российские военные гуманитарную помощь для населения.,0,ukraine_russian,0,0,0,0,0,0,0,3,,
654119,"Подоляк: главы делегаций Украины и РФ Давид Арахамия и Владимир Мединский проводят в Стамбуле отдельный раунд переговоров. По словам Подоляка, Арахамия и Мединский говорят о ""фундаментальных положениях переговорного процесса"".",0,ukraine_russian,0,0,0,0,0,0,0,3,,
474185,"⚠️Важливо розуміти, що чим не закінчилася вся ця ситуація, але вона показала хто є хто у зовнішній політиці

Вже нікого не здивує, що німці в більшості під Московією сидять, а поляки, британці та литовці - справжні союзники. 

Але не варто забувати і інформаційних ворогів, особливо адміністраторів з Індії та Вірменії, які просто чекають війни задля піарів своїх помийних ресурсів. 7 хвилин тому вони написали, що українці бомбардують проросійські сили з Javeliniv. Ідіоти мабуть думають, що Джавеліни для живої сили...
➖➖➖➖➖➖➖➖➖➖
💬Обговорення в DeepStateЧаті
🛎Повідомити новину",0,ukraine_ukrainian,0,1,0,0,0,0,0.5,3,,
208624,"🎪🔥 «Война проиграна. В этом нет никаких сомнений». Эксперты рассказали о четырех просчетах Путина и последствиях его авантюры для российской системы

Независимо от того, как будет развиваться ситуация на фронтах, Россия уже в колоссальном проигрыше: ее экономика и государственные институты разрушены. Не факт, что и сам путинский режим долго продержится, констатируют политические аналитики, оценивая последствия военной кампании в Украине и западных санкций. 

«Война проиграна. В этом нет никаких сомнений, — пишет в своем блоге политолог Кирилл Рогов. — Тот ущерб, который Путин сумел нанести российской экономике (в общем, неплохо себя чувствовавшей), удавалось в столь коротком периоде времени нанести своей стране вообще мало кому. Это как расстрелять себе ноги в упор из крупнокалиберного пулемета».

«Предпринимательские, общественные, окологосударственные, даже государственные проекты оказались разрушены в одночасье, — констатирует руководитель Института региональной политики, бывший чиновник красноярского правительства Булат Столяров. — Я хожу и в оцепенении смотрю на экс-псевдо-витрины того, чего уже почти нет, но создатели которых так много хорошего имели в виду, годы и десятилетия делая то, во что верят».

Эксперт Университетского колледжа Лондона Владимир Пастухов описывает ситуацию так: «В Кремле все ждали ""черного лебедя"" и расставили по ""Искандеру"" у каждой башни, чтоб сбить на подлете.  А он выпорхнул из засады, изнутри, здоровенный такой, сел над воротами Спасской башни, сказал громко ""Кар"" и смачно нагадил на голову всем своим элитам».

Путин совершил четыре ошибки, решив начать военное вторжение, перечисляет Рогов:
— Ошибкой было представление о нежелании Запада противостоять агрессии, о его вялости, жадности и расколотости. 
— Ошибкой было представление о самодостаточности российской экономики, ее защищенности. 
— Ошибкой было представление о качестве российской армии. 
— И главной ошибкой было представление, что Украина это failed state, а украинцы не нация. 

На последнюю ошибку указывает и Пастухов: «Главная ошибка Путина состоит в том, что он был уверен, что украинцы НЕ  будут воевать».

«Если ещё кто не понял, это полный конец. Режим умер, просто тело еще не вынесли», — заключает Пастухов.

Впрочем, есть и сценарий, при котором Путин не теряет власть, считает Рогов, но «Россия превращается в такую ирано-туркмению: бедную автаркию, отгороженную «железным занавесом» и репрессивную по отношению к собственному населению».",0,russia,0,0,0,0,0,0,0,3,,
765872,"🇷🇺🇺🇦 За эти две недели в Молдавии от беженцев была подана 631 заявка на обучение в школе

Из них - 37 просят обучение на румынском языке, 40 - на украинском и 554 (!) - на русском.

Т.е. 88% беженцев с Украины выбрали для своих детей русский язык!

Это официальная статистика от молдавского министерства просвещения.

Думаем, что это связано прежде всего близостью Одессы, где всегда говорили на русском.",0,ukraine_russian,0,0,0,0,0,0,0,3,,
643682,"Минобороны РФ в утренней сводке сообщает о якобы ночном ударе по населенному пункту Повстанское в Одесской области. Повстанское – небольшое село, которое находится в ~10 км от Беляевки🤷‍♀️

Ссылка на нас -
Дежурим 24/7! 

Одесса как она есть | Наша инста | Написать нам",0,ukraine_russian,0,0,0,0,0,0,0,3,,
198611,❗️Рябков: Попытки со стороны США и стран Запада замедлить российскую спецоперацию на Украине будут пресекаться,0,russia,0,0,0,0,0,0,0,3,,
692112,"⚡️Официальное заявление СБУ о ситуации в Украине⚡️

Тема возможного полномасштабного вторжения России в Украину у всех на слуху, включая все мировые СМИ. СБУ опубликовала на своём сайте заявление, рассказав, что наша страна столкнулась с попытками нагнетания паники и распространения фейка❌

СБУ анализирует различные сценарии развития событий и разработала план на любой из них✅ Служба безопасности призывает не паниковать, не верить фейкам, а проверять информацию и доверять только официальным источникам⚠️

👉Днепр Оперативный

Предложить новость|Наш инстаграм",1,ukraine_russian,0,0,0,0,0,0,0,3,,
729708,Російська армія втратила 88 літаків та вертольотів з початку повномасштабного вторгнення — командування Повітряних Сил ЗСУ,0,ukraine_ukrainian,0,0,0,0,0,0,0,3,,
27549,"Песков заявил, что в ожидании переговоров Путин вчера приостановил продвижение группировки российских вооруженных сил на Украине. Сегодня оно возобновилось

«Вчера днем в связи с ожидавшимися переговорами с украинским руководством президент России отдал приказ о приостановке продвижения основных сил российских войск. Поскольку по сути украинская сторона отказалась от переговоров сегодня днем возобновилось продвижение основных российских сил», — сказал Песков.

Также пресс-секретарь президента отметил, что Украина отказалась от переговоров с российской стороной.",0,russia,0,0,0,0,0,0,0,3,,
704694,"🇷🇺 На віртуальних машинах ""Бітрікс"" територія України розділена на 4 частини. Є ризик використання цього продукту

Бітрікс24 — російський хмарний сервіс, який пропонує набір інструментів для організації роботи компаній та побудови взаємовідносин з клієнтами. Розробник та провайдер — російська компания ""1С-Битрикс"".

Наразі, через ліквідацію українського офісу усе переходить під контроль головного офісу компанії в Калінінграді. Тож є ризики використання цього російського програмного продукту.

Зокрема пропонують вибрати такі зони України: Крим, Україну (більшість території), Транскарпаття та Запоріжжя й Східний Луганськ.

Підтримати ЦН| Tg|  Fb | Twitter| TikTok",0,ukraine_ukrainian,0,0,0,0,0,0,0,3,,
87280,"Глава Евросовета Шарль Мишель сообщил о телефонном разговоре с Путиным, в ходе которого он призвал президента открыть к Пасхе гуманитарные коридоры из Мариуполя и других населенных пунктов Украины.

20 апреля Мишель и Зеленский встретились в Киеве, где обсудили помощь Евросоюза Украине.",0,russia,0,0,0,0,0,0,0,3,,
705478,"​​❌ РНБО пропонує вигнати Росію з Радбезу ООН

Секретар Ради національної безпеки та оборони Олексій Данілов вважає, що Російську Федерацію треба виключити з Ради Безпеки ООН. Він нагадав, що Москва не має наміру виконувати рішення Міжнародного Суду ООН.

""Що тоді в Радбезі ООН робить Російська Федерація? Може, пора звідти її прибирати, якщо вона не хоче виконувати ті правила і норми, чинні в цивілізованому сучасному світі?""- запитує Данілов.

Підтримати ЦН| Tg|  Fb | Twitter | TikTok",0,ukraine_ukrainian,0,0,0.5,0,0,0,0,2,,
197884,"❗️Псаки: Байден отклоняет предложения американского сенатора Кунса, призывающего к отправке войск на Украину, США не собираются воевать с РФ",0,russia,0,0,0,0,0,0,0,3,,
563261,"⚡️Немецкое издание Bild сообщило об убийстве жителя Бучи Ильи Навального

Имеет ли он какое-то родственное отношение к российскому оппозиционеру Алексею Навальному, неизвестно, но родом Илья из Залесья — украинской деревни, в которой родился отец Алексея. 
 
«Мы вошли в наш дом, и встретили Илью, который спускался по лестнице. Я сказал ему: не выходи, там будет стрельба. Но он все еще хотел ненадолго выйти, чтобы выкурить сигарету. Потом я слышала выстрелы снова и снова», — рассказ очевидицы.
 
Затем Мария обнаружила на улице тело Ильи, рядом с которым лежал его паспорт.

Киев — прямая трансляция 👈
Прислать новость",0,ukraine_russian,0,0,0,0,0,0,0,3,,
581549,Русская армия уже в глуби запорожской области. В течении нескольких часов окружат полностью Запорожье.,0,ukraine_russian,0,0,0,0,0,0,0,3,,
95963,"Образовательная онлайн-платформа Coursera приостанавливает деятельность в России

ДАННОЕ СООБЩЕНИЕ (МАТЕРИАЛ) СОЗДАНО И (ИЛИ) РАСПРОСТРАНЕНО ИНОСТРАННЫМ СРЕДСТВОМ МАССОВОЙ ИНФОРМАЦИИ, ВЫПОЛНЯЮЩИМ ФУНКЦИИ ИНОСТРАННОГО АГЕНТА, И (ИЛИ) РОССИЙСКИМ ЮРИДИЧЕСКИМ ЛИЦОМ, ВЫПОЛНЯЮЩИМ ФУНКЦИИ ИНОСТРАННОГО АГЕНТА.

В частности, с платформы исчезнет контент от российских университетов и других партнеров. А российские пользователи не смогут приобрести платные курсы. 

Большинство курсов для украинских пользователей станут бесплатными для просмотра.",0,russia,0,0,0,0,0,0,0,3,,
434876,Окрестности Харькова: сожжены российские «Грады».  Есть погибший российский военный,0,ukraine_russian,0,0,0,0,0,0,0,3,,
799683,"❗️Для масових протестів проти Путіна росіянам потрібно не менше двох тижнів – опозиціонер Михайло Ходорковський.  

Також за його словами 👇

🔸За пару днів мозок людей не повернеш після пропаганди.

🔸 Більшість громадян РФ переконані, що це не війна з Україною, а спроба «звільнити» український народ від вигаданих Путіним «нациків» і «бандерівців». Люди у це свято вірять.

🔸Санкції проти РФ серйозно сприяють просвітленню мозку. І валюта стала коштувати набагато дорожче.

🔸 Скільки часу потрібно, щоб люди очухалися? Не менше ніж два тижні.

🔸 Вже погрожують відключенням повністю інтернету. Вони розуміють, якщо людям пояснити, що насправді трапляється в Україні, то росіяни будуть панікувати та виходити на мітинги.

🔸 Багато харків'ян, які втратили будинки через обстріл, поїдуть до родичів до Росії і почнуть розповідати, що там насправді.

Підписатись на Факти Україна 🇺🇦",0,ukraine_ukrainian,0,0.5,0,0,0,1,0.5,3,,
142900,"В ВСУ запретили Telegram и обвинили владельцев мессенжера в работе на российские спецслужбы. Очередной виток ""Охоты на ведьм"".

@razved_dozor",0,russia,0,0,1,0,1,0,0.5,3,,
691086,"⚡️На Маріупольському напрямку українські військові сьогодні здійснили контратаку та знищили:
➖3 ворожі танки;
➖4 БМП;
➖2 Тигра;
➖близько 30 російських окупантів ліквідовані;
➖2 орків потрапили в полон;

👉Днепр Оперативный

Предложить новость|Наш инстаграм",0,ukraine_ukrainian,1,1,1,1,1,1,1,3,,
314279,"Глава российской делегации Владимир Мединский:

— Украина вчера впервые зафиксировала свою готовность к выполнению ряда важнейших условий для строительства добрососедских отношений с Россией

— Есть неопровержимые доказательства того, что Киев планировал наступление на Донбасс 

— Принципиальная позиция России в отношении Крыма и Донбасса остаётся неизменной 

— Письменные предложения Украины включают в себя отказ от ядерного оружия и вступления в НАТО 

— Предложения Украины содержат отказ от размещения иностранных военных баз и военных контингентов. 

@infomoscow24",0,russia,0,0,0,0,0,0,0,3,,
556002,"🙏 Сьогодні планують евакуювати рекордну кількість маріупольців 

""Евакуаційна колона з Бердянська вирушила до Запоріжжя. До 42 автобусів, яких супроводжують машини Червоного хреста та ДСНС, приєдналося багато приватного транспорту"" – повідомили у Маріупольській  міськраді 

Тримаємо кулачки і сподіваємося, що раша не почне стріляти по цивільним, як вже бувало десятки разів 😡

Підписуйся на 24 канал | Підтримай нас",0,ukraine_ukrainian,0,1,1,0,0,0,0.5,3,,
480506,"Видео удара по военному общежитию в Житомире, куда сегодня вечером попала российская ракета

Здание  полностью уничтожено.",0,ukraine_russian,0,0,0,0,0,0,0,3,,
664746,Энергоатом публикует видео подлёта российских ракет над Южноукраинской АЭС. Предположительно они летят с территории Беларуси в сторону Николаева.,0,ukraine_russian,0,0,0,0,0,0,0,3,,
217158,"🤦‍♂️«Россия не атакует жилые кварталы», бредит Путин в разговоре с Макроном

Тем временем на самом деле. Это еще одно видео из Харькова. Как обстреливали обычный двор",0,russia,0,0.5,0,0,0,0.5,0,2,,
791955,"‼️Українці масово відмовляються від ""допомоги"" ворогів на тимчасово окупованих територіях, - ГУР України.

Попри це, окупанти намагаються деморалізувати місцеве населення: поширюють дезінформацію, посилюють контроль за телефонними та інтернет-мережами, впроваджують розрахунок російськими рублями.

Підписатись на Факти Україна 🇺🇦",0,ukraine_ukrainian,0,0,1,0,0,0,0.5,3,,
725964,"❕Євросоюз розширить списки осіб, до яких застосовуються санкції ЄС у зв’язку з агресивною війною росії проти України — головний дипломат Євросоюзу Жозеп Боррель.

За його словами, йдеться про десятки політиків, бізнесменів, пропагандистів, а також компанії у сфері військової та іншої промисловості, транспорту тощо",0,ukraine_ukrainian,0,0,0,0,0,0,0,3,,
751517,Удар ВСУ по складу с боеприпасами ВС РФ на Луганщине этой ночью.,0,ukraine_russian,0,0,0,0,0,0,0,3,,
263443,"Война в Украине. Главное к этому часу

🔺За последние сутки российские войска не предпринимали крупных наступлений в Украине, а укрепляли свои оборонительные позиции, говорится в докладе Института изучения войны.

🔺В осаде в Мариуполе остаются еще 100 тысяч человек, рассказа украинский президент Владимир Зеленский.

🔺США и их союзники обсуждают возможность исключения России из ""Большой двадцатки"" G20.

🔺Американская администрация готовит новые санкции в отношении большинства депутатов российской Госдумы.

🔺Российских военных обвинили в уничтожении уникальной лаборатории в Чернобыле стоимостью 6 млн евро. Об этом заявило Госагентство по управлению зоной отчуждения.

@bbcrussian",0,russia,0,0,0,0,0,0,0,3,,
204449,❗️Минобороны РФ: Зеленский утратил контроль за действиями украинских диверсионных групп с участием иностранных наёмников,0,russia,0,0,0.5,0,0,0.5,0.5,2,,
85818,"🇺🇦 Очередное видеообращение Владимира Зеленского

▪️ Российские силы продолжили наносить ракетные удары по военным и гражданским объектам. 
▪️ Украинцы демонстрируют героизм, не дали реализовать врагу замысел и занять страну за первый день.
▪️ Авиация подло работает над жилыми кварталами. 
▪️ Санкций партнёров недостаточно.
▪️ Граждане Украины, ВСУ, силы территориальной обороны проявляют максимальную выдержку.
▪️ Оказывайте друг друг помощь, помогайте добираться до бомбоубежищ. Доверяйте официальной информации.
#Украина
@rybar",0,russia,0,0,0,0,0,0,0,1,,
704592,"​​‼️ Виведені з півночі України війська потребують значного поповнення для перекидання на Донбас, - Міноборони Великобританії

""Багатьом з цих сил буде потрібно значне поповнення, перш ніж вони будуть готові до розгортання далі на схід, при цьому будь - яка масова передислокація з півночі, ймовірно, займе як мінімум тиждень"", - йдеться в повідомленні.

За даними Міноборони Британії, російські обстріли міст на Сході і півдні тривають, і російські війська просунулися далі на південь від стратегічно важливого міста Ізюм, яке залишається під їх контролем.

Підтримати ЦН| Tg|  Fb | Twitter| TikTok",0,ukraine_ukrainian,0,0,0,0,0,0,0,3,,
186348,"Джо Байден заявил, что призывает создать трибунал по военным преступлениям на Украине, сообщает Reuters. Президент США также сообщил, что его администрация продолжит вводить новые санкции против России.",0,russia,0,0,0,0,0,0,0,3,,
457950,"❗️ На Донбассе ВСУ отбили 10 атак российских оккупантов.

Украинские защитники уничтожили 12 танков, одну артиллерийскую систему, 28 единиц бронированной техники, самолет Су-34, вертолет Ка-52, четыре БПЛА и крылатую ракету.",0,ukraine_russian,0,0,0,0,0,0,0,3,,
31835,"Минобороны РФ:

— За последние сутки добровольно сложили оружие ещё 110 украинских военнослужащих. 

— ВС РФ с начала операции поразили 1146 объектов военной инфраструктуры Украины, среди них 31 пункт управления и узел связи ВСУ, 81 комплекс ПВО С-300, ""Бук М-1"" и ""Оса"", а также 75 радиолокационных станций.

— Российская оперативно-тактическая авиация поразила 6 колонн бронетехники ВСУ.

— Уничтожены 311 танков и других бронемашин, 42 самолета и вертолёта (в том числе на земле), 51 реактивная система залпового огня, 147 орудий полевой артиллерии и минометов.",0,russia,0,1,0,0,0,1,0.5,3,,
450790,"☝️Головне зі зведення Генштабу станом на 18.00:

🔸Морги в тимчасово окупованому Луганську переповнені загиблими окупантами. 

🔸У лікарні окупанти розмістили військовий госпіталь, що повністю зайнятий пораненими військовослужбовцями РФ. Частина лікарні відведена для зберігання трупів, оскільки морги перевантажені.

🔸ЗСУ відбивають наступ окупантів на Київ та утримують визначені рубежі.

🔸25 березня ліквідовано командувача 49-ю загальновійськовою армією Південного військового округу генерал-лейтенанта Якова Резанцева, який командував наступом на Миколаїв.",0,ukraine_ukrainian,0,1,0,0,0,1,0.5,3,,
550384,"‼️Житомирская область, в укрытие!‼️

Русский Корабль Иди … | Подписаться",0,ukraine_russian,0,1,0,0,0,0,0.5,3,,
391649,"В гражданство РФ приняты более 18 тысяч прибывших граждан Украины, ДНР и ЛНР, выдано около 12 тыс. паспортов – замначальника ГУ по вопросам миграции МВД России Олег Кадочников

Подписаться на @truekpru",0,russia,0,0,0,0,0,0,0,3,,
104799,"Ассаламу Алайкум, дорогие друзья! Наши бойцы продолжают выполнять поставленную Верховным Главнокомандующим ВЛАДИМИРОМ ВЛАДИМИРОВИЧЕМ ПУТИНЫМ и моим ДОРОГИМ БРАТОМ, Главой Чеченской Республики, Героем России РАМЗАНОМ АХМАТОВИЧЕМ КАДЫРОВЫМ задачу по освобождению Украины от террористов, бандеровцев и прочих подонков! Также мы помним поручение нашего Глубокоуважаемого Главы ЧР РАМЗАНА АХМАТОВИЧА - всеми силами и средствами обеспечить безопасность мирных граждан. Жители Мариуполя долгое время находились в кольце бандеровцев, будучи лишенными еды, медикаментов. Сегодня наши бойцы всячески помогают мирному населению в решении этих проблем! Нет сомнений, мы продолжим очищать Украину от бандеровщины и положим конец тирании этого преступного режима! Мы выполним поставленную перед нами задачу! 
АХМАТ-СИЛА! АЛЛАХУ АКБАР!!! 
👍🤲☝️#Кадыров #Делимханов #Россия #Чечня #100летЧеченскойгосударственности
#МыВместе #ВремяПомогать #СвоихНеБросаем #МыРезерв",2,russia,1,1,1,1,1,1,1,3,,
550174,"Очередные трофеи для ВСУ

ТЗМ-Т для ТОС-1А ""Солнцепёк"" у наших ребят!

Русский Корабль Иди … | Подписаться",1,ukraine_russian,0,1,0,0,0,0,0.5,3,,
693882,"Рубрика: новости палаты номер 6

""Комиссия Госдумы начала проработку вопроса о приглашении в РФ Нуланд и Байдена-младшего в рамках расследования работы американских биолабораторий на Украине"". Ирина Яровая, депутат Госдумы РФ",0,ukraine_russian,0,0,0,0,0,1,0.5,3,,
683965,"❗️Втрати окупантів! 

Центр протидії дезінформації при РНБО зібрав інформацію по основних втратах російських загарбників за 1 березня: 

🔺Секретар РНБО Олексій Данілов повідомив, що українському керівництву стало відомо про спецоперацію кадировців із вбивства Президента Володимира Зеленського. Усю елітну групу кадировців було знищено

🔺Збройні Сили України нанесли удар Точкою-У по летовищу Бердянська, де загарбники зосередили велику кількість військ

🔺Екіпажі штурмовиків Су-25 та бомбардувальники Су-24м Повітряних Сил ЗС України спільно нанесли 4 авіаудари по колонах танків, броньованої техніці противника та інших цілях",0,ukraine_ukrainian,0,1,1,0,1,1,0.5,2,,
497965,"Орки обстріляли Харківщину на Великдень, зруйновано будинки: є загиблі

Зокрема йдеться про місто Чугуїв та село Калинове.

Доброго вечора, ми з України | Підписатись",1,ukraine_ukrainian,1,1,1,1,1,1,1,3,,
238907,"Их двух Макдональдсов, мимо которых мы сегодня проезжали в столице нашей Родины - Москве, оба работают.

Есть подозрение, что работают все. Вот тебе и ""солидарность с Украиной"" 😂😂😂",1,russia,0,1,0,0,0,0,0.5,3,,
460474,"Оккупанты захватили восточные окраины Мариуполя. Основные усилия противника сосредоточены на захвате городов Мариуполь и Северодонецк, - Генштаб ВСУ.",0,ukraine_russian,0,0,1,0,1,0,0.5,3,,
510909,"Добірка фейків, маніпуляцій та дезінформаційних «вкидів», що ворог продукував протягом 29.03.2022 року. 
 
1. Окупаційні війська поновили тактику обстрілів захоплених населених пунктів для дискредитації ЗСУ в очах місцевого населення. Перед цим ворог попереджає, що будуть обстріли з української сторони.
 
2. Міноборони рф повідомило, що політичне та військове керівництво України «наказує нацбатам знімати постановочні відео про скоєння військовими росії вбивства мирних громадян та мародерство». 

3. Пропагандисти рф продовжують просувати тези «ні русофобії, росіяни не мають відповідати за путіна, росіяни не мають страждати від санкцій».

#інфотерор
#StopFake 

@operativnoZSU
https://t.me/operativnoZSU",0,ukraine_ukrainian,0,0,1,0,1,0,0.5,3,,
798107,"🇺🇦💪""Навіть якщо привезти сюди вмирати мільйон російських громадян, окупувати українців неможливо"", - Зеленський.

Підписатись на Факти Україна 🇺🇦",1,ukraine_ukrainian,0,0,0,0,0,0,0,3,,
668544,"Украине нужно значительно больше тяжелой дальнобойной артиллерии, чтоб обеспечить перелом в войне, сообщил советник главы ОП Михаил Подоляк. 

Как сообщил Подоляк, ежедневно рф теряет убитыми 510-530 человек и это свидетельствует о чрезвычайно высокой интенсивности боев.

""Чтобы удвоить/утроить для РФ количество безвозвратных потерь, необходимо резко увеличить объем поставок снарядов в тяжелые и дальнобойные артиллерийские системы"", - считает Подоляк.

Отметим, что пока Запад не хочет передавать Украине тяжёлые вооружения.",0,ukraine_russian,0,1,0,0,0,0,0.5,3,,
707972,"Хакери Anonymous злили особисті дані 120 тисяч окупантів, що воюють в Україні:

""Всі солдати, які беруть участь у вторгненні в Україну, мають постати перед військовим трибуналом"".


Посилання на списки:",0,ukraine_ukrainian,0,0,0,0,0,0,0,3,,
644392,"Геращенко сообщает, что РФ начало обстрел украинского берега в Одесской области

Ссылка на нас - https://t.me/+XQJhAcf4zqUyZDMy 
Дежурим 24/7! 

Одесса как она есть | Наша инста | Написать нам",0,ukraine_russian,0,0,0,0,0,0,0,3,,
314466,"Дмитрий Медведев в интервью РИА Новости:

▫️ Зарубежные компании, приостановившие работу в России, уговаривают не вводить внешнее управление и не национализировать их, так как хотят вернуться, они это сделают, но вопрос, когда и с какими потерями

▫️Никто не хочет никакой войны, тем более ядерная война — это угроза вообще существованию человеческой цивилизации. В этом смысле правы те аналитики, которые говорят, может быть, несколько цинично, но тем не менее, что создание ядерного оружия предотвратило огромное количество конфликтов в XX и XXI веке. Это правда

▫️ Комментировать переговоры дело неправильное, переговоры требуют тишины

▫️Цель переговоров со стороны России — зафиксировать все результаты, на которые направлена спецоперация, в том числе нейтральный статус Украины, её демилитаризация и отказ от использования нацистских идеологических законов

▫️ У Украины свои задачи: сохраниться как государство и обеспечить себе дальнейшее развитие

@infomoscow24",0,russia,0,0,1,1,0,0,0.5,3,,
471949,"Це Вільхівка у Харківській області. Вчора азовці підбили там ворожу техніку, взяли в полон 30 росіян. Стільки ж - відправили на той світ. 
Так тримати, побратими! 

Сьогодні ще будуть фото та відео звідти. Попереду - чимало роботи!",2,ukraine_ukrainian,0,1,1,0,0,0,0.5,3,,
560768,"Увага! Шановні жителі області! Сьогодні повітряна тривога оголошувалась більше 10 разів! 

Чому так часто? Повітряна тривога оголошується, коли сили ПВО сповіщують про рух ворожих літаків у напрямку Чернігівської області або є підтвердження запуску балістичних ракет. 
Точне місце, куди може влучити ракета, чи який населений пункт атакує літак, визначити важко.

Тому повітряна тривога (в т. ч. і по всій території області одразу) буде оголошуватися стільки разів, скільки цього вимагатиме ситуація! 

Це рятує людські життя!",0,ukraine_ukrainian,0,0,0,0,0,0,0,3,,
430253,"Інформація щодо російського вторгнення станом на сьогодні від заступника міністра оборони Ганни Маляр ⤵️

▪️Інтенсивність просування російських військ вглиб України зменшилась.

▪️Окупанти зазнали величезних втрат, тому зараз намагається поповнити особовий склад та перегрупувати свої війська, оскільки не полишають планів наступальної операції.

▪️Ворог деморалізований, але робить висновки та «вчиться з нами воювати».

▪️Зараз вони намагатимуться закріпитись на тих рубежах, які тимчасово окуповані їхніми військами.

▪️щоб показати бодай «якийсь результат», ворог руйнує міста, села та цивільну інфраструктуру.

▪️Війна — це серйозне випробування, але ми його пройдемо та обовʼязково переможемо.

Реальная Война",1,ukraine_ukrainian,0,0,1,0,1,0,0.5,3,,
508237,"Мер Харкова: ми готові евакуювати людей з районів, які перебувають під постійними обстрілами

Міський голова Харкова Ігор Терехов пообіцяв допомогти евакуюватися людям, які живуть у тих районах міста, які перебувають під постійними обстрілами ворога.

«Хочу звернутися до всіх жителів Північної Салтівки, П'ятихаток, інших районів, які знаходяться під постійними обстрілами російського агресора. Так, нелегко, але ми готові вас евакуювати. Дуже прошу вас, ухваліть рішення зберегти свої життя. Ми вас вивеземо і поселимо в нормальних умовах», — сказав Терехов  у відеозверненні увечері 21 квітня.

Він не уточнив, куди саме пропонує евакуювати цих людей. Але раніше Терехов говорив про те, що харків'ян, які погодилися виїхати з районів міста, що постійно обстрілюються, розміщують у дитячих садках, школах і будинках інтернатах.

Мер також вкотре закликав містян без необхідності не залишати укриття та бомбосховища.
@operativnoZSU",0,ukraine_ukrainian,0,0,1,0,1,0,0.5,3,,
588487,"⚡️ Переговоры РФ и Украины начнутся в утренние часы

В нашей делегации на переговорах с Россией будет Давид Арахамия (Слуга Народа) .

Инсайдер UA  | Подписаться",1,ukraine_russian,0,0,0,0,0,0,0,3,,
670132,"Украина подтверждает, что Россия установила контроль над Северо-крымским каналом и пустила воду в Крым.

По данным Госэкоинспеции водозабор из Каховского водохранилища идет со скоростью (4 320 000 кубических метров в сутки).

Госэкоинспеция в связи с этим заявила о «краже воды» на сумму в 620 млн грн.",0,ukraine_russian,0,0,0,0,0,0,0,3,,
537705,"Сервис по поиску жилья Airbnb запретил жителям россии и Беларуси бронировать жилье по всему миру

Граждане этих стран не смогут оформить бронирование где бы то ни было.

Их просто нигде видеть уже не хотят. Страны-изгои.

Труха⚡️Днепр
Прислать новость 📸",0,ukraine_russian,0,1,1,0,0,0,0.5,3,,
557191,"Українці бачать, що Франція так само цінує свободу, як це було завжди. І ви захищаєте її. Ви памʼятаєте, що це таке. Свобода, рівність, братерство. Кожне з цих слів для вас сповнене силою! Я відчуваю це. Українці відчувають це. Тому ми очікуємо від Франції, від вашого лідерства, що ви зможете зробити так, щоб Росія шукала мир. Щоб закінчила цю війну проти свободи. Проти рівності. Проти братерства.",0,ukraine_ukrainian,0,0,0,0,0,0,0,3,,
217882,"⚡️ Белый дом опубликовал заявление президента Джо Байдена в связи с началом операции в Донбассе

«Президент Путин начал войну, которая принесет катастрофические человеческие жертвы и страдания. Только Россия несет ответственность за смерть и разрушения, которые принесет это нападение, и Соединенные Штаты, их союзники и партнеры ответят единым и решительным образом. Мир призовет Россию к ответу. Этим вечером я буду следить за ситуацией из Белого дома и буду продолжать получать регулярные обновления от моей службы национальной безопасности. 

Завтра утром я встречусь со своими коллегами из G7, а затем выступлю с обращением к американскому народу, чтобы объявить о дальнейших санкциях, которые Соединенные Штаты, наши союзники и партнеры наложат на Россию за этот ненужный акт агрессии против Украины, глобального мира и безопасности».",0,russia,0,0,0,0,0,0,0,3,,
551435,"❗️Общие потери противника от Минобороны Украины

Русский Корабль Иди … | Подписаться",0,ukraine_russian,0,1,1,0,1,0,0.5,3,,
519982,"- «Укрлайф» с Людмилой Немырей: 

00:00 Бояться украинцам «операции» «Астролябия Будды»?)
05:12 Геополитический раскол на Западе.    
09:26 Полномасштабная война для России – это перевод управляемого хаоса в неуправляемый.
14:43 Какие последствия признания Путиным так называемых ДНР и ЛНР?
19:05 Собирать украинцам тревожные чемоданчики?
21:16 Как трактовать заявление Минобороны России об отводе войск?
24:35 Блеф Лаврова про уступки Запада.
29:05 Красный период для Украины: плановые переключения на европейские энергосети.
31:28 Про завершение российско-беларуских учений.
32:13 Телефонный разговор Алексея Резникова с министром обороны Беларуси:

https://youtu.be/74Ugyx_rSZo",0,ukraine_russian,0,0,0,0,0,0,0,3,,
617746,"‼️🇺🇦🏴‍☠️ Мариуполь: металлургический комбинат «Азовсталь», куда отступили нацисты из ""Азова"" - вид изнутри
В это время войска России и ДНР продолжают наступление

Правдивости - подписаться
Второй канал",0,ukraine_russian,0,0,0,0,0,0,0,1,0.5,ukrainians
353302,"Лавров о российско-украинских переговорах: украинская сторона должна понять, что нужно избежать повторения истории с Минскими соглашениями",0,russia,0,0,0,0,0,0,0,3,,
208637,"✊ «Нет войне!» «Нет войне!» — скандируют тысячи жителей Москвы и Петербурга, вышедшие сегодня на антивоенные акции.

Людей не испугали ни жесткие задержания, ни новые статьи КоАП и УК против несогласных с военной агрессией (грозящие большими штрафами и 15 годами тюрьмы).

Правозащитный проект «ОВД-Инфо» сообщает о 934 задержанных в Москве и 571 в Санкт-Петербурге. Всего за воскресенье были задержаны уже более 2975 человек в 49 городах. 

Судя по этим цифрам, по всей стране против «украинской кампании» митинговали десятки тысяч россиян.

Видео: Автозак.Live, Петербург против войны",0,russia,0,0,0,0,0,0,0,3,,
134054,"Минобороны РФ:

«Мы знаем, как относятся украинские нацисты к немногим захваченным российским военнослужащим.

И видим, что истязания и пытки те же, что были у германских нацистов и их прихвостней полицаев в Великую Отечественную.

Фиксируются и идентифицируются все лица, голоса, телефоны и координаты, IP-адреса, а также переписка всех украинских нацистов, причастных к издевательствам над нашими товарищами.

Также это касается руководителей киевского режима и их исполнителей, прямо призывающих к издевательствам над российскими военнослужащими в нарушение конвенции по обращению с военнопленными.

Все вы будете найдены и неминуемо понесёте суровую ответственность».

@rt_russian",1,russia,0,1,1,1,0,0.5,1,2,,
467721,"Генштаб ЗСУ: за попередню добу Повітряні сили ЗСУ уразили 7 повітряних цілей ворога - 1 літак, 4 БПЛА та 2 крилаті ракети. Ворог став менш інтенсивно застосовувати пілотовану авіацію.

▪️Бомбардувальна та штурмова авіація завдавала нищівних ударів по скупченнях техніки і живої сили противника.

▪️Окупанти продовжують терор місцевого населення та мародерство на тимчасово захоплених територіях. До рф ворог вивозить побутову, автомобільну техніку, продукти харчування тощо. 

▪️ ворог став розміщувати особовий склад, озброєння та техніку і на об’єктах цивільної інфраструктури. 

▪️російські загарбники продовжують примусову мобілізацію на тимчасово окупованій території Донецької та Луганської областей. Бюджетні організації Станично-Луганської селищної громади оповіщені про необхідність прибуття 1 квітня 2022 року працівників чоловічої статі віком від 18 до 60 років у місцевий відділ поліції для реєстрації. Причин такої “реєстрації” не пояснюють, хоча це пов’язано з черговою хвилею мобілізації до 2-го армійського корпусу для відправки у райони ведення бойових дій.",0,ukraine_ukrainian,0.5,0,1,0,1,0,0.5,3,,
646710,"❗️С начала спецоперации России на Украине 525 украинских военнослужащих перешли на сторону ДНР.

Сообщили в Народной милиции республики.

Подписаться",0,ukraine_russian,0,0,0,0,0,0,0,3,,
174418,"Крылатые ракеты демократии: 23 года назад США бомбардировкой Югославии уничтожили международное право

В 1999 году, впервые после окончания Второй Мировой, США бомбили европейскую столицу при почти полном молчаливом согласии мирового сообщества. 

Американцы решили наказать «балканскую Россию». Авторы фейков о белом порошке в Ираке и химическом оружии в Сирии обвинили Белград в геноциде мирного населения. Самолеты и корабли НАТО бомбили страну 78 суток. После от Югославии отделили целый регион. За все это США — ни санкций, ни международной изоляции.

Сегодня Сербия не поддержала антироссийские санкции после начала спецоперации на Украине.

💬 Потому сейчас американцы и злятся, что мы делаем на Украине то, что они считают допустимым только для себя любимых, – считает депутат Госдумы Анатолий Вассерман.

Если бы Россия в 1999 году была такой же сильной как сейчас, то агрессия НАТО против Югославии стала бы просто невозможной.

@truekpru",1,russia,0,0,0,0,0,0,0,3,,
737531,"📲Чатботи, які рятують життя. Мінцифри опубліковало список достовірних ботів.

▪️ @stop_russian_war_bot — передавайте відомості щодо місць дислокації, пересування, обсягів військової техніки та особового складу окупанта. Вказані відомості будуть негайно передані до Штабу Збройних Сил України. За вашими координатами негайно завдадуть удару по супротивнику.
▪️@ukraine_avanger_bot — спеціальний бот кіберполіції для повідомлень про виявлені мітки, які окупанти лишають на дорогах.
▪️@safe_space_ua_bot — показує найближчі укриття (поки лише в Києві).

Повідомляйте про ворога й шукайте укриття",0,ukraine_ukrainian,0,0,1,0,1,0,0.5,3,,
748411,"❗️❗️❗️З Сум евакуйовано мирних мешканців

📍Перша колона з 22 автобусів вже прибула в Полтаву.

1 100 іноземних студентів продовжать евакуацію поїздом до Львова. 

Зараз всі в безпеці, отримали харчування. 

📍Друга евакуаційна колона з 39 автобусів вже на Полтавщині. 

Це діти, жінки, літні люди, іноземні студенти.

За бажанням люди зможуть залишитись в Полтаві, або продовжити евакуацію до Львова. 

Гуманітарним коридором також скористались водії цивільного автотранспорту.  

Дякуєю сумчанам, що 13 днів мужньо б‘ються з ворогом❗️

👊🏻🇺🇦 Все буде Україна!",2,ukraine_ukrainian,0,0,1,0,1,0,0.5,3,,
88585,"Путин в телефонном разговоре с Шольцем заявил, что ""киевский режим стремится всячески затянуть переговорный процесс, выдвигая все новые нереалистичные предложения"" — Кремль",0,russia,0,0,0,0,0,0,0,3,,
655408,"Администрация президента США Джо Байдена призвала криптовалютные биржи обеспечить гарантии того, что российские частные лица и организации, попавшие под санкции, не смогут использовать цифровые валюты для обхода ограничений, сообщает Bloomberg. 

Совет национальной безопасности Белого дома и Минфин США обратились по этому вопросу к крупнейшим криптовалютным биржам, в частности к Binance, FTX и Coinbase.

Представитель Binance сообщил, что биржа не планирует закрывать доступ к торговой платформе для всех без исключения российских пользователей, но платформа уже предприняла шаги по идентификации лиц, против которых были введены санкции. FTX и Coinbase также сотрудничают с администрацией президента США, утверждают источники Bloomberg.

Криптовалютные биржи начали вводить ограничения против жителей России, Украины и Беларуси после того, как 24 февраля президент РФ Владимир Путин объявил о начале военной операции на территории Украины. 

Ограничения уже ввели биржи BTC-Alpha, KUNA, CEX IO и Qmall. В Binance заявили, что не будут блокировать всех российских пользователей.",0,ukraine_russian,0,0,0,0,0,0,0,3,,
686142,"""То, что происходит - вынужденная мера, нам не оставили шансов поступить иначе"" - заявил оккупант Путин.

""Российский десант в Гостомеле Киевской области заблокировали, отдан приказ на уничтожение"", - Зеленский",0,ukraine_russian,0,1,0,0,1,0,0.5,3,,
539825,"Ситуація в регіонах на ранок. 
Обласні держадміністрації інформують, як минула ніч.

Київщина
Вночі повітряні тривоги по всій області. Був бій в Ірпені та Гостомелі. Постійні артилерійські обстріли у Бучанському районі.
У Фастівському районі обстріляли село Ясногородка.

Чернігівщина
Чернігів тримає оборону. Російська армія різко збільшила кількість обстрілів міста, житлових та промислових районів. Особливо інтенсивно - з учорашнього вечора. Пошкоджений аміакопровід на одному з найбільших підприємств харчової промисловості Чернігова. На місці працювали ДСНС, попередньо витоку аміаку не зафіксовано.

Луганщина
Обстріли Сєверодонецька, Лисичанська, Рубіжного, Кремінної, Новодружеська, Воєводівки.
Околиці Рубіжного зазнали ударів фосфорними бомбами. Чотири людини загинуло, серед них двоє дітей, шестеро поранених.

Донеччина
Ситуація напружена. В Авдіївці, Очеретиному тривають бої. Обстріл Бахмута.
Маріуполь у блокаді, але бореться. Жоден гуманітарний вантаж не доїхав.
Російські війська руйнують Мар'їнку, постійно наступаючи. ЗСУ втримують оборону.

Житомирщина
Ніч неспокійна. Було декілька тривог. Влучання ракети в промисловий об'єкт в Новоград-Волинському районі. Загиблих та травмованих немає.

Сумщина
В Охтирському районі тривали бої і рух ворожих колон. Але загалом ніч в області була відносно тихою. Інформація щодо руйнувань і постраждалого мирного населення наразі відсутня.

Херсонщина
Становище області залишається складним. Постріли та сильні вибухи були вночі у Чорнобаївці. Надходили повідомлення про вибухи у громадах біля Снігурівки та на межі із Дніпропетровщиною.

У 14 областях ситуація була відносно спокійною.

Кіровоградська, Дніпропетровська, Запорізька, Черкаська, Полтавська, Миколаївська, Одеська області - кілька нічних тривог, загалом ситуація спокійна.

Волинська, Вінницька, Хмельницька, Тернопільська, Закарпатська, Львівська, Рівненська, Чернівецька області - також ніч пройшла відносно спокійно.

Труха⚡️Днепр
Прислать новость 📸",0,ukraine_ukrainian,0,0,0,0,0,0,0,3,,
807289,"💪Загальні втрати ворога станом на ранок 16 квітня:
  
▪️Близько 20100 особового складу  

▪️762 танки         

▪️1982 бойові броньовані машини 

▪️371 артилерійська система   

▪️125 одиниць РСЗВ      

▪️66 засобів ППО       

▪️163 літаки       

▪️145 гелікоптерів     

▪️1458 одиниці автомобільної техніки

▪️8 кораблів/катерів  

▪️76 цистерн з паливно-мастильними матеріалами

▪️138 БПЛА оперативно-тактичного рівня

▪️26 одиниць спеціальної техніки  

▪️4 пускові установки ОТРК/ТРК

✍🏻За інформацією Генштабу ЗСУ. Дані уточнюються через інтенсивні бойові дії.",0,ukraine_ukrainian,0,0,1,0,1,0,0.5,3,,
709601,"Фотки из Николаева, где сбили 4 вертолёта и другой российский мусор. ))",0,ukraine_russian,1,1,0,0,1,1,1,3,,
795131,"⚡️Мінфін Люксембурга заморозив активи російських бізнесменів на 2,5 млрд євро

Підписатись на Факти Україна 🇺🇦",0,ukraine_ukrainian,0,0,0,0,0,0,0,3,,
544778,"🇷🇺🤬Сегодня ФСБ обвинило Украину в разрушении снарядом погранпункта в Ростовской области. 

Правда, на обнародованном самой же ФСБ видео показан какой-то сарай посреди леса без какой-либо инфраструктуры...

🙈Черт, наш стремный план раскрыли на всё СНГ

Труха⚡️Днепр
Прислать новость📸",1,ukraine_russian,0,0,0,0,0,0,0,3,,
172010,"Жители Старобельска (север Луганской области) сообщают, что сегодня город перешёл под контроль ВС РФ. ВСУ его покинули. После чего по нему был нанесён удар Градами с Лимана. Это означает, что началось движение в тылу украинских военных в Луганской области.",0,russia,0,0,0,0,0,0,0,3,,
778151,"Игра была равна,
Играли два... эксперта

""Опиум для народа"", обеспечивающий самоуспокоение и ощущение теплой ванны, хорошо продавался всегда. Чо уж там.

На самом деле это тревожный сигнал. 😂

 Ибо то, что наша аудитория смотрит Подоляку - это окончательный диагноз официальным росСМИ,  которые не способны родить из себя сколь либо серьезных гражданских аналитиков и ссат приглашать настоящих экспертов военных, которые бы дали сухой трезвый, анализ, с конструктивной критикой и ""холодным душем"", но и без всепропальческих истерик. 
А этот вакуум заполняется тем, чем заполняется. 

Но тут радует, что противники еще хуже, ибо смотреть, слушать, обсуждать и всерьез воспринимать ""профессионального Хлестакова"",  псевдоинтеллектуала,  мошенника, афериста и просто девочку-карамельку Арестовича могут либо клинические идиоты, либо лоботомированные, либо укропы.",1,ukraine_russian,1,1,1,0,0,1,0.5,1,,
487995,"Оперативна інформація від Генштабу ЗСУ станом на 18.00:

▫️Фіксуються ознаки початку наступальної операції в Східній операційній зоні. У Слобожанському та Донецькому операційних районах агресор на окремих напрямках активізував наступальні та штурмові дії

▫️З метою посилення наступальних можливостей загарбники продовжують формувати додаткові підрозділи на території Ростовської області та у тимчасово окупованому Криму. Планується їх використання для підтримки бойових дій основних сил у другому ешелоні, охорони адмінбудівель та важливих об’єктів інфраструктури на захоплених територіях

▫️Не виключаються провокаційні дії та застосування противником армійської авіації у прикордонних з Україною районах російської федерації, зокрема завдання ударів по цивільних об’єктах

▫️На Слобожанському напрямку угруповання ворога продовжує частково блокувати Харків та руйнувати артилерійським вогнем житлові квартали міста

▫️На Ізюмському напрямку очікується продовження спроб наступу на напрямках Ізюм - Слов’янськ та Ізюм - Барвінкове

▫️У районі безпосередньої близькості від державного кордону з Україною, на території Белгородської області, відзначається розгортання вертолітних майданчиків

▫️На Донецькому і Таврійському напрямках окупанти зосереджують основні зусилля на захопленні н.п. Лиман, Кремінна, Попасна та Рубіжне, а також встановленні повного контролю над Маріуполем.
 
Противник активізував наступальні дії на Сєверодонецькому, Попаснянському, Курахівському та Запорізькому напрямках.

Тривають бої за Маріуполь. Ворог проводить штурмові дії в районі морського порту

▫️На Південнобузькому напрямку ворог не припиняє спроби встановити повний контроль над територією Херсонської області. Веде бойові дії в районі населеного пункту Олександрівка, успіху не має.

▫️На зайнятих територіях противник викрадає та вивозить до рф обладнання, техніку та вироблену продукцію місцевих підприємств, мінує поля сільськогосподарського призначення",0,ukraine_ukrainian,0,0,1,0,1,0,0.5,3,,
737993,"🤬 Прямо зараз РФ без зупинки атакує маріупольську Азовсталь.

Про це заявив Михайло Подоляк.

Він наголосив, що для збереження залишків репутації окупантам необхідно виконати ""три маріупольські кроки"", серед яких - оголосити реальне пасхальне перемир'я над Маріуполем

Новини України | Підпишись",0,ukraine_ukrainian,0,1,0,0,0,0,0.5,2,,
706070,"💪 88% українців вірять, що Україна відіб’є напад Росії, - опитування ""Рейтинга""

""90% опитаних, думаючи про ситуацію в країні, відчувають надію. Лише 5% відчувають розчарування. Порівняно з довоєнними часами кількість тих, хто відчуває надію, зросла втричі. Практично в усіх регіонах спостерігається максимальний рівень почуття надії"", - розповіли в групі ""Рейтинг"".

88% опитаних вірять у те, що Україна зможе відбити напад Росії. Майже кожен день цей показник зростає. Лише 10% сьогодні не мають такої впевненості. Віра у перемогу є у всіх регіонах країни.

98% підтримують діяльність Збройних сил України, 93% підтримують діяльність президента України Володимира Зеленського, 84% підтримують дії місцевих керівників.

При цьому 80% опитаних відзначили, що готові захищати територіальну цілісність України зі зброєю в руках. Порівняно з довоєнними часами цей показник значно зріс (2020 року – 59%). 

Підписатись|  Fb | Twitter",1,ukraine_ukrainian,0,0,0,0,0,0,0,3,,
463990,"Активисты Национального Корпуса сорвали новогодний съезд ОПЗЖ.

Под офисом в Киеве, где должен был пройти праздничный съезд ОПЗЖ, собрался митинг националистов. Активисты Нацкорпуса пришли ""спросить Киву про его антиукраинские заявления"". Ранее нардеп на российском ТВ заявил, что РФ якобы имеет право на украинские земли, а самого Киву восхищает то, что россияне сделали с Крымом.

Никто из представителей ОПЗЖ общаться с националистами не вышел. Вместо этого они спешно отменили свой праздничный съезд, а сам Кива скрылся в неизвестном направлении. 

Представители Национального Корпуса в конце своей акции нарисовали под зданием граффити, назвав штаб-квартиру ОПЗЖ ""петушиным офисом"".

Украина 24/7",0,ukraine_russian,0.5,0,0,0,0,0,0,1,,
525180,"⚡️З російського полону звільнили двох українських пілотів, — ГУР МО

Вони перебували в СІЗО міста Курськ, що в Росії.",0,ukraine_ukrainian,0,0,0,0,0,0,0,3,,
227803,"Официальное заявление Минобороны РФ:

""За время нахождения Бучи под контролем российских военных ни один местный житель не пострадал от каких-либо насильственных действий. Все опубликованные киевским режимом фото и видео якобы о каких-то преступлениях российских военнослужащих в Буче — провокация.

Южные окраины Бучи, включая жилые кварталы, круглосуточно обстреливались украинскими войсками. Все подразделения ВС РФ полностью вышли из Бучи еще 30 марта, а «свидетельства преступлений» в Буче появились только на 4-й день после этого.""",0,russia,0,0,0,1,0,0.5,0.5,3,,
561971,"За минулу добу російські окупанти 84 рази відкривали вогонь на Донбасі 😡

Під обстріли потрапили понад 40 населених пунктів, деякі з них окупанти обстрілювали по кілька разів.

😔 Двоє українських військових загинули, 12 бійців поранено, ще 6 захисників зазнали бойових травмувань.

 Світла пам'ять загиблим Героям! Швидкого одужання пораненим

24 канал | FB | Insta",0,ukraine_ukrainian,0,0,0,0,0,0,0,3,,
263222,"Что происходит в Славутиче, в который вошли российские войска

Утром в субботу стало известно, что российские войска вошли в город Славутич в Киевской области.
Славутич – самый молодой город Украины, он был основан в 1986 году после аварии в Чернобыле. В городе поселились бывшие рабочие ЧАЭС с семьями. По данным на 2020 год, население Славутича составляло около 24,7 тыс. человек.

Глава Киевской областной военной администрации Александр Павлюк утром сообщил, что российские войска захватили городскую больницу Славутича и похитили мэра города Юрия Фомичева.

Позднее в субботу Фомичева освободили, и он выступил перед жителями города, которые после вторжения российских войск вышли на стихийный митинг с украинскими флагами.

""Сегодня утром немного оказался в плену. Так бывает, потому что это война. Я доложил, что здесь только мирные, со своим флагом Украины. Мы под украинским флагом и законодательством, все мы здесь власть, работаем дальше"", – рассказал он о своей коммуникации с российскими военными во время похищения.

Фомичев заявил, что в субботу российские военные ""будут кататься по городу, заедут в полицию, военкомат, поищут оружие"". Но во второй половине дня, как заверил мэр, российские войска должны выехать из города, оставив в нем один блокпост.

""Мы руководим сами. Если кому-то нужно будет выехать за пределы города, мы согласуем, какая будет процедура. Мы понимаем, что мы должны будем теперь коммуницировать с оккупантами, и вариантов у нас нет. У нас нет оружия – у нас есть свои руки, свои мозги и свои сердца. Это главное, что у нас есть. И любовь к Украине и к Славутичу, это точно"", – сказал мэр жителям.

На стихийном митинге, на который вышли жители Славутича, протестующие против вторжения в город российских войск, скандировали лозунги ""Славутич – это Украина"" и ""Слава Украине"".

На видео с митинга, опубликованных в соцсетях, видно, что на нем собралось много людей, также на видео слышны звуки стрельбы. Как сообщал Павлюк, российские военные начали стрелять в воздух и кидать в толпу светошумовые гранаты, чтобы разогнать митинг, но жители не расходились.

Местный житель, принимавший участие в митинге, рассказал Би-би-си, что российские войска отошли к въезду в город, а над зданием местной администрации по-прежнему висит украинский флаг.

@bbcrussian",0,russia,0,0,0,0,0,0,0,3,,
700179,В Мелитополе российские военные сожгли танк Т-64БВ ВСУ.,0,ukraine_russian,0,0,0,0,0,0,0,3,,
441304,"⚡️Скажи паляниця

Взяли диверсанта у Києві. 

Російськомовна щелепа підвела.

Отправляйте инфу по обстановке в городе @novosti_kieva_bot ссылка на наш канал 👉 https://t.me/kievreal1",1,ukraine_ukrainian,0,1,0,0,0,0,0.5,3,,
745474,"‼️‼️Комітет з питань економічного розвитку звертається до всього світу - не зупиняйтесь! 

📌Весь світ повинен пам’ятати, що свою збройну агресію проти України Росія розпочала з території Білорусі! 

📌Саме з білоруських аеродромів підіймаються російські літаки, які бомблять й обстрілюють ракетами наші міста та вбивають наше мирне населення.

https://bit.ly/3IOQYQ0",2,ukraine_ukrainian,0,0,0,0,0,0,0,3,,
83526,"🇫🇷🇳🇴 Франко-норвежец Дамиан Магру официально числится первым французом в иностранном легионе Украины:

▪️ имеет норвежское гражданство;
▪️юрист, на Украине работает уже два года;
▪️не воюет, занимается пиаром и связями с СМИ;
▪️ боевой опыт отсутствует;
▪️объясняет, что занимается логистикой, в том числе для перевозки из Польши на Украину волонтеров для легиона;
▪️ не говорит по-украински (!), но считает себя вполне украинцем, поскольку владеет русским языком.

#наемники #Франция #Украина 
@rybar совместно с @fifthrepublic

*Поддержать нас: 4377 7278 0407 7977",0,russia,0,0,0,0,0,0,0,3,,
94326,"Из заявления начальника Национального центра управления обороной РФ Михаила Мизинцева:

▪️Россия открыла 19 марта 10 гуманитарных коридоров, Украина предложила еще 11;

▪️Из опасных районов Украины, ЛНР и ДНР за сутки эвакуированы в РФ почти 16,4 тыс. человек;

▪️Националисты готовят химатаки в ряде областей Украины на случай входа войск РФ;

▪️Украинские националисты удерживают в городах почти 7 тыс. иностранцев из 19 стран.",0,russia,0,1,0,1,0,0,0.5,3,,
463759,"""Возьму автомат, пойду воевать"".

Жители Харькова рассказали, что будут делать в случае нападения России.",0,ukraine_russian,0,0,0,0,0,0,0,3,,
65121,"🇷🇺🇺🇦 Брифинг Минобороны России (14.04.2022 г.)
 
◽️ Вооруженные Силы Российской Федерации продолжают проведение специальной военной операции на Украине.

💥 В течение дня оперативно-тактической авиацией поражены 7 военных объектов Украины. Среди них:

▫️ в районе Приволье склад ракетно-артиллерийского вооружения;

▫️ в районах Великая Новоселка, Теминовка, Ивановка, Краматорск и Богородничное шесть районов скопления живой силы и бронетехники украинских 54-ой отдельной механизированной и 128-ой горной штурмовой бригад.
 
💥 Ракетными войсками и артиллерией поражены 132 объекта, в том числе: 8 пунктов управления, 110 опорных пунктов и районов скопления живой силы, 4 артиллерийских батареи, склад боеприпасов.
 
📊 Всего с начала проведения специальной военной операции уничтожены: 131 самолет, 104 вертолета, 245 зенитных ракетных комплексов, 448 беспилотных летательных аппаратов, 2188 танков и других боевых бронированных машин, 248 установок реактивных систем залпового огня, 957 орудий полевой артиллерии и минометов, а также 2088 единиц специальной военной автомобильной техники.

#Минобороны #Россия #Украина @mod_russia",0,russia,0.5,0,0,0,1,0,0.5,3,,
726597,"😡 У Тростянці Сумської області, який перебував в окупації російських військ, загарбники замінували багато об’єктів, зокрема і цвинтар — голова ОВА Дмитро Живицький",0,ukraine_ukrainian,0,0,0,0,0,0,0,3,,
639863,"Кулеба – на замечание «Многие американцы не понимают, какое им дело до находящейся за тысячи километров Украины»: Во-первых, в 1994 году Украина отказалась от своего ядерного арсенала, который был третьим по величине в мире. Мы отказались от него в обмен на гарантии безопасности, предоставленные, в частности, США. Нам было обещано, что если кто-нибудь нападет на нас, США будут в числе стран, которые будут нам помогать.
Во-вторых, то, что происходит в Украине, касается не только Украины. Путин бросает вызов евроатлантическому порядку. Если Запад потерпит неудачу в Украине, следующей целью Путина станет один из членов НАТО на его восточном фланге.
В-третьих, если Путин добьется успеха в Украине, другие игроки по всему миру, которые хотят изменить правила, которые хотят обойти США, увидят, что это возможно, что Запад неспособен защитить то, за что он выступает. Поэтому американцы должны быть заинтересованы в сохранении мирового порядка в его нынешнем виде, и будущее этого порядка решается прямо сейчас в Украине.",2,ukraine_russian,0,0,0,0,0,0,0,3,,
825387,"В оккупированной рф Горловке СБУ продолжает притеснять русьхегаварясчих

В этот раз ударом ломом по рукам от СБУ получили работники горловского пропагандистского тв канала

Мораль. Ме-е-е-е-лосердие. Фу, блядь, дебилье",0,ukraine_russian,0,0.5,0,0,0.5,0,0.5,1,,
792524,"🇺🇦💪 Сили спеціальних операцій Збройних сил України працюють.

Знищені та захоплені вантажівки з постачанням для російських окупантів.

Підписатись на Факти Україна 🇺🇦",0,ukraine_ukrainian,0,0,0,0,0,0,0,3,,
419569,"⚓️ Морські піхотинці з 36-ї бригади, які захищають Маріуполь від росіян, передали відеозвернення, в якому запевнили, що вони не залишили своїх позицій і залишаються вірними Україні, і попросили пам'ятати про ціну спротиву та відстояти перемогу",0,ukraine_ukrainian,0,0,0,0,0,0,0,3,,
671407,"Эрдоган заявил, что надеется на продолжительное прекращения огня в Украине после завтрашней встречи Лаврова и Кулебы в Анталье.",0,ukraine_russian,0,0,0,0,0,0,0,3,,
470838,⚡ В акваторії Чорного моря ЗСУ знищили російський винищувач Су-30 СМ зенітним ракетним підрозділом — командування Повітряних Сил,0,ukraine_ukrainian,0,0,0,0,0,0,0,3,,
746709,"💬 За результатами опитування, проведеного Соціологічною групою «Рейтинг» 18 березня, 77% опитаних вважають, що справи в Україні рухаються у правильному напрямку. Лише 14% протилежної думки, 10% - не змогли оцінити. У всіх регіонах та серед всіх вікових груп домінує оцінка напрямку як правильного. 

📍 Віра у перемогу залишається на найвищому рівні: 93% опитаних вірять у те, що Україна зможе відбити напад росії. Впевненість у перемозі переважає в усіх регіонах країни. 
📍 Половина (47%) опитаних сподіваються, що Україна зможе перемогти у війні з росією вже у найближчі кілька тижнів. Чверть (23%) вважають, що війна триватиме кілька місяців. Тільки 12% думають, що війна закінчиться за півроку-рік чи більше. Тих, хто взагалі не вірить в перемогу, практично немає. 17% поки не змогли відповісти на це питання. 
📍 Результати - за посиланням: https://bit.ly/3IpvOHG",1,ukraine_ukrainian,0,0,0,0,0,0,0,3,,
649036,"❗️Путин назвал вынужденной мерой операцию на Украине.

Для России создали такие риски, что она не могла не отреагировать, заявил президент РФ.",0,ukraine_russian,0,0,0,0,0,0,0,3,,
301271,"Нагнетание истерии вокруг якобы готовящегося вторжения России на Украину является попыткой Запада сохранить тему в международной повестке и ""не дать ей протухнуть"", заявил постоянный представитель РФ при ОБСЕ Александр Лукашевич.",0,russia,0,0,0,0,0,0,0,3,,
695973,"#расклад #Киев

На первый взгляд, бои за Киев перешли в «позиционную фазу». 

Во время «боев местного значения» пригороды столицы и города Киевской области переходят «из рук в руки». Авиация агрессора пытается выполнять одиночные налеты и попадает под огонь наших ПЗРК. На театр боевых действий подходят новые части армии РФ, которые плохо знают местность, и даже ведут «дружеский огонь» по своим же.

Но если составить весь «пазл», получим следуюшее. Агрессор накапливает все возможные резервы. Где может – проводит «разведку боем». И готовится к последней и решительной попытке взять штурмом Киев. 

Россияне понимают – если они не возьмут Киев сейчас, значит не возьмут никогда. Поэтому будут драться фанатично. 

Наши друзья с «Острова» уже предупредили о таком сценарии ВСУ и других защитников Киева. Наши военные готовы сделать все, чтобы отстоять Киев. И чтобы тысячи и тысячи русских солдат никогда не вернулись домой.",2,ukraine_russian,0,1,0,0,1,0,0.5,3,,
411803,"Центр Одеси перетворився на фортецю для відсічі російського нападу.

Замість туристів вулицями ходять люди у пікселі, а замість реклами нічних клубів – поради, в якому напрямку варто прямувати російському кораблю",0,ukraine_ukrainian,0,1,0,0,0,0,0,2,,
660342,"❗️Делегация Украины прибыла на третий раунд переговоров с РФ — СМИ

Подписаться / Прислать новости",0,ukraine_russian,0,0,0,0,0,0,0,3,,
452051,"У Мережі опублікували розмову російських окупантів у Бучі, перехоплену СБУ. Росіяни розповідають, як затримували мирних жителів як заручників, хваляються мародерствами та у захваті від того, як добре живуть люди в Україні, на відміну від Росії. 👉🏻 https://bit.ly/3KDOC7D",0,ukraine_ukrainian,0,0,0,0,0,0,0,3,,
90047,Российские военные зафиксировали удар украинских националистов по жилым кварталам населенного пункта Сартана в пригороде Мариуполя и по школе в самом городе — Минобороны России,0,russia,0,1,0,0.5,0,0,0.5,3,,
71774,"✔️Зеленский требует любой ценной отбить Бучу.  Для этого он разрешил задействовать любые силы и средства. В четверг сводному отряду ВСУ и нацгвардии удалось пробиться в поселок и на несколько минут поднять флаг. После чего их выбили российские десантники. Все  может закончиться катастрофой. Это уже случилось в Гостомеле, когда Зеленский требовал уничтожить русский десант любой ценной. Итогом его истерики стала гибель почти полного состава 4-й бригады Нацгвардии.",0,russia,0,0.5,0.5,0.5,0,0.5,0.5,3,,
422063,Украинские военные ликвидировали командующего российской армии генерал-майора Андрея Колесникова,0,ukraine_russian,0,0.5,0,0,0,0.5,0.5,3,,
737646,"📍Харківська область! Знищено 100 загарбників та 100 одиниць бронетехніки, повідомив голова ОДА Олег Синєгубов!",0,ukraine_ukrainian,0,1,0,0,1,1,1,3,,
61730,"❗️🇷🇺Брифинг Минобороны о проведении специальной военной операции:

🔺Подразделения ВС РФ за сутки продвинулись до 14 километров. В ходе наступательных действий установлен контроль над южными районами населенных пунктов Благодатное, Владимировка, Павловка и Никольское. 

🔺Авиация и ПВО ВСК России сбили  самолет Су-24 украинских ВВС в районе Любимовка и два БПЛА. Всего за время операции выведено из строя 3687 объектов военной инфраструктуры Украины.

🔺В населенном пункте Никольское боевики нацбатальона «Айдар»*, оборудовав огневые позиции прямо на территории православного Свято-Успенского Николо-Васильевского монастыря, держали в заложниках около 300 мирных жителей и монахов.
При освобождении данного населенного пункта российскими подразделениями часть националистов уничтожена, остальные рассеяны. Заложники и строения монастыря не пострадали.

🔺Группировка войск Народной милиции ЛНР, продолжая наступательные действия, полностью блокировала населенный пункт Боровское и закрепилась в северных районах города Попасная.

🔺В Северодонецке подразделения ЛНР  блокировали восточную и южную часть города.

t.me/RVvoenkor",0,russia,0,1,1,1,1,1,1,3,,
432614,"Друзі! Дорогі кияни!
 
Ситуація в місті складна, але контрольована.
 
Вночі в столиці прогриміло кілька вибухів. – Це працювали системи ППО Збройних сил, які збивали ворожі ракети. Руйнувань і постраждалих, слава Богу, немає.
Пошкоджену вчора теплотрасу біля залізничного вокзалу тепловики сьогодні відновлять.
 
Міська влада продовжує забезпечувати роботу критичної інфраструктури Києва.
 
Хочу окремо подякувати столичним комунальникам. Які, окрім виконання професійних обов‘язків, також долучилися до допомоги гуманітарному штабу, волонтерам.
І возять сьогодні зерно на «Київхліб», розвозять їжу, гуманітарну допомогу киянам. Доставляють їжаки, блоки, пісок для тероборони. Це – працівники міських ШЕУ, «Київміськсвітла». «Київпастрансу», Центру організації дорожнього руху та інших служб.
 
Хочу зазначити, що прибирати сміття в місті, розвозити продукти, служби можуть до комендантської години. Тобто – з 7:00 до 20:00.",1,ukraine_ukrainian,0,0,1,0,0,0,0,2,,
163632,"⚡️Омбудсмен РФ Москалькова подтвердила РИА Новости обмен с украинской стороной по формуле ""10 на 10""",0,russia,0,0,0,0,0,0,0,3,,
120875,"Познакомьтесь с автором методички о войне с Украиной: Дарья Лантратова, заместительница Турчака 

В распоряжение Центра «Досье» попала очередная серия «темников» о том, что нужно говорить о войне в Украине. На этот раз методички предназначены для чиновников и публичных лиц, которым рекомендуется с помощью мемов и вирусного контента прославлять героизм российских военных и убеждать россиян в том, что весь мир настроен против них. 

Судя по метаданным, автор этих методичек — Дарья Лантратова, заместительница Андрея Турчака в «Единой России». Ее можно назвать самой настоящей тяжелой артиллерией в информационной войне. 

Лантратовой 37 лет, ее обязанности в роли заместителя Турчака — формирование позиции партии по ключевым социально-экономическим и общественно-политическим вопросам. Она с 2008 года работала в пресс-службе правительства и дослужилась до высокого поста референта Управделами президента по общественным связям и коммуникациям — это подразделение администрации президента. 

Из соцсетей Лантратовой можно сделать вывод, что она любила отдыхать в Европе, а еще в 2008 году принимала участие в международном смотре народного искусства в Риге в национальном латышском наряде. Ездить автор методичек о войне с Западом предпочитает на Mercedes-Benz GLA 200.

Подробнее о «темниках» Кремля и их авторах — на сайте «Досье».

https://dossier.center/temnik/

Летом 2021 года Генпрокуратура заблокировала наш сайт. Теперь расследования Центра «Досье» в России можно прочитать через VPN или на зеркале:

https://dossier-center.appspot.com/temnik/

P. S. А ещё чиновники составляют методички для школьников и студентов. Кто их пишет и о чем в них говорят, читайте в нашем предыдущем расследовании",0,russia,0,0,0,0,0,0,0,3,,
533512,"Ждал русский мир и выглядывал оккупанта в бинокли... Теперь, после визита СБУ и полиции, бинокли передаёт ТерОбороне
 ДНЕПР ЕДИН 💪🏻🇺🇦

Днепр ОПЕРАТИВНЫЙ🇺🇦

ПОДПИСАТЬСЯ | Прислать новость | Инстаграм |

#днепроперативный",2,ukraine_russian,0,0,0,0,1,0,0,2,,
491814,"❗️Переговоры между Украиной и РФ могут продлиться ""несколько недель или дольше"", заявил Советник главы ОП Михаил Подоляк в интервью Bloomberg TV.

При этом он отметил, что есть признаки того, что позиция мордора стала более адекватной.",0,ukraine_russian,1,1,1,1,1,1,1,3,,
808359,"‼️Звернення Володимира Зеленського за підсумками 56-го дня війни

«Зараз у Євросоюзі триває підготовка шостого санкційного пакету. Обговорили це сьогодні з Шарлем Мішелем. Працюємо над тим, щоб зробити його по-справжньому болісним для російської воєнної машини та російської держави в цілому. 

Наголошую на кожних переговорах, що санкції потрібні не як самоціль, а як практичний інструмент, щоб спонукати Росію шукати мир». 

Львівич | Підписатися",0,ukraine_ukrainian,0,0,0,0,0,0,0,3,,
744033,"🔴Видання The New York Times опублікувало супутникові знімки з Бучі, які доводять, що мирних жителів вбивали саме під час окупації російськими військами. Тіла українців почали з’являтись на вулицях міста з середини березня. Тоді Бучу контролював ворог.

росія підступно намагалася відхреститись від звірств на Київщині, заявляючи про вихід окупантів з Бучі 31 березня. Цю цинічну брехню бачить весь світ. 

#stoprussia",0,ukraine_ukrainian,0.5,0,1,1,0,0,0.5,3,,
528819,"Результат розмови з Олександром Лукашенком. 

Ми домовилися, що українська делегація зустрінеться з російською без попередніх умов на українсько-білоруському кордоні, в районі річки Прип'ять. 

Олександр Лукашенко взяв на себе відповідальність за те, що на час проїзду, переговорів та повернення української делегації всі літаки, гелікоптери та ракети, розміщені на білоруській території, залишаться на землі.",1,ukraine_ukrainian,0,0,0,0,0,0,0,3,,
379427,"✔️Киевский неонацистский режим продолжает вести войну с «неправильными» православными. Так, вооруженные формирования Украины используют храмы Украинской православной церкви Московского патриархата (УПЦ МП) для оборудования своих огневых позиций, берут в заложники священнослужителей УПЦ МП. Наряду с этим широко распространены гонения на представителей других религиозных конфессий, о чем свидетельствует антиеврейская акция в городе Умань Черкасской области, где радикалы разгромили местную синагогу. Тем самым за счет постепенной ликвидации других религиозных течений киевский режим придерживается тактики «выжженной земли» и создает условия для масштабной экспансии Православной церкви Украины. В этой области руководство Украины полностью берет пример с Польши.",0,russia,0,0,1,1,0,0.5,1,2,,
497525,"🇺🇦Повітряне командування ""Схід"" інформує:
Дніпропетровщина: ракетна загроза минула! Силами протиповітряної оборони збито обидві ракети.
Харківський напрямок: знищено ворожий безпілотник.
Тримаємо стрій! Слава Україні🇺🇦
#stoprussia",2,ukraine_ukrainian,0,0,0.5,0,0,0,0,2,,
681318,"Полк Азов взял в плен одного из мобилизованных солдат оккупантами «ДНР»

Российское командование использует таких солдат, чтобы они шли вперёд и выявляли позиции украинцев. Одноразовые солдаты. Этому одному повезло попасть в плен.",0,ukraine_russian,0.5,0.5,0,1,0,0.5,0.5,2,1,eastern_ukrainians
431268,"В Харьковской области оккупанты высадили 120 десантников, их сразу разгромили. Выжившим пришлось бежать обратно в РФ.

Реальная Война",0,ukraine_russian,0,0,0,0,0,0.5,0,1,,
329044,"«Люди! Громадяны, кто не уехал из страны?»: Зеленский борется с паникой после предупреждений Байдена о неотвратимом вторжении России.
Видео «Украина 24»",0,russia,0,0,0,0,0,0,0,3,,
792671,"👉 У Росії звинуватили Україну в «біологічному тероризмі», — депутатка Держдуми РФ Ірина Ярова під час брифінгу

Підписатись на Факти Україна 🇺🇦",0,ukraine_ukrainian,0,0,0,0,0,0,0,3,,
438939,"Российский стартапер и инстаграмщик из Питера, который приехал повоевать в Украину и доехать в Киев ""мочить укропов"" приуныл. Он воевал под Попасной.

прислать новость 👉@novosti_kieva_bot
подписаться 👉",0,ukraine_russian,0,1,0,0,0,1,1,2,,
549870,"А на этом видео якобы видно вертолеты ВСУ, с которых и был нанесён удар (как утверждают росСМИ).

Русский Корабль Иди … | Подписаться",0,ukraine_russian,0,1,0,0.5,0,0,0.5,3,,
490787,"❗️Мэр Мариуполя Вадим Бойченко заявил в интервью УНИАН, что из города уже эвакуировались около 50% жителей. При этом еще 20-30 тысяч, по его словам, были насильно вывезены на неподконтрольные Украине территории или в РФ.

Из остальных, по информации Бойченко, около 140 тысяч человек выехали на поездах и по автомобильным дорогам в самом начале боевых действий. Со временем выехали еще около 100 тысяч человек, а 60 тысяч — по гуманитарным коридорам.

Бойченко напомнил, что до войны население Мариуполя составляло около 540 тысяч человек.",0,ukraine_russian,0,0,0,0,0,0,0,3,,
81473,"🇷🇺🇺🇦 О референдумах в Николаеве и Херсоне

Украинские власти сейчас всеми способами пытаются не допустить проведения референдума на территории Николаевской и Херсонской областей. 

▪️20 апреля неизвестными в Херсоне был убит украинский волонтер и блогер Валерий Кулешов, которого украинские СМИ в своих публикациях подчеркнуто называли «пророссийским».

▪️Параллельно с этим на улицах города стали появляться листовки с угрозами в адрес «российских оккупантов и всех, кто поддерживает их режим».

▪️Украинские Telegram-каналы распространяют информацию о задержанном несколько дней назад депутате херсонского горсовета Илье Карамаликове, которого обвиняют в государственной измене за сотрудничество с «российскими оккупантами».

▪️Для усиления эффекта к отработке темы подключили одного из самых популярных на сегодняшний день украинских политиков — Виталия Кима.

Глава Николаевской ОГА второй день подряд вынужден комментировать новости о подготовке к референдумам в Снигиревке и Херсоне, обещая «отбить» и «освободить» эти территории. Тем самым Ким намекает на неминуемое возмездие для всех, кто сотрудничал с российской стороной. Только что об угрозе референдума в Херсонской области заявили в оперативном командовании «Юг» ВСУ.

И это важный сигнал: украинская сторона вынуждена признать неизбежность референдумов на всех освобожденных ВС РФ территориях.

И сейчас нельзя бояться диверсий и провокаций. Разумеется, они будут продолжаться. К ним надо готовиться. 

И не останавливаться.
#Херсон #Николаев #Украина 
@rybar

*Поддержать нас: 4377 7278 0407 7977",0,russia,0,0,0,0.5,0,0.5,0.5,2,,
439888,Ситуація щодо російського вторгнення – брифінг радника керівника Офісу Президента Олексія Арестовича (21.03.2022 – день). #stoprussia,0,ukraine_ukrainian,0,0,0,0,0,0,0,3,,
459990,"«Буду ебашить русню до последнего, сука, подиху» 

Вчора на Херсонщині зустрів трьох місцевих, які розбили пів колони окупантів! І це не тероборона, не ЗСУ, а звичайні українці, які боронять свою рідну землю. Ви маєте це побачити, це 🔥!",0,ukraine_ukrainian,0,1,0,0,1,1,1,3,,
817242,"‼️Із брифінгу радника керівництва ОП Олексія Арестовича:

▪️Противник припинив рух у північно-західному напрямку Києва, деякі підрозділи відходять.
▪️На Чернігівському та Сумському напрямках - тиша.
▪️Спроба прорватися в Харків закінчилась для окупанта невдачею.
▪️Ситуація у Куп'янську з'ясовується.
▪️Волноваху вдалося відбити.
▪️Маріуполь тримається.
▪️Бердянськ зайняв противник.
▪️До окупанта приходять резерви з Криму.
▪️Окупанти випустили 3 ракети по Києву, одну збили, одна невідомо де, одна потрапила в Софіївську Борщагівку.

Втрати противника склали близько 4500 осіб вбитими та пораненими.",0,ukraine_ukrainian,0,0,1,0,1,0,0.5,3,,
305978,"Совсем скоро:

Минобороны РФ: в секретных биолабораториях Украины был выращен Навальный",0,russia,0,0,0,0.5,0,0,0,2,,
301497,"Неоднократные утверждения СМИ и политиков Запада о якобы имеющихся у Москвы сценариях вторжения на Украину представляют собой лишь информационную кампанию на фоне переговоров России и НАТО о гарантиях безопасности, заявил бывший глава следственного управления Службы безопасности Украины, генерал Василий Вовк.",0,russia,0,0,0,0,0,0,0,3,,
696124,"⚡️⚡️Бой под Броварами продолжается, ракетами ударили по блок-посту, после чего российская армия начала идти к городу. Ее сдерживает наша армия.",1,ukraine_russian,0,0,0,0,0,0,0,3,,
104416,"Ассаламу Алайкум, дорогие друзья! Верховный Главнокомандующий ВЛАДИМИР ВЛАДИМИРОВИЧ ПУТИН принял решение отменить штурм «Азовстали» в Мариуполе, так как посчитал его нецелесообразным. Он отметил, что намного важнее сохранить жизни и здоровье солдат и офицеров. Глава государства приказал заблокировать промышленную зону в «Азовстали» так, чтобы муха не пролетела. Безусловно, мы немедленно приступим к выполнению приказа Верховного Главнокомандующего! 
АХМАТ-СИЛА! АЛЛАХУ АКБАР!!! #Кадыров #Делимханов #Россия #Чечня #100летЧеченскойгосударственности #МыВместе #ВремяПомогать #СвоихНеБросаем #МыРезерв",2,russia,0,0,0,0,0,0,0,3,,
167520,"Тяжелый, бредовый сон, от которого всеми силами пытаешься проснуться – такое впечатление произвела пресс–конференция главы российской делегации по итогам встречи с представителями НАТО. 

Глубоко уставший, даже растерянный человек, более часа сбивчиво рассказывал, как Запад целенаправленно обнулил всю повестку отношений. 

Неподготовленный зритель мог бы принять это выступление дипломата за съемку четырех–пятилетней годовой давности. 
Но говорить такое после российского ""Ультиматума""? 

Впрочем, растерянность дипломата понятна и даже во многом символична. 
Ведь возили лицом по столу ни кого иного как многолетнего куратора направления Западной Европы в МИД, главного лоббиста отношений с НАТО и ЕС Александра Грушко. 

И вот этот человек растеряно рассказывал, как НАТО последовательно уничтожила всю повестку, которую он, Глушко всю свою жизнь в России продвигал. 

Было странно и даже дико слушать «плач Ярославны» о «полезности» России НАТО и Европе, на фоне учений НАТО с имитацией ядерных ударов по объектам в Крыму и материковой части России. Жалкое зрелище. 

В целом, ход переговоров, как я писал выше произвел впечатление тяжелого бреда. 
Самое интересное мы узнали из оговорок Глушко. 

Знаете, почему переговоры шли более четырех часов? Оказывается, первые полтора часа делегация НАТО предъявляла свои требования России по Украине. 
Высказался КАЖДЫЙ участник НАТО, представляете? А российская делегация покорно сидела под этими ушатами помоев, и пыталась взять слово. 

Остальное два с половиной часа, российская сторона выслушивала «инициативы» делегации НАТО по безопасности в Европе. Которые мы в письменной форме не получили ни до, ни после. То есть, это был еще один повод поунижать русских. 

Российский документ изначально даже не стал никто рассматривать. 
Вот в чем смысл был этих унижений? 
И главное перед кем? 
Полными ничтожествами, пустыми статистами, как говорят в Америке – empty suits. 

И все вот это Глушко назвал «разговором по душам». 
Некоторые его фразы можно высекать на камне. Например: «НАТО считает нас своим главным противником, с чем мы согласиться не можем» (с). 

Ну и расставание Глушко с последними иллюзиями: «НАТО настроен на сдерживание России, США и их союзники пытаются добиться превосходства во всех сферах и на всех возможных театрах военных действий». Вот и все разговоры по душам. 

Единственный плюс всего этого я вижу, что даже самые упертые компрадоры в МИДе России увидели, что они никому не нужны. 

А реальным итогом всего этого заключается то, что после такой порки ставки взлетели до небес. 
Сейчас любая полумера уронит российский авторитет ниже плинтуса, и потом, чтобы привести в чувство особенно неадекватных макак в Европе – типа Прибалтики или Польши, придется реально воевать. 
@genshab",1,russia,0.5,0.5,0,0,0.5,0.5,0,1,"1, 0.5","europeans, Alexander Grushko"
354457,"""Талибан"" (запрещен в РФ) сообщил о готовности эвакуировать граждан Афганистана из Украины",0,russia,0,0,0,0,0,0,0,3,,
727377,"UPD: У Бердянську знищено великий десантний корабель армії окупантів — ВМС ЗСУ.

У соцмережах пишуть, що один корабель потонув, ще два палають, а разом із ними знищено склад боєприпасів та цистерни з паливом.

⚡️У Бердянську горить порт — про це нам повідомили місцеві мешканці. Попередні причини вибуху поки не встановлені",0,ukraine_ukrainian,0,0,0,0,0,0,0,3,,
452831,❕Росія відкрито анонсувала нові удари по українських підприємствах оборонно-промислового комплексу (ОПК). Про це повідомило Міноборони РФ.,0,ukraine_ukrainian,0,0,0,0,0,0,0,3,,
497871,"💥""Мы будем бороться столько, сколько нужно, чтобы освободить страну. Если дети уже рождаются в укрытиях, даже когда продолжаются обстрелы, то у врага нет никакого шанса в этой, бесспорно, народной войне"" - Владимир Зеленский.",2,ukraine_russian,0,0,1,0,0,0,0.5,3,,
630725,Хакеры Anonymous объявили кибервойну России из-за ее нападения на Украину.,0,ukraine_russian,0,0,0,0,0,0,0,3,,
23333,"Так наши солдаты спасают «пушистиков» от обстрелов ВСУ — российские военные эвакуировали брошенных животных в Белгородскую область 

Российские солдаты помогают не только людям, пострадавшим от обстрелов украинских военных, но и животным — наши бойцы эвакуировали собачий питомник, который находился в селе Русские Тишки (Харьковская область) в Белгородскую область. 

Как сообщают военкоры, населенный пункт регулярно подвергается обстрелам со стороны украинских позиций под Харьковом. Но несмотря на это, несколько десятков «пушистиков» удалось вывезти в Белгородскую область  — сейчас они находятся в безопасности.",2,russia,0,0,0.5,0,0,0,0,2,,
467381,"З початку вторгнення рф в Україні загинула 121 дитина та постраждало понад 160 дітей

Зокрема, вчора ввечері російські нацисти завдали нового удару по одному з житлових будинків у Рубіжному. У результаті загинули троє людей, з них дві дитини. 

Вкотре світ переконався, що так званий «руський мир» – це смерть маленьких діточок.

Фактичну кількість загиблих і поранених дітей встановити не є можливим через те, що в українських містах окупаційні війська ведуть активні бойові дії.",0,ukraine_ukrainian,0,0,1,1,1,0,0.5,2,,
180464,"Кадры ужасных обстрелов жилых кварталов мирных городов где погибло много мирных граждан. 

Нет, это не Украина. Это малая доля того, что все 8 лет творила украинская армия на Донбассе.

Где были все эти певцы, актёры, блогеры и прочие миротворцы? А не где! Им плевать. За геноцид русских санкции не вводят.",0,russia,0,0,1,1,0,0,0.5,3,,
172408,"⚡️Российские военные и пограничники предотвратили нарушение границы диверсионно-разведывательной группы с Украины, уничтожены 5 нарушителей, среди российских солдат потерь нет, сообщает Южный военный округ",0,russia,0,0,0,0,0,0,0,3,,
533950,"⚡️Полностью уничтоженная 💩 колонна на харьковском направлении

Очень много мертвых, а в РФ все твердят, что потерь нет, ну-ну

Днепр ОПЕРАТИВНЫЙ🚨

ПОДПИСАТЬСЯ | Прислать новость | Инстаграм |

#днепроперативный",0,ukraine_russian,0,1,0,0,0,1,0.5,3,,
27351,"Спустя два дня ложь Зеленского, похоронившего украинских военных на острове Змеиный, вскрылась официально — ВМС ВСУ заявили, что все военнослужащие живы. А вот так это звучало в его видеообращении

Служба Военно-морских сил Украины заявила, что пограничники с острова Змеиный, которых Зеленский ранее объявил погибшими и присвоил им посмертные награды Героев Украины, — живы, добавив, что их ждут на родине. В ВМС утверждают, что посчитали военнослужащих погибшими, поскольку те не выходили на связь.

Верится в это с трудом, потому как эту историю украинская пропаганда использовала как основной тезис, чтобы убедить население в зверствах российских военных. Никаких свидетельств не то что зверств, а даже случайной гибели гражданских от наших действий до сих пор нет. 

Это вам не фейковые баннеры на российские сайты вешать, ребята. Ложь рано или поздно становится явной.",1,russia,0,1,0,0.5,0,0,0.5,2,,
753086,"Краткий ликбез о том, что означают потери 

В классической военной теории, 30% повреждения боевого подразделения ведет к энтропии, и если эта степень разрушения будет подтверждена (то есть солдаты этого подразделения будут знать об этом), то побеждающая армия переходит к следующей задаче. А понесшее потери подразделение теряет способность вести активные боевые действия. Порой, это и вообще может значить развал и бегство. Более упрощенно - если в вашей роте 100 солдат, то после потери 30 солдат - ваша рота более не боеспособна. 

Крайне редко бывают исключения. Например, Вермахт. Немецкие подразделения зачастую страдали от 50% (и более) повреждений и потерь своего состава, но продолжали сражаться. Бывают и обратные примеры, например, во время арабо-израильских воин армейским подразделениям Египта и Сирии было достаточно порой нанести всего 10% потерь, чтобы эти подразделения рассыпались, теряли организацию и бросались в бегство. 

То есть вам не надо ""убивать всех"". Военное ремесло - это вообще не про ""убийства"". Вам надо вывести из строя (ранеными, дезертировавшими, бежавшими, пленными и таки да, в том числе и убитыми) определенную часть войска врага и после этого он уже небоеспособен. Опыт, вот уже более трех недель боев говорит нам, что вторгнувшиеся части ВС РФ в Украину теряют свою боеспособность после потерь в 10-20%, а вот украинские части могут терпеть очень большие потери, но при этом сохранять феноменальную организацию и способность к выполнению задач.",0,ukraine_russian,0,0,0,0,0,0.5,0,2,,
168195,"❗️🇷🇺Россия потребовала от США прекратить вооружать Украину, угрожая в противном случае ""непредсказуемыми последствиями""

Об этом говорится в официальной дипломатической ноте из Москвы, с копией которой ознакомилось издание The Washington Post.

Честно, только сейчас? И что ждут? Что Байден такой, ""ну ладно, больше не будем?""",0,russia,0,0,0,0,0,0,0,3,,
511612,"80% Ірпеня - під контролем ЗСУ та тероборони

Окупанти постійно обстрілюють Ірпінь з мінометів та ""градів"".
""По місту випустили вже 20 залпів по 10 касет"", — сказав мер міста Олександр Маркушин.

За його словами, 80% Ірпеня контролюють підрозділи ЗСУ та територіальної оборони. Проте у місті є чимало диверсійних груп ворога та мародерів. Про них повідомляють самі місцеві жителі.

#Київ 
#Ірпінь 
@operativnoZSU",0,ukraine_ukrainian,0,0,1,0,0,0,0.5,3,,
580723,"Христо Грозев из Billingcat инсайдит, что Россия якобы выдвигает ещё одно кулуарное условие - это назначить сопредседателя ОПЗЖ Юрия Бойко премьер-министром.

Наш источник указывает, что это вброс для того, чтобы националисты, контролируемые СБУ, начали процесс зачистки остатков ОПЗЖ, которые не поддержали Россию.",0,ukraine_russian,0,0,0,0,0,0,0,2,0.5,ukrainians
186849,"$564,9 млрд — сумма единовременных потерь, понесённых Украиной от российского вторжения

Об этом заявила министр экономики Юлия Свириденко.",0,russia,0,0,0,0,0,0,0,3,,
693536,"Увага!!!
Близько години тому російські окупаційні війська використали проти українських військових та цивільних осіб в місті Маріуполь отруюючу речовину невідомого походження, яку було скинуто з ворожого БПЛА.

У постражалих спостерігається дихальна недостатність, вестибуло-атактичний синдром.
Наслідки використання невідомої  речовини уточнюються.",0,ukraine_ukrainian,0,0,0,0,0,0,0,3,,
582986,"Украинские десантники уничтожили колонну российской военной техники, которой оккупанты ехали убивать украинцев

Был уничтожен передвижной пункт управления с руководящим составом 4-й батальонной тактической группы 201 военной базы Центрального военного округа ВС РФ.

Также взгляните на пропагандистские материалы, которые раздают оккупантам🤯

Инсайдер UA  | Подписаться",0,ukraine_russian,0,1,0,0,0,1,0.5,3,,
462293,В Харькове горит техника оккупанта.,0,ukraine_russian,0,0,0,0,1,0,0.5,3,,
280278,"❗️Главное из нового брифинга Минобороны РФ:   
  
◾ Российские военные форсировали реку Шайтанка и ведут бой на подступах к Великой Новоселке;

◾ Идет зачистка от националистических формирований населенного пункта Золотая Нива, продвижение составило восемь километров; 

◾ Подразделения ЛНР продолжают наступление на Северодонецк, ведется зачистка населенного пункта Житловка;

◾ Украинские националистические батальоны на северодонецком направлении несут серьезные потери, за день уничтожены более 50 боевиков, два танка, три БМП и два полевых склада ракетно-артиллерийского вооружения;  
 
◾ На первом этапе операции планировалось заставить противника сконцентрировать силы для удержания больших городов, сковать их, эти цели выполнены; 
 
◾ Средствами ПВО ВКС РФ за сутки уничтожены два украинских беспилотных летательных аппарата;  
 
◾ В течение дня оперативно-тактической и беспилотной авиацией поражены 69 военных объектов Украины;  
 
◾ Целью перегруппировки ВС РФ является активизация действий на приоритетных направлениях и завершение операции по полному освобождению Донбасса;

◾️ ВС РФ располагают документами, свидетельствующими о планах применения Киевом беспилотников для распыления смертельно опасных веществ;

◾️ Киевский режим всерьез рассматривал возможность использования биологического оружия против населения Донбасса и Российской Федерации;

◾️ Эксперты войск РХБЗ выявили конкретных должностных лиц, принимавших участие в создании компонентов биологического оружия на Украине.",0,russia,0,1,1,1,1,1,1,3,,
356899,"Путин впервые прокомментировал ситуацию вокруг Украины

По его словам, процесс урегулирования ""буксует"", а Киев не исполняет Минские соглашения и отказывается от прямого диалога Донецком и Луганском, а также ""по сути саботирует"" выполнение договоренностей по внесению изменений в Конституцию, особому статусу Донбасса. 

""Да и в целом, на Украине массово нарушаются права человека. На законодательном уровне закрепляется дискриминация русскоязычного населения. <…> Залог гражданского мира на Украина — выполнение минских договоренностей. Все, что нужно сделать Киеву — сесть за стол переговоров с представителями Донбасса и согласовать политические, военные, экономические меры по завершению конфликта. <…> К сожалению, прямо сейчас мы наблюдаем обострение ситуации на Донбассе""",0,russia,0,0,0,0.5,0,0,0,2,,
68947,"❗️❗️❗️

По данным следствия, Александр Невзоров 9 марта 2022 года на своей публичной странице в запрещенной в Российской Федерации социальной сети «Инстаграм» и 19 марта 2022 года на канале в Youtube опубликовал заведомо ложную информацию об умышленном обстреле Вооруженными Силами Российской Федерации родильного дома в городе Мариуполе. Публикации сопровождались недостоверными фотографиями пострадавших от обстрела мирных граждан. Источниками распространения этих изображений являются украинские СМИ. Министерством обороны Российской Федерации официально объявлено о ложности указанных сведений, распространяемых в сети «Интернет».  

Следствием принимаются меры к установлению местонахождения Невзорова с целью проведения с ним следственных и процессуальных действий.",0,russia,0,0,0.5,0,0,0,0,2,,
67992,"⚡️ВС РФ сбили в воздухе пять ракет украинской реактивной системы залпового огня ""Смерч"" в районе аэродрома в Херсонской области. За сутки уничтожено 19 украинских беспилотников, также российские военные сбили четыре украинских самолёта Су-24 и один Су-27, а также 36 военных объектов Украины, в том числе два пункта управления, три склада боеприпасов, два склада горюче-смазочных материалов и 23 района сосредоточения украинской боевой техники.

Минобороны России",0,russia,0,1,0,0,0,1,0.5,3,,
467174,"Повідомляйте про ворожу техніку або російських солдатів Збройні Сили України, але не видавайте позиції наших військових. 

Якщо ви бачите окупанта, надішліть деталі в бот: Там ми зробили авторизацію через Дію, щоб збирати більш якісну інформацію і щоб диверсанти не могли спамити фейковими фото чи відео.

Завдяки вашій інформації та геолокації ворога ЗСУ зможе знешкодити його якнайшвидше.",1,ukraine_ukrainian,0,1,1,0,0,1,0.5,3,,
569876,"Во-первых: это пиздец.

Во-вторых: для большинства россиян, россия=путин. И пока никто ничего с этим не делает.Поймите, Украина сейчас воюет за свою независимость, но даже после войны, эти неадекваты останутся в россии, даже если путина уже не будет.

В-третьих: это пиздец.",0,ukraine_russian,0,0,0,0,0,1,0.5,3,,
599872,"⚡️ Родственники российских оккупантов уже начали считать, сколько денег получат за смерть своих живых военных.

▪️Жена говорит своему мужу, который сейчас на войне в Украине, что российские СМИ уверяют, что у них все прекрасно, а Путин всем обещает ветеранку и выплаты за каждый боевой день.

Об этом свидетельствует запись разговора, перехваленная СБУ.

Подписаться на канал | Прислать контент",0,ukraine_russian,0,0,1,1,0,0,0.5,2,,
753524,"Оккупанты РФ похитили мэра Мелитополя, - Геращенко

Накануне Иван Федоров отказался сотрудничать с россиянами. Во время похищения мужчине надели на голову пластиковый мешок и вывезли из городского кризисного центра.",0,ukraine_russian,0,0,0,0,0,0,0,3,,
822947,"Фото из под Николаева. Тот самый случай, когда оккупант думал, что прилетит сверху и поставил бессмысленный курятник на свой Т-72Б3, но тут вдруг, что-то пошло не так!",0,ukraine_russian,0,1,0,0,0,1,0.5,3,,
655902,"⚡️На окраинах Мелитополя есть российские войска, но остальную часть контролируют украинские военные, заявил Алексей Арестович на брифинге.",0,ukraine_russian,0,0,0,0,0,0,0,3,,
333968,"«У нас есть компетенции и люди, которые верят в будущее и идут вперёд»,— заявлял недавно на форуме нефтяного саммита Павел Сорокин, но первый побежал с корабля, дабы спасать свою лондонскую квартиру. Буквально на днях его сняли с лондонского самолета, убеждая не покидать страну. Дожили: приходится уже натуральных трусов уговаривать не валить.

С зарубежьем Павла связывает многое: еще недавно в поездках за рубеж с собой Павел прихватил двух эскортниц (что символично, одна из них — украинка, с которой он достаточно тесно связан) и друга Тимура Шигабутдинова, председателя Совета директоров ХК «Нефтехимик» и по совместительству заместителя генерального директора ПАО «Нижнекамскнефтехим». 

Но на этот раз что-то явно пошло не так, и Сорокину и Шигабутдинову уже в аэропорту настойчиво посоветовали вернуться к исполнению своих обязанностей, а к кадровым службам российских министерств и корпораций по-прежнему остаётся бесконечное количество вопросов.",0,russia,0,0,0,0,0,0,0,3,,
4279,"Шольц после встречи лидеров G7:

• мы призываем президента России как можно быстрее согласовать перемирие на Украине и обеспечить гуманитарный доступ

• мы ощущаем влияние событий вокруг Украины на цены в энергетике и на продовольствие

• мы договорились принимать новые санкции против России, если это будет необходимо",0,russia,0,0,0,0,0,0,0,3,,
299398,"Нестабильность российского рынка из-за ситуации вокруг Украины будет сохраняться на протяжении пары месяцев, после чего западные инвесторы вновь начнут изучать возможность покупки активов РФ, считает директор американской инвестиционной компании Navigator Principal Investors Кайл Шостак.",0,russia,0,0,0,0,0,0,0,3,,
809915,"Олександр Лукашенко зателефонував Володимиру Зеленському. 

Політики домовилися, що українська делегація зустрінеться з російською без попередніх умов на українсько-білоруському кордоні, в районі річки Прип'ять. 

Олександр Лукашенко взяв на себе відповідальність за те, що на час проїзду, переговорів та повернення української делегації всі літаки, гелікоптери та ракети, розміщені на білоруській території, залишаться на землі.",0,ukraine_ukrainian,0,0,0,0,0,0,0,3,,
654734,"В Мелитополе ""новоназначенный мэр"" Галина Данильченко объявила, что в городе начинается цифровое вещание российских телеканалов. 

Отметим, что Данильченко обвинили в госизмене в Украине. А ее предшественник - глава Мелитополя Иван Федоров - был на днях арестован российскими военными.",0,ukraine_russian,0,0,0,0,0,0,0,3,,
85327,"🇷🇺🇺🇦 #РусскийШепот, часть двадцать шестая

Киевская область

Живу рядом с Гостомелем, 22 года. Я этнический русский. До последнего момента буду оставаться нейтральным по отношению к военным, но отправлюсь помогать гражданским, как только появится возможность.

Не сомневаюсь, что РФ победит, но сдаваться люди, к сожалению, не хотят. Инфополе забито пропагандой, много фанатиков. Призываю всех, у кого недавно закончились боевые действия, идти и помогать попавшим под удар мирным жителям. Особенно актуально будет в случае начала штурма Киева. Держитесь, братишки.

Владимир

Мы поддерживаем решение нашего Президента о прекращении геноцида русского народа на Украине и денацификация братской нам страны. Для нашей семьи наши деды участники Великой Отечественной войны — святое, мы чтим их память и воспитывали сына глубоко патриотичным человеком. В наших семейных архивах есть письма с фронта от Героя Советского Союза Геннадия Потемкина (Одессита) к нашей родственнице.

Держа их в руках и читая, мы плачем, всей семьей и понимаем, как страшна война. Но так же мы понимаем, как страшно то, что происходило 8 лет на Донбассе. ВОВ шла 4 года, Донбасс жил в войне 8 лет. Сколько можно терпеть?
Нисколько.

#Россия #Украина
@rybar",2,russia,0,0,1,1,0,0.5,0.5,2,,
240502,"В луганскую ТЭС (г. Счастье, контролируется Украиной) прилетел снаряд, начался пожар. 

Кроме как на ВСУ, подумать не на кого, так как восстанавливаться все это будет из российского бюджета.",0,russia,0,0,1,0,0,0,0.5,2,,
418481,"🥴Ещё одна убийца за рулем АХ9511ВЕ

“Выпила лекарство от головы” и началось: по Московскому проспекту 80км/час без света, виляя по трамвайным путям. Но островок безопасности на повороте на Ак. Павлова оказался сильнее лекарства 💥Надула 1,09 промилле
 #УспешныеЛица 

Ну ничего, армия ее перевоспитает 😂
ТРУХА⚡️Харьков
Прислать новость",0,ukraine_russian,0,0,0,0,0,0,0,3,,
268017,"Владимр Соловьев сообщил, что намерен начать вещание канала «Соловьев.Live» в России на частотах, принадлежавших Euronews. В конце марта Роскомнадзор заблокировал сайт Euronews, ссылаясь на то, что канал распространял недостоверную информацию о российской операции на Украине. После Euronews сообщал о том, что его вещание в России ограничено. Канал Соловьева в интернете, в свою очередь, блокировал  YouTube.",0,russia,0,0,0,0,0,0,0,3,,
95071,"Минобороны РФ сообщает о доставке 100 тонн гуманитарной помощи жителям Харьковской области

ДАННОЕ СООБЩЕНИЕ (МАТЕРИАЛ) СОЗДАНО И (ИЛИ) РАСПРОСТРАНЕНО ИНОСТРАННЫМ СРЕДСТВОМ МАССОВОЙ ИНФОРМАЦИИ, ВЫПОЛНЯЮЩИМ ФУНКЦИИ ИНОСТРАННОГО АГЕНТА, И (ИЛИ) РОССИЙСКИМ ЮРИДИЧЕСКИМ ЛИЦОМ, ВЫПОЛНЯЮЩИМ ФУНКЦИИ ИНОСТРАННОГО АГЕНТА",0,russia,0,0,0,0,0,0,0,3,,
97201,"Киев готов обсуждать нейтральный статус Украины

ДАННОЕ СООБЩЕНИЕ (МАТЕРИАЛ) СОЗДАНО И (ИЛИ) РАСПРОСТРАНЕНО ИНОСТРАННЫМ СРЕДСТВОМ МАССОВОЙ ИНФОРМАЦИИ, ВЫПОЛНЯЮЩИМ ФУНКЦИИ ИНОСТРАННОГО АГЕНТА, И (ИЛИ) РОССИЙСКИМ ЮРИДИЧЕСКИМ ЛИЦОМ, ВЫПОЛНЯЮЩИМ ФУНКЦИИ ИНОСТРАННОГО АГЕНТА

Советник руководителя Офиса президента Украины Михаил Подоляк прокомментировал детали возможных переговоров о мире с Россией. ""Это будет, прежде всего, детальный разговор о мире и прекращении огня. Нейтральный статус с внятным пакетом гарантий по безопасности - опция, которая также, возможно, будет на столе"", - сообщил Подоляк.",0,russia,0,0,0,0,0,0,0,3,,
828694,"Путіна змусять сісти за стіл переговорів

Вирішальним фактором для цього може стати витіснення Росії з нафтогазового ринку глобального світу

Перед тим, як Росію змусять до переговорів, окупанти намагатимуться отримати хоча б одну перемогу у війні в Україні: ""Головний удар – це Маріуполь і спроба щось зробити в Києві. Тому наша задача – вистояти наступні 7-10 днів"", – зазначив радник очільника Міністерства внутрішніх справ України Вадим Денисенко",1,ukraine_ukrainian,0,0,0,0,0,0.5,0,2,,
366898,"Они не успели сбежать. В здание 72 ЦИПсО, откуда и велась информационная война против России, прошло несколько попаданий и их компьютеры вышли из строя.",0,russia,0,0,0,1,0,0,0.5,2,,
498255,"У деблокований Чернігів прийшов перший потяг із гуманітарною допомогою

""Мене переповнюють емоції, тому що я згадую, як ще кілька тижнів тому ми з командою через Десну на казаночках тихенько о 5 ранку тягали якісь коробки (...) намагалися забезпечити місто всім необхідним"", — розповів голова Чернігівської ОВА

Доброго вечора, ми з України | Підписатись",0,ukraine_ukrainian,0,0,0,0,0,0,0,3,,
308448,"❗️Новые важные заявления Сергея Лаврова:

🔺 Украина в среду представила новый проект соглашения с Россией, в нем налицо отход от предложений, которые были сделаны в Стамбуле.

🔺 В новом украинском варианте соглашения отсутствует констатация того, что гарантии безопасности Украины не распространяются на Крым и Севастополь.

🔺 Россия не исключает, что Украина будет выдвигать все новые предварительные условия на переговорах, это неприемлемо.

🔺 Россия продолжит переговоры с Украиной, продвигая свой проект соглашения, несмотря на провокации.

🔺 Вашингтон толкает Зеленского на продолжение боевых действий.",0,russia,0,0,0,0,0,0,0,3,,
799362,"💪Ранок в Україні для російської нечисті точно починається не з кави - українські бійці знищили 30 гелікоптерів під Херсоном! 

Підписатись на Факти Україна 🇺🇦",1,ukraine_ukrainian,1,1,1,0,1,0,1,3,,
751308,"Сюрпризы оставленные орками под Киевом. Первые, кто пострадает от этого, это мирные гражданские. Ну не орки ли? Самые настоящие орки.",0,ukraine_russian,1,1,1,1,0,1,1,3,,
831772,"❗️ЄС має намір відмовитися від постачання газу з Росії до 2027 року. Австрія вважає цю мету дуже амбітною.

Про це розповіла австрійський міністр у справах захисту клімату, екології, енергетики, транспорту, інновацій та технологій Леоноре Гевесслер.

Доброго вечора, ми з Києва👋 | Підписатись",0,ukraine_ukrainian,0,0,0,0,0,0,0,3,,
788835,"📣Эксклюзив для издания The New York Times с Арсеном Аваковым. «Путин уничтожает Киев, Чернигов, Мариуполь, чтобы через гуманитарный кризис давить на украинских военных». 

https://youtu.be/lmHGQ0kD1KY",0,ukraine_russian,0,0,0,0.5,0,0,0,3,,
428207,"В Сумскую область зашло большое количество российских войск с территории РФ, — глава ОВА Живицкий

По его словам, также сформирован коридор, через который происходит постоянное движение военной техники из Киевской и Черниговской областей в обратном направлении на Россию.

То есть, судя по этому сообщению, российские войска, которые выводятся из Киевской и Черниговской областей, перебрасываются не только на Донбасс, на Харьков и к Изюму (как ранее заявлялось), но и в Сумскую область.

Реальная Война",0,ukraine_russian,0,0,0,0,0,0,0,3,,
99098,"Войска ОДКБ вошли в Казахстан, но уже уходят. Кремль так теперь будет бороться с «майданными технологиями» и в странах бывшего СССР? Или это что-то другое?

ДАННОЕ СООБЩЕНИЕ (МАТЕРИАЛ) СОЗДАНО И (ИЛИ) РАСПРОСТРАНЕНО ИНОСТРАННЫМ СРЕДСТВОМ МАССОВОЙ ИНФОРМАЦИИ, ВЫПОЛНЯЮЩИМ ФУНКЦИИ ИНОСТРАННОГО АГЕНТА, И (ИЛИ) РОССИЙСКИМ ЮРИДИЧЕСКИМ ЛИЦОМ, ВЫПОЛНЯЮЩИМ ФУНКЦИИ ИНОСТРАННОГО АГЕНТА. 

Президент Казахстана Касым-Жомарт Токаев объявил, что войска ОДКБ начнут покидать страну уже 13 января.

А что это вообще было? Неужели теперь силы ОДКБ будут использоваться для защиты авторитарных режимов в постсоветских странах?

Говорим с Максимом Саморуковым в подкасте «Что случилось».

https://mdza.io/YQBv0Dfp4H8",0,russia,0,0,0,0,0,0,0,3,,
90362,"Сообщается, что в результате боестолкновений погибли 57 украинцев, 169 получили ранения — «Громадське» со ссылкой на Минздрав страны.

В официальных российских источниках подтверждений пока нет.",0,russia,0,0,0,0,0,0,0,3,,
558242,"Основні тези зі звернення Зеленського за підсумками доби 16 березня

🔸 16 березня вдалося звільнити з російського полону мера Мелітополя Івана Федорова.

🔸 Росіянам слід негайно йти геть – поки така можливість ще є. Кожен російський солдат, який складе зброю, отримає шанс – на життя.

🔸 Гуманітарні коридори цього дня, 16 березня, не працювали. Адже російські військові не припиняли обстрілів.

🔸 У блокадному Маріуполі російська авіація цілеспрямовано скинула надпотужну бомбу на драматичний театр у центрі міста. Там ховалися від обстрілів сотні людей.

🔸 Цього дня вкотре закликав (зокрема – у виступі перед Конгресом США) Захід до запровадження безпольотної зони над Україною, та до постачання більшої кількості зброї нам задля захисту.

🔸 Відзначив долучення України до європейської енергомережі: ""Ми йшли до цього десятки років. Нарешті відбулося!""

🔸 Кожному українцю, який втратив свій дім унаслідок бойових дій чи обстрілів, держава відновить усе.

🔸 Тривають переговори з Росією – заради України.

Детально прочитати про звернення можна ТУТ

Підписатися на 24 канал",2,ukraine_ukrainian,0,0,0,0,0,0,0,3,,
560081,"У Дії з'явилося і телебачення!

Зараз Дія TV транслює марафон телеканалів, які об’єднались, щоб 24/7 висвітлювати війну РФ проти України. А згодом там з'явиться дитячий контент, щоб трохи відволікти малечу 😌

Підписатися на 24 канал",0,ukraine_ukrainian,0,0,0,0,0,0,0,3,,
562043,"🤡 Вождь окупантів в куті

Видання The Economist помістило на обкладинку Путіна, який загнав себе в кут, адже не зміг розфарбувати Україну в червоний колір, і тільки посилив нашу співпрацю з Заходом.

""І що б не сталося, війна чи не війна, Путін завдав шкоди своїй країні"", – мовиться у повідомленні.

24 канал | FB | Insta",1,ukraine_ukrainian,0,0,0,0,1,0.5,0.5,3,,
64559,"❗️Авиация ВСК России уничтожила завод по ремонту головных частей ракет ""Точка-У"" в Днепропетровске

 Минобороны РФ",0,russia,0,0,0,0,0,0,0,3,,
575434,"❗️Другий раунд перемовин України з Росією відбудеться увечері 2 березня.

Про це повідомив радник голови ОПУ Олексій Арестович.

Раніше міністр закордонних справ України Дмитро Кулеба заявив, що Україна не прийматиме жодних ультиматумів з боку країни-агресора.

Склад делегацій - той самий.",0,ukraine_ukrainian,0,0,0,0,0,0,0,3,,
159739,"Столтенберг заявил, что ""Все признаки указывают на то, что Россия планирует полномасштабное нападение на Украину"". Дату в отличие от прошлого раза называть не стал.
Ну и нельзя не отметить расхождение с Байденом, который не далее как вчера рассказывал, что Путин уже решил напасть на Украину, а по Столтенбергу получается,  что пока только планирует.",0,russia,0,0,0,0,0,0,0,3,,
665476,"Глава Запорожской райгосадминистрации Олег Буряк заявил, что его сына похитили на российском блокпосту в городе Васильевка.

Это случилось во время движения эвакуационной автоколонны, которая шла из Мелитополя в Запорожье еще 8 апреля.

""Мой 16-летний сын уезжал в машине с двумя знакомыми женщинами и тремя малолетними детьми. Все ехали в Запорожье. Колонну автомобилей остановили российские военные и начали подходить к каждой, чтобы проверить, кто и куда едет. Они увидели у моего сына телефон и вытащили его из машины"", – рассказал Буряк. 

""У них есть планшеты, и они нашли, что я являюсь отцом парня. Все это время мы пытались решить вопрос самостоятельно, но не получилось”, - сообщил глава РГА.",0,ukraine_russian,0,0,0,0,0,0,0,3,,
435532,"Волуйский район. Грады, гаубицы и крытые Уралы. Практически на том же месте (50.248492, 37.756265). 

До украинской границы 10 километров.

Реальная Война",0,ukraine_russian,0,0,0,0,0,0,0,3,,
793509,"💪App Store видалив додаток російського «Сбербанк онлайн» 

Програма стала недоступною для скачування та оновлення через санкції. 
Вона продовжує працювати у тих, хто встановив його раніше.

Підписатись на Факти Україна 🇺🇦",0,ukraine_ukrainian,0,0,0,0,0,0,0,3,,
775575,"Ключевое из выступления Зеленского

❗️Об авиаударах: «Ракетно-бомбовые удары по украинским городам - это признание, что не смогли сделать ничего существенного на нашей земле… Чернигов, Сумы, Николаев удерживают оборону. Одесса. Они хотят разрушить нашу Одессу, но увидят только дно Черного моря».

❗️Украинцы, потерявшие работу из-за войны, получат по 6,5 тыс. гривен от государства.

❗️Даже если вы разрушите все наши соборы и церкви, вы не разрушите нашу веру - в Украину у Бога, у людей. Мы восстановим каждый дом, каждую улицу и каждый город. Вы возместите нам все, что сделали против государства и каждого украинца.
Запомните, безбожники, когда миллионы людей проклинают, вам нечем спасаться

❗️Россиянам: Учите слово ""репарации"" и ""контрибуции"", вы компенсируете все, что сделали против нашей страны, против каждого украинца в полном объеме, а тех, кто погиб - мы не забудем!!!",2,ukraine_russian,0,0,0.5,0,0,0,0,2,,
796233,"⚡️ Військові РФ збільшили свою авіаційну присутність у повітряному просторі України – ЗСУ

Підписатись на Факти Україна 🇺🇦",0,ukraine_ukrainian,0,0,0,0,0,0,0,3,,
166789,"Первый NOTAM от Минобороны России пошёл, закрывается Азовское море.",0,russia,0,0,0,0,0,0,0,3,,
183428,"ВС РФ ударами вертолетов Ка-52 уничтожили опорные пункты и огневые позиции бронетехники ВСУ.

Экипажи армейской авиации выполнили пуски управляемых и направляемых ракет парами с малых высот.

@opersvodki",0,russia,0,0,0,0,0,0,0,3,,
735581,"⚡Очільник МЗС Туреччини їде на переговори в Росію та Україну.

BLACKLIST IF | Надіслати інфо",0,ukraine_ukrainian,0,0,0,0,0,0,0,3,,
487089,"И наконец, к действительно важным новостям

В сети разгорается скандал по поводу наличия на прилавках украинских магазинов  «Российского» сыра, автор видео говорит, что сыр на самом деле называется «Тильзитер» и украинцы должны использовать именно это название.

Что думаете?

пост про грандиозные проекты Харькова в 2022 году 👉🏻 здесь

Предложить новость / ХарьковLife",0,ukraine_russian,0,0,0,0,0,0,0,3,,
618184,"👉🇬🇪 В правящей партии Грузии негативно восприняли призыв секретаря СНБО Алексея Данилова к Грузии и Молдавии открыть против России ""второй фронт"".

""Призыв к Грузии начать войну против России не входит в интересы грузинского народа"", - сказал в воскресенье представитель правящей партии ""Грузинская мечта"", председатель парламентского комитета по правам человека Михаил Сарджвеладзе. 

По его мнению, такие заявления ""неправильны и не оправданы"".",0,ukraine_russian,0,0,0,0,0,0,0,3,,
773159,"Похоже, в россии стали понимать реальное положение дел на фронте.
Пропагандисты резко сменили риторику, пытаются оправдать вывод войск из под Киева и других областей. Никто не понимает за что тогда столько погибло солдат и почему их сливают.

В общем, мёд для ушей.
Наслаждайтесь))",0,ukraine_russian,0,0,0,0,0,0,0,3,,
377108,"Служба безопасности Украины назвала заявление Александра Лукашенко о якобы выводе украинских войск к границе с Беларусью «частью информационной войны».

«Манипулятивные заявления прокремлевских политиков и представителей государств-сателлитов РФ о якобы наращивании Украиной «националистически настроенных радикалов» у собственных границ, которые якобы «более алчны, чем военнослужащие НАТО», не соответствуют действительности», - пояснил представитель спецслужбы.",0,russia,0,0,0,0,0,0,0,3,,
235585,"Вице-премьер Украины Ирина Верещук: «Россияне отказываются открыть коридор для гражданских, цинично делая вид, что они не понимают разницу между коридором для сдачи в плен военных и гуманитарным коридором для эвакуации гражданских. Все они понимают. Просто таким образом они пытаются оказывать дополнительное давление на наших военных». 

Ирина Верещук цинично делает вид, что она не понимает разницы между коридором для сдачи в плен, гуманитарным коридором и спасением конкретных людей в конкретной ситуации. Всё она понимает. Просто таким образом она пытается оказать давление на наших военных. 
Ирина Верещук лично и те, кто ей это поручают, не дают людям выйти из «Азовстали», запугивая и шантажируя их. 
Хотите, чтобы люди вышли? Не держите их. И спасёте их жизни.",1,russia,0,0,0,1,0,0,0.5,3,,
718793,"Сьогодні хочу звернутись до вас як спеціаліст з інформаційних технологій, інформаційної безпеки та як спеціаліст з інформаційної розвідки по відкритим джерелам.

Друзі, я так само як і ви вже втомився від новин стосовно можливої війни, від істерії стосовно війни та від усіх інших новин за останній рік (одна з причин чому майже перестав вести канал та пішов з головою у роботу, але зараз не про це).

Я, так само як і ви, не знаю, чи буде війна, не знаю якою вона буде (якщо буде), з якого напрямку русаки захочуть вдарити. Але я точно знаю, що в кожного з вас є можливості, для яких не потрібно мати спеціальних навичок або вищої освіти, тільки трішечки аналітики. Одна з головних речей, якої боїться наш ворог — це інформація. Як і в 2014 році, так і зараз він боїться задокументованих підтверджень своїх злочинів, про які потім будуть складати історичні книжки, документальні фільми та через які потім окупантів судитимуть за військові злочини.

Що потрібно від вас як від цивільних осіб?

1) Шукайте будь-яку інформацію про пересування російських військ у відкритих джерелах. Як це не дивно, але в 2014-2015 роках саме жителі Донбасу, які викладали пости у Твіттері допомогали нашим військовим побачити де знаходяться російські військові, яка в них є техніка та навіть яка в них є зброя. Дуже багато розслідувань проведених звичайними цивільнтми, в яких доводили присутність російських військ на Донбасі були зроблені саме з відкритих джерел. Ця інформація потім була передана міжнародним партнерам, які також підтвердили, що це російські війська. Уявіть скільки життів ви можете врятувати? Певна інформація, яку ви знайдете, вже може бути у наших військових (бо працюють військово-аналітичні центри), але ви всеодно маєте це робити та допомагати збройним силам. Їм це потрібно. Та не заважайте їм! (Особливо тупими запитаннями).

2) Руськіє Ванькі дуже глупі, та багато з них самі хизуються своїми злочинами та присутністю на нашій з вами землі у соц. мережах. Часто само це допомогає задокументувати військове втручання до України. Нехай їх тупість допоможе вам та нашим військовим.

3) Інформація, яка вам дуже потрібна у вашій ініціативі: військова техніка, шеврони, зброя (тип зброї, або щось більш детальне), обличчя окупанта, його сторінки в соц. мережах (його друзі, рідні, особисті дані, якщо можна, то навіть всі його документи), номери на  військовій техніці, номери на гелікоптерах, літаках та ін. Також вам потрібно шукати всю інформацію, яка може допомогти розкрити  розташування ворога. Шукайте все, що може бути корисним, - робіть скріншоти. Чим більше - тим краще.

4) Якщо ви знаходитесь під окупацією, у вас відсутній зв'язок або інтернет (або навіть світло, що вже там), - то тут вже доведеться партизанити та самому документувати всю необхідну інформацію, яку потім вам потрібно буде передати нашим військовим при першій змозі.

Бережіть себе, вірте в наших Воїнів, допомагайте їм, але не заважайте. Найкраще, що ви можете зробити, - зберігати спокій.

P.S. Благаю вас, не сперечайтесь стосовно політики хоча б зараз. Ні з рідними, ні між собою, ні в коментарях в соц. мережах. Єднайтеся навколо спільної проблеми, як ми завжди це робили. Зараз це надзвичайно важливо.",2,ukraine_ukrainian,0,1,1,1,1,1,1,3,,
678871,"В Николаеве из металла подбитой техники врага делают бронепластины

прислать новость 
👉 @niko9_bot
👉ПОДПИСАТЬСЯ",0,ukraine_russian,0,0,1,0,1,0,0.5,3,,
397319,"❗️Киевский режим массово и бесконтрольно раздает жителям автоматическое оружие вплоть до гранатометов. Националисты втягивают мирное население в боевые действия понимая, что это неминуемо приведет к несчастным случаям и жертвам – Минобороны РФ.

@truekpru",0,russia,0,1,0,0.5,0,0.5,0.5,3,,
264720,"CNN тоже прекращает работу в России

Американская телекомпания CNN вслед за другими иностранными средствами массовой информации объявила, что прекращает работу в России. 

Это - реакция на фактически введенный российскими властями запрет на независимое освещение войны на Украине.

""CNN остановит вещание в России. Мы продолжаем оценивать ситуацию и думать о наших дальнейших шагах"", - сообщила в в пятницу пресс-служба компании.

О прекращении работы в России в пятницу объявили BBC, канадская вещательная корпорация CBC, а также агентство Bloomberg. 

Об уходе думают и многие другие иностранные каналы и издания.

В пятницу президент России Владимир Путин подписал срочно принятый Госдумой закон, по которому российские власти могут  сажать журалистов в тюрьму за то, что они, власти, назовут ""фейком"" о действиях российской армии.",0,russia,0,0,0,0,0,0,0,3,,
72398,"🇺🇦🇷🇺Российские военные патрулируют Энергодар в Запорожской области 

Российские военные проводят патрулирование в городе Энергодар в Запорожской области. 

Видео: @vorposte

@anna_news",0,russia,0,0,0,0,0,0,0,3,,
465670,"Новий нищівний удар по економіці окупантів: ЄС впроваджує п’ятий пакет санкцій проти рф:

▪️заборона на імпорт вугілля з Росії - це коштуватиме росії 4 мільярди євро щороку
▪️заборона транзакцій з чотирма ключовими російськими банками - це 23% російського ринку
▪️заборона для російських суден заходити в порти ЄС
▪️заборона російським та білоруським перевізникам в'їжджати на територію ЄС
▪️заборона на експорт напівпровідників, машин та транспортного обладнання
▪️заборона на імпорт російських товарів на 5,5 мільярда євро
▪️заборона рф брати участь у державних закупівлях ЄС, а також російські державні установи позбавлять фінансової підтримки з боку ЄС

Такі рішення вводять у відповідь на звіства рашистів у Бучі. За цей пакет санкцій ще мають проголосувати всі країни блоку найближчими днями

Джерело: голова Єврокомісії Урсула фон дер Ляйєн",0,ukraine_ukrainian,0.5,1,1,1,1,0,1,3,,
675261,"Зеленский на Мюнхенской конференции повторил свою старую шутку на одном из подобных мероприятий.

У него прекратился перевод в наушниках. Он заявил, что это ""кибератака"" и сказал, что ""они (русские) уже здесь"".",0,ukraine_russian,0,0,0,0,0,0,0,3,,
312891,Идёт штурм Харькова! В городе возобновились бои. В небе работают российские Су-34.,0,russia,0,0,0,0,0,0,0,3,,
693714,"Украинский журналист Денис Казанский пишет: ""  В Буче по дворам продолжают находить расстрелянных гражданских. Обнаружили еще три трупа по ул. Ивана Франко. Двое мужчин и женщина. Люди убиты выстрелами в голову. В этом и соседнем дворах дислоцировалось российские солдаты. Все дома разграблены.

С улиц тела уже убрали, но по дворам и посадкам мертвых людей очевидно будут находить еще долго""",0,ukraine_russian,0,0,0,0,0,0,0,3,,
795160,"Інформація від Центр протидії дезінформації при РНБО України

❗️рф продовжує обстрілювати окуповані українські села, вдаючи, що таких обстрілів завдають ЗСУ. Мета - маніпуляція та дискредитація ЗСУ.

Окупанти відганяють свою техніку та здійснюють обстріли з околиць сіл. Після таких атак деякі ""визволителі"" проходять по селу, допомагають людям вибратися з-під завалів, розповідаючи легенду про те, що наступ був від ЗСУ, нібито українські військові з мінометами та кулеметами здійснюють обстріли: «Это же ваши стреляют».

Люди піддаються маніпуляції військових рф, яка полягає у тому, що начебто їх будинки були спалені ЗСУ.

Застерігаємо: українські військові ніколи не здійснюють обстріли по населених пунктах, де дислокуються російські військові, без попередньої перевірки та переконавшись, що знищення ворожої техніки не завдасть шкоди мирному населенню.

Підписатись на Факти Україна 🇺🇦",0,ukraine_ukrainian,0,0,1,0,0,0,0.5,3,,
582221,"⚡️""Через две-три недели закончится наступление. А вместе с ним, вполне возможно, закончится и активная фаза войны, потому что российским войскам больше нечем наступать"", — прогноз Арестовича

По его словам, сейчас РФ собрала предпоследние оперативные резервы. В районе Белгорода — Валуек где-то 15 тысяч войска. ""Но это несчастные, которые вышли из-под Киева, Сум и Чернигова, — у них психология расстрелянных. Они очень не хотят воевать"".

Инсайдер UA  | Подписаться",0,ukraine_russian,0,0,0,0,0,0,0,3,,
701269,"""Без флагмана флот не може існувати""

Слова екс-командуючого ЧФ рф Осіпова, який вже для фсб дає свідчення.

Новини України | Підписатись",0,ukraine_ukrainian,0,0,0,0,0,0,0,3,,
239289,"Новое эпичное видео от главы Чечни и военкора Р. Кадырова

""Спецподразделения Росгвардии РФ по ЧР продвинулись еще глубже внутрь территории Украины и не встречают ожесточенного сопротивления бандеровцев, о чем рассказывает мой дорогой БРАТ, командир ОМОН ""Ахмат-Грозный"" УФСВНГ РФ по ЧР Анзор Бисаев.

Бойцы регулярно присылают мне видеоотчеты о ходе исполнения приказа Верховного Главнокомандующего. Зачистка территории от преступных элементов бандеровщины идёт согласно план-графику"", - пишет глава Республики.",0,russia,0,1,0,1,1,1,1,3,,
59364,"‼️🇷🇺Президент России присвоил своим указом наименование ""гвардейского"" полку тяжелых бомбардировщиков-ракетоносцев Ту-160 и Ту-95МС. 
Полк базируется на аэродроме Энгельс. 
По имеющимся у нас данным, эти боевые самолёты уничтожили множество объектов ВСУ крылатыми ракетами воздушного базирования.
@RVvoenkor",0,russia,0,0,0,0,0,0,0,3,,
779552,"Тут некоторые нестойкие граждане жалуются, что Россия информационно проигрывает укронацистскому государству. 

На что я повторю то, что говорил ранее, - объективная реальность всегда важнее реальности виртуальной.

Если в Киеве банально заглушить или отключить интернет и мобильную связь - ""интернет войска укронацистского государства"", которым мы ""проигрываем"", прекратят свое существование.

Так что не драматизируйте.

Время симулякров прошло. Пришло время сермяжной правды. )",1,ukraine_russian,0,1,1,1,0,1,1,3,,
738640,"❗️путін намагається зібрати на Донбасі сили, які за чисельністю перевищать українські у співвідношенні 5 до 1, — повідомляє Times

Окупанти перекидаються з усього регіону для вирішальної битви на Донбасі, однак навіть така перевага не гарантує росії перемоги, пишуть у виданні.

Новини України | Підпишись",0,ukraine_ukrainian,0,0,0,0,0,0,0,3,,
563781,"💩 Орки даже картошку заминировали

Киев — прямая трансляция 👈
Прислать новость",0,ukraine_russian,1,1,1,1,0,1,1,3,,
802437,"🔊Прем'єр-міністр Фінляндії зробила гучну заяву 

💬 Наймолодший прем’єр-міністр у світі, Санна Марін, заявила, що Фінляндія має намір найближчим часом подати заявку на вступ до НАТО. 

📌 Причина такого рішення – потреба у посиленні обороноздатності країни у зв'язку з російською агресією.

Підписатись 👉🏻 Факти Україна 👉🏻 Наші стікери",0,ukraine_ukrainian,0,0,0,0,0,0,0,3,,
534116,"РЕПОСТ⚠️
Диверсанты РФ переодеваются в военную форму в ВСУ, полиции.
Днепр ОПЕРАТИВНЫЙ🚨

ПОДПИСАТЬСЯ | Прислать новость | Инстаграм |

#днепроперативный",0,ukraine_russian,0,0,0,0,0,0,0,3,,
699572,В населенный пункт Иванков на Киевщине зашла российская военная техника.,0,ukraine_russian,0,0,0,0,0,0,0,3,,
772234,"⚡️Практически весь экипаж крейсера ""москва"" погиб, - пресс-секретарь морской охраны пограничной службы Украины Наталья Гуменюк

Российским военным не удалось эвакуировать экипаж затонувшего крейсера ""москва"".

«Попадание привело к детонации боекомплекта – и началась борьба за живучесть. Мы наблюдали, как другие корабли пытались помочь, но даже силы природы были на стороне Украины. Потому что шторм не разрешал провести спокойно спасательную операцию, ни эвакуировать экипаж. Поражение настолько серьезно, что боеспособность корабля потеряна», - сообщила Гуменюк.

📷 Эксклюзивное фото - именно так Байрактар ​​успешно отвлекал внимание орков на ракетном крейсере «Москва».",0,ukraine_russian,1,1,1,1,0,1,1,3,,
812332,"🤬 Рашисти у Маріуполі бомбардують територію «Азовсталі», попри заяву путіна про нібито «наказ не штурмувати» завод. 

Про це повідомляє радник мера Маріуполя Петро Андрющенко. За його словами, також окупанти  влаштували стрілянину в іншому районі міста -  біля трамвайного депо.",0,ukraine_ukrainian,0,1,1,1,1,0,1,3,,
530828,"В Днепре на пр. Мира появилась инсталляция «Убей путина»🥰😍

ОПЕРАТИВНЫЙ | Прислать новость",0,ukraine_russian,0,0.5,0,0,0,0,0,2,,
135686,"Главные заявления Путина по итогам обращения к россиянам:

— считаю необходимым принять уже давно назревшее решение признать суверенитет Донецкой и Луганской республик;

— требуем от тех, кто захватил и удерживал власть в Киеве, незамедлительно прекратить боевые действия;

— США делают из России врага только потому, что им не нужна такая большая страна;

— Конституция Украины не допускает иностранные военные базы, но это обошли — называют базу НАТО миссией;

— вступление Украины в НАТО не сейчас, а чуть позже ничего не меняет для России;

— в случае развёртывания радиолокационного оборудования НАТО на Украине оно может контролировать территорию России;

— основной противник для НАТО — Россия, плацдармом для удара будет служить Украина.

@rt_russian",0,russia,0,0,0,0,0,0,0,3,,
101796,"⚡️СРОЧНО⚡️В Мариуполе погиб замполит Черноморского флота⚡️

Об этом сообщили в Севастополе.

Заместитель командующего Черноморского флота Андрей Палий погиб при освобождении Мариуполя.

В 1993-ем крымский офицер (родившийся в Киеве) Палий отказался давать присягу Украине и перешёл на службу в ряды РФ. Принимал участие в военной операции в Сирии.

@wargonzo",0,russia,0,0,0,0,0,0,0,3,,
627858,"Советник главы ОП Михаил Подоляк о подлости российских войск:

""Девятый день войны. Окружение больших городов. Блокада подвоза продуктов и медикаментов. Стрельба по мирным жителям. Бомбардировка ракетами жилых кварталов. Террористические атаки на АЭС. Отказ от правил ведения войны. Такова правда о РФ"".",0,ukraine_russian,0,0,1,0,0,0,0.5,2,,
778291,"Некрофильские ужасы войны 😶‍🌫️

К нам сегодня приходил
Педонекрозоофил.
Мертвых маленьких зверюшек
Он с собою приносил.

«Оккупанты насилуют детей, стариков и трупы». Особенно трупы! Интересно, трупы только людей, или животные оккупанту тоже по вкусу? 😂 Самое пикантное, что этот отбитый трэшачок опубликовала у себя на фейсбучике какая-то сволонтерша, которая «бережет детские сердечки». Ей бы книжки для детворы писать, хорошо же получается!

И эти фантазии радостно подхватили «плюсы» Коломойского (видать, прилеты на НПЗ в Кременчуге произвели на него неизгладимое впечатление), и прочие инфопомойки, которые теперь единым потоком загружают в головы доверчивых обывателей тонны подобного говна в режиме 24/7. Вот и представьте, что у них творится в головах. 😱

Канал #МОНТЯН! ★ Чатик #МОНТЯН!
­",0,ukraine_russian,0,0,0.5,0.5,0.5,0,0.5,1,,
131389,"Дмитрий Лекух, автор Telegram-канала @radlekukh

Только после того, как американцы добрались-таки до санкций по российскому нефтегазовому сектору, стало понятно: грабить будут всерьёз.

Напомним, вчера Вашингтон запретил импорт энергоносителей из России из-за ситуации на Украине, о чём и заявил президент США Джо Байден в специальном видеообращении к нации, признав, что это решение отразится и на самих американцах — тут никуда не денешься. Но уж слишком велик приз: возможность вытащить почти безнадёжную ситуацию с собственным системным (и уже не только экономическим) кризисом привычным образом — через войну и ограбление всех подряд, но без горячей фазы, которая всех довольно серьёзно пугает. Неслучайно американцы постоянно говорят, что они ни при каких условиях не будут участвовать в военных действиях на Украине.

Тут всё просто — грабить собираются не Россию: не так велик приз, чтобы закрыть системные проблемы в заокеанской экономике. Этого просто не хватит, да и соотношение затрат/доходов слишком неприлично выглядит. Поэтому принцип тут простой, капиталистический, так сказать: грабить надо не то, что лучше охраняют, а что хуже лежит. Неслучайно прямодушный Трамп говорил об этом чуть ли не прямым текстом в Давосе. И вот этот шанс, внезапно открывшийся благодаря, думаю, даже для них неожиданной европейской податливости на пути к намеченному главным союзником эшафоту, американский deep state просто не имеет права упускать.

Сейчас попробуем пояснить. Даже не влезая в текущую ситуацию на наиболее важных для глобальной экономики нефтяных рынках (там просто всё ещё более запущено), единственный шанс — развалить ОПЕК+ и обрушить нефтяные рынки, то есть уговорить самоубиться ещё и арабов, которые этого решительно не хотят.

Тут куда более показателен другой энергоноситель, не менее стратегически важный, особенно для Европы: на газовые рынки континента без боли и сейчас-то невозможно смотреть. Как свидетельствуют данные лондонской биржи ICE, хотя сегодня цены на газ в Европе после скачка почти до $3900 в понедельник и выше $3300 во вторник на торгах в среду всё-таки снижаются на 4—14% — что, в общем, нормально для отскока, — колеблются в диапазоне $2100—2300 за тысячу кубометров. Но даже и такие цены неподъёмны для целых отраслей, причём были неподъёмны уже даже при $1000 за тысячу кубометров. Просто в качестве примера: европейские производители удобрений уже и официально всей отраслью приостанавливаются, а по-русски говоря, просто, извините, лежат. А это ещё ни Европа санкции не вводила, ни русские контррестрикциями не отвечали. А это, простите, уже приостановка того же машиностроения, например, электрохимии, да много чего ещё. Плюс массовая безработица и не очень, мягко говоря, комфортный социальный фон. Ну и куда в этом случае побегут сначала капиталы, а за ними и всё остальное — технологии, даже производства?

Ответ, по-моему, очевиден.

Именно поэтому та же Меркель шла на всё что угодно, только не на экономический разрыв с Россией: мы, помимо всего прочего, для Европы, будем говорить откровенно, ресурсная база, а воевать с собственной ресурсной базой может только полный безумец. И кто ж виноват, что её непутёвые наследники сдают собственные страны так легко и непринуждённо? Поэтому для американцев это огромный приз, ради которого они готовы даже ущемить в цене на бензин своего собственного избирателя, повоевав с русскими руками украинцев (и, возможно, кого-то из мелких «европейцев»), под шумок ограбить союзников, которые решили, что они кому-то конкуренты, — причём их же собственными руками. И не говорите мне, пожалуйста, что старина Джо ополоумел и разучился считать.

@rt_russian",0,russia,0,0,0,0,0,1,0.5,2,,
489584,"☢️ Нацгвардія взяла під охорону Чорнобильську атомну електростанцію. Основне завдання нацгвардійців — охороняти та обороняти ядерні установки та ядерні матеріали. 

Збройні сили ще мають перевірити безпеку майданчика та його транспортну інфраструктуру, а також радіаційний стан приміщень і об'єктів станції, де перебували окупаційні війська рф.

Також необхідно провести ротацію персоналу зміни, яка перебуває на майданчику. Це 46 добровольців-працівників, які вирушили на майданчик ЧАЕС 20 березня, а також 13 працівників, які продовжують перебувати на робочих місцях від самого початку окупації станції вже близько 1 000 годин",0,ukraine_ukrainian,0,0,0,0,0,0,0,3,,
488997,"❗В Мариуполе украинский пограничник взорвал себя в окружении скоторусов вместе с радиостанцией, чтобы она не досталась противнику, - Арестович

Последними словами у радиостанции были ""Слава Украине!""",2,ukraine_russian,1,1,1,1,1,1,1,3,,
408997,"В этом видео прекрасно все.
Пропагандисткий ролик с Чукотки
(смотреть до конца).

Они реально решили захватить наши территории с помощью говна и палок 😄

ТРУХА⚡️Украина | Прислать новость",1,ukraine_russian,0,0,0,0,0,0.5,0,2,,
452317,"☝🏻Центр протидії дезінформації при РНБО України повідомляє про черговий російський фейк.  
  
Міністерство оборони рф присвятило майже годинний брифінг українській орнітології, зокрема у військовій атмосфері. Російський генералітет абсолютно серйозно обговорював питання сезонної міграції диких птахів.  
  
У хворобливій уяві російських військових зв’язок між орнітологією і військовою справою існує! За їх словами, українські та американські біоінженери розробили біологічну зброю, зокрема кілька штамів пташиного грипу. Після чого заразили ним птахів у Херсонському заповіднику,  якого ніколи не існувало, та відправили їх у росію для зараження місцевого населення. Саме цим абсурдом військові рф обґрунтовують існування американських біолабораторій в Україні.  
  
🤝Міністр охорони здоров’я України В.Ляшко звернувся до ВООЗ з проханням виступити з офіційною заявою про відсутність розробок біологічної зброї в Україні і неприпустимість пропаганди рф, яка поширює безглузді фейки.  
  
#stoprussia",0,ukraine_ukrainian,0,1,0,0,0,0.5,0.5,3,,
676526,"США и НАТО предложили России соглашения о разоружении в обмен на деэскалацию в Украине.

Газета El País опубликовала реакцию США и НАТО на требования России о деэскалации в Украине.

""Позиция правительства США заключается в том, что прогресс по этим вопросам [разоружение и меры доверия] может быть достигнут только в условиях деэскалации угрожающих действий России в отношении Украины"", - сообщают в администрации Байдена в ответ на предложения России.

Также в США и НАТО призвали Россию ""немедленно деэскалировать ситуацию проверяемым, своевременным и прочным образом"".

Кроме того, по данным Bloomberg, США предложили России обсудить возможность инспекции баз НАТО в Румынии и Польше на предмет наличия крылатых ракет.

При этом Вашингтон хочет, чтобы Россия в ответ ""предоставила аналогичную информацию об определенных военных базах"" на своей территории.",0,ukraine_russian,0,0,0,0,0,0,0,3,,
450269,"😔У Сумській області у звільнених від окупантів громадах щодня знаходять трупи людей.

""Після окупації та боїв у самому Тростянці не залишилося живого місця. 90% міста – без опалення, світла та води. Кожного дня в місті знаходять тіла загиблих або закатованих. І досі невідома кількість городян, яких викрали або ж примусово вивезли до Росії"", - розповів мер Тростянця Юрій Бова.

Детальніше про ситуацію у Сумах та області 
👉https://bit.ly/3JZmXyi",0,ukraine_ukrainian,0,0,0,0,0,0,0,3,,
208318,"Официальный спикер Минобороны с генеральской прямотой опроверг многолетние сказки российской пропаганды. 

Если удары по территории РФ продолжатся, ВС РФ будут нанесены удары по центрам принятия решений, в том числе в Киеве — Минобороны РФ

Стоп! Конашенков или удары по Вашингтону анонсирует, или центры принятия решений все-таки находятся целиком и полностью в Украине, а самый главный – в Киеве. И Минобороны с этим не спорит.

Пропагандист пропагандисту глаз не выклюет. Только оба.",0,russia,0,0,0,0,0,0,0,3,,
503238,Маріупольський технічний університет переїжджає до Дніпра. Тут він буде працювати на базі Дніпровської політехніки. Будівля Приазовського державного технічного університету майже вщент зруйнована окупантами.,0,ukraine_ukrainian,0,0,0,0,0,0,0,3,,
326569,"Лавров – об изменении Украиной своих требований:
✔️ Вчера украинская сторона представила в переговорную группу свой проект соглашения. В нем налицо отход от важнейших положений, зафиксированных на встрече в Стамбуле. В том документе украинцы четко сформулировали, что будущие гарантии безопасности Украины не распространяются на Крым и Севастополь. Во вчерашнем проекте эта четкая констатация отсутствует, вместо нее предлагаются размытые формулировки о некоем «эффективном контроле» по состоянию на 23 февраля.
✔️ Кроме того фигурирует идея о том, чтобы проблемы Крыма и Донбасса были вынесены на встречу президентов. Этот замысел понятен, он неприемлем.
✔️ Подобная недоговороспособность в очередной раз характеризует истинные замыслы Киева, его линию на затягивание и даже подрыв переговоров через отход от достигаемых пониманий. Видим в этом проявление того факта, что киевский режим контролируется Вашингтоном и его союзниками, толкающими Зеленского на продолжение боевых действий.",0,russia,0,0,0,0,0,0.5,0,2,,
504824,"У Кривому Розі затримали колишнього правоохоронця, якого російські спецслужби залучили до проведення розвідувально-підривної діяльності

Як розповіли в СБУ, чоловіку доручили проводити розвідку об’єктів і будівель підрозділів ЗСУ, територіальної оборони та правоохоронних органів у Кривому Розі із фото- і відеофіксацією. 

Спецслужби рф психологічно тиснули на нього шляхом затримання його дружини, яка мешкає і працює в Росії.

За вказаний злочин чоловіку загрожує покарання у вигляді позбавлення волі на термін до 15 років.",0,ukraine_ukrainian,0,0,0,0,0,0,0,3,,
449589,"💪На Херсонщині українські воїни розбили артилерійський підрозділ окупантів, що готувався до обстрілів мирних населених пунктів. На це можна дивитися довго.

Відео: Генштаб ЗСУ",0,ukraine_ukrainian,0,0.5,0,0,0,0,0.5,1,,
92595,"Жители Херсона вышли на проукраинский мирный митинг. Его разогнали российские военные 

ДАННОЕ СООБЩЕНИЕ (МАТЕРИАЛ) СОЗДАНО И (ИЛИ) РАСПРОСТРАНЕНО ИНОСТРАННЫМ СРЕДСТВОМ МАССОВОЙ ИНФОРМАЦИИ, ВЫПОЛНЯЮЩИМ ФУНКЦИИ ИНОСТРАННОГО АГЕНТА, И (ИЛИ) РОССИЙСКИМ ЮРИДИЧЕСКИМ ЛИЦОМ, ВЫПОЛНЯЮЩИМ ФУНКЦИИ ИНОСТРАННОГО АГЕНТА

Об этом сообщает «Суспільне». Как передает корреспондент издания, при разгоне были слышны выстрелы. Данных о раненых и задержаных пока нет. 

Херсон находится под контролем российских войск с начала марта. Жители города регулярно выходят на митинги против оккупации. Накануне российское государственно информагентство РИА Новости опубликовало видео поднятия российского флага над зданием горадминистрации Херсона.",0,russia,0,0,0,0,0,0,0,3,,
243789,"🇫🇷 Президент Франции Эммануэль Макрон заявил, что не считает возможной процедуру рассмотрения заявки Украины на вступление в ЕС в условиях конфликта.

Также французский лидер сообщил, что в ближайшие 48 часов вновь переговорит с Владимиром Путиным.

#евросоюз #украина #политика",0,russia,0,0,0,0,0,0,0,3,,
715568,Медведчук обратился к путину и Зеленскому с просьбой об обмене на защитников и мирных жителей Мариуполя,0,ukraine_russian,0,0,0,0,0,0,0,3,,
232329,"Минобороны о ходе боевых действий

«Народные милиции ДНР и ЛНР после продолжительных боев по отражению агрессии ВСУ на территорию республик провели мобилизацию и создали группировки войск. В настоящее время они перешли в контрнаступление при огневой поддержке российских Вооруженных Сил. Ими прорван передний край эшелонированной, хорошо оборудованной в инженерном отношении обороны ВСУ. Группировка войск Донецкой народной республики, наступая на Волноваху, продвинулась до трех километров, а группировка Луганской народной республики, наступая в направлении населенного пункта Счастье, форсировала Северский Донец и продвинулась на полтора километра».",0,russia,0,0,0,0,0,0,0,3,,
240223,"Кстати. Самое интересное на Украине будет происходить под буквой V, а не 
Z

Картинка поднятых по тревоге  чеченских военных из бригады Рамзана Ахматовича - просто для привлечения внимания",0,russia,0,0,0,0,0,0,0,3,,
540355,"Ракурс сверху: как в Херсоне орки нападали на мирных митингующих.

Труха⚡️Днепр
Прислать новость 📸",0,ukraine_russian,1,1,1,1,0,1,1,3,,
830609,"В Україні хочуть заборонити російську музику на радіо та телебаченні — відповідний законопроект уже зареєстровано у парламенті

 Такі треки не можна буде почути:

 - по радіо та ТБ;
 - у розважальних закладах;
 - у громадському транспорті (у комунальних та приватних перевізників);
 - у навчальних закладах, закладах культури та відпочинку;
 - у готельному та ресторанному бізнесі;
 - у кінотеатрах;
 - у суспільному просторі.

Доброго вечора, ми зі Львова 👋🏻 | Підписатись",0,ukraine_ukrainian,0,0,0,0,0,0,0,3,,
514134,"НАТО не піде на закриття повітряного простору над Україною, бо відповідає за життя європейців, — міністр закордонних справ ФРН Анналена Бербок

За її словами, закриття означатиме вступ до військового конфлікту з Росією, що поставить під загрозу життя мільйонів європейців.

#StopPutin
#StopRussianAggression 
#RuSSiaKills
#StandWithUkraine

 https://t.me/operativnoZSU
@operativnoZSU",0,ukraine_ukrainian,0,0,0,0,0,0,0,3,,
734243,"⚡️Близько 6:00 російські військові завдали ракетного удару по Одесі — атакували інфраструктуру, частину ракет збила ППО, 

зайнялися пожежі в деяких районах міста. Попередньо, люди не травмувалися.",0,ukraine_ukrainian,0,0,0,0,0,0,0,3,,
412652,В ресторанах Москвы начали появляться комментарии с фотографиями убитых орков в Украине.,0,ukraine_russian,1,1,1,1,0,1,1,3,,
177211,❗️Россия начала выплачивать единовременные пособия (по 10 тысяч рублей) пенсионерам и бюджетникам на освобожденных территориях Украины,0,russia,0,0,0,0,0,0,0,3,,
45564,"❗️Мы предсказывали, что российские войска не покинут Беларусь — глава Минобороны Украины",0,russia,0,0,0,0,0,0,0,3,,
708917,"Сегодня я был в эфирах Израиля, Турции и Одессы. И самым теплым был одесский эфир. Но это ожидаемо. А вот Турция и Израиль... Они нас поддерживают, но у них много ошибочных стереотипов и заблуждений. Мне пришлось объяснять на 9 канале в Израиле, что такое Правый сектор и развенчивать мифы об Украине. В 2022 году. Понимаете насколько сильны мифы созданные Кремлем? И турки не все понимают потому что и там работают информационные рупоры России, хотя и в меньшей степени. В общем, чувствуется недоработка государства на информационном фронте. И это не сегодняшняя проблема. Она стабильно существует с 2014 года. Увы...",1,ukraine_russian,0,0,0,0,0,0,0,3,,
559070,"Протягом 2 – 3 тижнів Росія спробує йти в наступ, залучить бійців з Близького Сходу, – Арестович

Підписатися на 24 канал",0,ukraine_ukrainian,0,0,0,0,0,0,0,3,,
773088,"Путин был в Харькове в 2001 году и пел о том, какие мы братские народы.

Самое примечательное, встреча была в ХОГА, по которому через 21 год он ударил ракетой. Мразь",1,ukraine_russian,0.5,0.5,0,0.5,0,0,0.5,2,,
387352,"⚡️В Запорожье прибыли 2000 иностранных наёмников⚡️

Источники проекта @wargonzo на той территории Запорожья, которая пока что находится под контролем киевского режима, сообщают, что в регион прибыли порядка 2000 иностранных наёмников.
По данным источника, ЧВКашники распределены на три группы по национальному признаку и вероисповеданию (есть бойцы из исламских стран - в частности из Турции и Азербайджана). 

По имеющей информации эту группировку Киев среди прочих сил собирался бросить на деблокаду Мариуполя, но затем планы поменялись - из-за полной нецелесообразности этой операции. Момент был упущен - Мариуполь перешел под контроль НМ ДНР и ВС РФ.

Вероятнее всего иностранцев теперь перебросят на авдеевское направление, так как на этом фронте донбасско-российские силы уже приступили к штурмовым и наступательным действиям.

@wargonzo

*наш проект существует на средства подписчиков, карта для помощи
4279 3806 9842 9521",0,russia,0,0,0,0,0,0.5,0,2,,
652783,Лавров проводит переговоры с гендиректором МАГАТЭ на фоне ситуации с украинскими АЭС.,0,ukraine_russian,0,0,0,0,0,0,0,3,,
631217,"‼️Увага! 
 
🟢Світломаскування зберігає життя! 
 
Закликаємо всіх громадян вжити заходів зі світломаскування власних домівок. 
✅Вимикайте світло в оселях, 
✅зашторюйте вікна, 
✅гасіть вуличне освітлення своїх будинків! 
Так житлові будинки стануть непомітними для ворога у темну пору доби! 
 
🇺🇦Бережіть свої життя та Україну!",0,ukraine_ukrainian,0,0,1,0,0,0,0.5,3,,
592446,"Газпром увеличивает поставки газа через Украину.
Неужели – это взятка Европе?
Ведь Путину было бы выгодно сейчас сделать акцент, что ГТС в опасности и газ не дадим, и тогда в ЕС могло «встать» многое, а цена бы взлетела до 3000$, но ВВП этого не делает. 
Теперь, наверное, многие понимают, что запад снова нас разменивает на свои ништяки.",1,ukraine_russian,0,0,0,0,0,0,0,3,,
587595,"Главные тезисы из интервью Зеленского на данный момент

▪️Конец света уже произошел. Украина сейчас является ""забором"" между цивилизацией и не цивилизацией;
▪️Продолжение следует: Латвия, Литва, Эстония, Молдова, Грузия, Польша – Зеленский о прожорливости России;
▪️НАТО не имеет смелости закрыть небо, пусть хоть самолеты даст;
▪️Если бы не был президентом, был бы в терробороне, стрелял, но не складывал оружие – Зеленский;
▪️""Россияне несут крематории для себя. Это ужас. Я не понимаю, что это за человек, который может планировать такие акты геноцида и нацизма. Даже украинская сторона лучше относится к оккупантам, чем их руководство"", - заявил президент.

Инсайдер UA  | Прислать новость",0,ukraine_russian,0,1,0.5,0.5,0.5,0,0.5,3,,
222516,"Российская хакерская группа RaHDit провела масштабную кибератаку, в результате которой были взломаны все 755 сайтов органов власти Украины https://t.me/kremlinprachka/17501",0,russia,0,0,0,0,0,0,0,3,,
824262,"В Сети публикуют видеоролики с взятыми в плен российскими оккупантами. Они не скрывают, какие цели и задачи ставили им командиры, перед вторжением на территорию Украины.

https://sprotyv.info/video/v-seti-poyavilos-video-s-plennymi-rossijskimi-voennymi",0,ukraine_russian,0,0,0,0,0,0,0,3,,
795730,"⚡️Шольц заявив, що у Москві паніка через відмову ЄС від енергоносіїв з росії

Підписатись на Факти Україна 🇺🇦",0,ukraine_ukrainian,0,0,0,0,0,0,0,3,,
760829,"Как мир помогает Украине бороться против россии?
 
 Оружием:
 
 🔻 Бельгия предоставит Украине 3 000 автоматов и 200 противотанковых гранатометов – дополнительно ко вчерашним 2 тысячам пулеметов и почти 3 800 тонн топлива.
 
 🔻 Дания предоставит украинской армии 2 700 единиц противотанкового оружия.
 
 🔻 5 тысяч противотанковых гранатометов, 5 тысяч бронежилетов, 5 тысяч шлемов и 135 тысяч сухпайков передаст Швеция
 
 Ограничениями:
 
 🔻 Турция закрывает Босфор и Дарданеллу для русских кораблей.
 
 Реакцией на войну:
 
 🔻 Норвежский нефтяной фонд замораживает свои инвестиции в России и планирует продать все купленные российские акции.
 
 🔻 Крупнейший иностранный инвестор «Роснефти» – транснациональная нефтегазовая компания ВР – продала свой пакет акций, а два ее представителя выходят из совета директоров «Роснефти».

UPD: Правительство Евросоюза собирается поставить в Украину итсребители 🇪🇺🇺🇦",0,ukraine_russian,0,0,0,0,0,0,0,3,,
528160,"Український бізнесмен Мирослав Загорський виявив канал, за допомогою якого росіяни обходять санкції. Завантажуть в Німеччині товари і везуть через польський кордон. Білоруськими вантажівками. 

«Друзі, прошу вас надіслати мій наступний пост всім своїм знайомим у Польщі полякам (можна і нашим). Я тут зупиняю тут потік руских і білорускіх машин, які щільним потоком йдуть до нашого ворога. Завантажені в основному жратвою, запчастинами, ліками. Це в обхід санкцій німці та інші ситі морди торгують з москалем. Ми це спинимо самі, біженці голими руками заблокують, знімуть номера, спустять шини. А після війни ці вантажівки заберемо в рамах контрибуції! Ми переможемо, а переможців не судять! Слава Україні!»

Мирослав з друзями голіруч зупиняє білоруські вантажівки. І пропонує білорусам альтернативний варіант. Оскільки до окупанта їх все рівно не пустять, залишатися в Україні та возити свої товари українцям. Ситуація «win-win». Пропозиція реальна, підкріплена контрактами. 

Кажуть, дехто вже погоджується.",2,ukraine_ukrainian,0,1,0,0,1,0,0.5,3,,
567692,"❗️Посол Польши в Украине Бартош Цихоцкий показал, чем питается в Киеве, осажденном российскими оккупантами.

💪🏻 Козак

Странно,что он не уехал.

Киев — прямая трансляция 👈
Подпишись",0,ukraine_russian,0,0,0,0,0,0,0,3,,
744264,"Пишу по-русски, чтобы лучше дошло до адресатов:

Те, кто причастен к пыткам и казням гражданских в Украине, уже всё. В лучшем случае, их ждёт пожизненный срок. 

Но я хочу обратиться к тем, кто ещё не совершал преступлений против гражданских и пленных. 

Это российские военные, которые пока временно на нашей территории и контактируют с нашим гражданским населением. Это российские силовики, контактирующие с нашими военными и гражданскими, которые в плену. 

Казни, изнасилования, пытки, издевательства – даже на войне и, прежде всего, на войне, в этом нет необходимости и этому не может быть никакого оправдания. 

Война рано или поздно закончится. Ведите себя так, чтобы всю оставшуюся жизнь не пришлось постоянно искать щель, куда спрятаться. Сейчас скрыть ничего и никого невозможно. Спрятаться нереально. Защищать и спасать вас потом никто не будет. А здесь никто ничего не забудет и никогда не простит. 

Просто думайте о своей жизни после войны. А иначе вам постоянно придётся думать о своей смерти.

Ірина Верещук",2,ukraine_russian,0,0,0,0,0,0,0,3,,
580435,"#Раскладка
США ставит задачу надавить на Китай по украинскому кризису. 
Завтра президент Байден на переговорах намерен заявить Си Цзиньпину, что США предпримут меры, если выяснится, что Китай поддерживает действия России в Украине.
Это можно трактовать, что США рано или поздно найдут к чему придраться, а следовательно, у Китая еще есть шанс поддержать «коллективный запад». 
Завтра будут большие торги.",0,ukraine_russian,0,0,0,0,0,0,0,3,,
43223,"Зеленский заявил, что в ходе состоявшегося разговора с Байденом они обсудили санкции против России и поддержку Украины в сфере обороны

«Надо остановить агрессора как можно скорее», добавил Зеленский.",0,russia,0,0,0,0,0,0,0,3,,
462858,В центре Сум местные жители словили оккупанта.,0,ukraine_russian,0,0,0,0,0,0,0,3,,
460590,"❗️Только, что в Мелитополе группой оккупантов из 10 человек был похищен мер города Иван Федоров, который отказался от сотрудничества с врагом. Во время похищения, ему надели пластиковый мешок на голову.  Враги задержали его в городском кризисном центре, где он занимался вопросами жизнеобеспечения украинского города. В кабинете Ивана Федорова стоял Украинский Флаг.

Об этом сообщил Антон Геращенко.",0,ukraine_russian,0,0,1,0,1,0,0.5,3,,
393288,"Посольство России назвало новые санкции Британии очередной главой антироссийского сценария, для которого украинский кризис - только лишь предлог.

@truekpru",0,russia,0,0,0,0,0,0,0,3,,
673395,"Арахамия в комментариях на Фейсбуке всячески даёт понять, что сегодняшние переговоры с Россией - это нечто вроде обмена мнениями.

""Мы едем услышать предложения. А потом уже будем обсуждать, стоит ли это того или нет"", - заявил Арахамия.",1,ukraine_russian,0,0,0,0,0,0,0,3,,
556997,"👌🏻 Безхатьки також допомагають подолати російських орків! 

Мешканець Одеси знайшов у покинутому будинку ручний протитанковий гранатомет. Чоловік повідомив про це до поліції, використавши кнопку тривожного виклику, яка була в громадському місці

Так тримати! Кожен, як може 💙💛

✊Підтримай 24 канал",1,ukraine_ukrainian,1,1,1,1,0,1,1,3,,
525718,"Генштаб ЗСУ, 12:00, 4 квітня

▪️На Слобожанському напрямку ворог продовжує блокувати Харків, здійснює артилерійські обстріли міста, перегруповує війська Посилює протиповітряне прикриття важливих об’єктів в районі міста Бєлгород та районів зосередження військ на Харківському напрямку.

▪️Для уточнення позицій підрозділів Збройних Сил України противник проводить розвідку в районі населеного пункту Барвінкове із застосуванням БПЛА, також намагається відновити міст через річку Сіверський Донець в районі міста Ізюм. Поблизу населеного пункту Бражківка, силами до танкової ротної тактичної групи, ворог провів розвідку боєм, успіху не мав, відійшов на раніше займані рубежі.

▪️Залишається висока імовірність нанесення авіаційних та ракетних ударів по цивільних об’єктах Харкова, триває підготовка до наступу в напрямку на Слов’янськ.",0,ukraine_ukrainian,0,0,1,0,1,0,1,3,,
451873,"🇺🇦 Наступ Росії на Україну загальмував майже на всіх напрямках, повідомляє ВВС з посиланням на джерела в Пентагоні. У кількох випадках російські війська свідомо зупинилися для перегрупування, але в більшості випадків це результат опору українців.

На цей момент Кремль задіяв 100% із понад 150 тис. військових, які він попередньо розташував біля кордонів України до вторгнення. Окупаційні війська залишаються в глухому куті та є мішенями для українських військових.

Останні новини на ТСН.ua | YouTube ТСН",0,ukraine_ukrainian,0,0.5,0,0,0,0.5,0.5,2,,
92144,"Жена Виктора Медведчука Оксана Марченко предложила обменять своего мужа на двух британских наемников, которые, как она утверждает, попали в плен

ДАННОЕ СООБЩЕНИЕ (МАТЕРИАЛ) СОЗДАНО И (ИЛИ) РАСПРОСТРАНЕНО ИНОСТРАННЫМ СРЕДСТВОМ МАССОВОЙ ИНФОРМАЦИИ, ВЫПОЛНЯЮЩИМ ФУНКЦИИ ИНОСТРАННОГО АГЕНТА, И (ИЛИ) РОССИЙСКИМ ЮРИДИЧЕСКИМ ЛИЦОМ, ВЫПОЛНЯЮЩИМ ФУНКЦИИ ИНОСТРАННОГО АГЕНТА

По словам Марченко, она «из сообщений массовой информации» узнала о сдаче в плен граждан Великобритании Эйдена Эслина и Шона Пиннера военнослужащим России и ДНР. Британцы якобы действовали в составе подразделений 36-й бригады морской пехоты ВСУ в Мариуполе.

Марченко призвала родственников Эслина и Пиннера обратиться с просьбой об обмене к премьер-министру Великобртиании Борису Джонсону.",0,russia,0,0,0,0,0,0,0,3,,
539972,"Так выглядит больница в Запорожье, куда привозят спасенных из Мариуполя людей.

До сих пор здание не подвергалось российским обстрелам, однако медики приготовились к «русскому миру» заранее.

Труха⚡️Днепр
Прислать новость 📸",0,ukraine_russian,0,0,0,1,0,0,0,2,,
92374,"Итальянский производитель кофе Lavazza прекратит работу в России.

ДАННОЕ СООБЩЕНИЕ (МАТЕРИАЛ) СОЗДАНО И (ИЛИ) РАСПРОСТРАНЕНО ИНОСТРАННЫМ СРЕДСТВОМ МАССОВОЙ ИНФОРМАЦИИ, ВЫПОЛНЯЮЩИМ ФУНКЦИИ ИНОСТРАННОГО АГЕНТА, И (ИЛИ) РОССИЙСКИМ ЮРИДИЧЕСКИМ ЛИЦОМ, ВЫПОЛНЯЮЩИМ ФУНКЦИИ ИНОСТРАННОГО АГЕНТА

«Lavazza приняла решение приостановить всю деятельность в России и — в связи с форс-мажорными обстоятельствами и невозможностью поставок продукции на рынок — также вынуждена временно приостановить дистрибуцию в Украине».",0,russia,0,0,0,0,0,0,0,3,,
5784,"Украинский телеведущий Шарафмал, процитировавший в эфире Эйхмана и призвавший к геноциду русских, родился в поселке Клевань, печально известном массовым уничтожением евреев в годы Великой Отечественной, сообщил РИА Новости информированный источник.

О печальной истории поселка нам рассказал ведущий научный сотрудник Петербургского института истории РАН Ковалев: ""В Клевани в 1941-1942 были уничтожены почти все евреи, и самое активное участие в этом принимали украинские пособники"".",0,russia,0,0,1,1,0,0,0.5,3,,
654188,"Европа не хочет конфликта большего масштаба, но хочет надавить на Россию со всей силой, чтобы она заплатила цену. Об этом заявил глава европейской дипломатии Жозеп Боррель.

""Мы поддерживаем Украину без нагнетания эскалации, мы не хотим конфликта большего [масштаба], но в то же время мы хотим надавить на Россию со всей силой для того, чтобы она заплатила цену"", — сказал Боррель в эфире телеканал Al Jazeera.",0,ukraine_russian,0,0,0,0,0,0,0,3,,
181647,"🇷🇺🇺🇦 Брифинг Минобороны России (11.04.2022 г.)  
 
◽️  Вооруженные Силы Российской Федерации продолжают проведение специальной военной операции на Украине.
 
💥   Днем 11 апреля в районе населенного пункта Часов Яр Донецкой области авиационным ракетным комплексом «Кинжал» уничтожен заглубленный, хорошо защищенный командный пункт группировки украинских войск на Донбассе.
 
💥  Высокоточными ракетами воздушного базирования в районе населенного пункта Селидово Донецкой области уничтожены: украинская пусковая установка тактических ракет «Точка-У», две установки реактивных систем залпового огня в подземном укрытии, два замаскированных скопления вооружении и военной техники и до 40 человек украинских националистов.

💥  В районе населенного пункта Новогродовка Донецкой области уничтожен базовый лагерь нацистов террористической организации «Правый сектор».
 
💥  В течение дня высокоточными ракетами наземного базирования в районах населенных пунктов Попасная, Новозвановка и Золотое Донецкой области уничтожены: командно-наблюдательный пункт батальона, три ротных опорных пункта, две ротные тактические группы украинской 24-й механизированной бригады и бригады территориальной обороны, а таже два места скопления личного состава, вооружения и военной техники. Всего в результате ударов в данных районах уничтожено до 300 украинских боевиков, свыше 50-ти боевых бронированных машин и до 25 автомобилей различного назначения.
 
💥  Российскими средствами противовоздушной обороны в районе населенного пункта Синельниково Днепропетровской области сбит в воздухе истребитель Су-27 украинских воздушных сил.
 
💥  Оперативно-тактической авиацией ВКС России поражены 42 военных объекта Украины. Среди них: три командных пункта, две радиолокационных станции подсвета и наведения, склад горючего, а также 35 опорных пунктов и районов сосредоточения украинской боевой техники.
 
📊  Всего с начала проведения специальной военной операции уничтожены: 130 самолетов, 99 вертолетов, 243 зенитных ракетных комплекса С-300, «Бук-М1», «Оса АКМ», 441 беспилотный летательный аппарат, 2132 танка и других боевых бронированных машин, 241 установка реактивных систем залпового огня, 913 орудий полевой артиллерии и минометов, а также 2028 единиц специальной военной автомобильной техники.
 
#Минобороны #Россия #Украина @mod_russia",0,russia,0,1,1,1,0,1,1,3,,
230999,Песков: разговора Путина с Зеленским в планах пока нет,0,russia,0,0,0,0,0,0,0,3,,
635732,"В Херсонской области и на юге Запорожской области, которые находятся под контролем российских военных, начали формировать новые военно-гражданские администрации, запустили процесс трансляции российского телерадиовещания и начали шире использовать российские рубли, сообщил РИА Новости постпред Крыма при президенте России Георгий Мурадов",0,ukraine_russian,0,0,0,0,0,0,0,3,,
239572,"Наша любимая (и уже частично заблокированная на территории России) Би Би Си описала пять возможных сценариев развития событий на Украине. Там есть даже самые невероятные варианты - например, свержение Путина или большая война в Европе. Там нет только одного. 

Того варианта, где Украина побеждает.",0,russia,0,0.5,0,0,0,0,0,2,,
592068,"На вторых мирных переговорах Украина с Россией договорилась о выводе гражданских из заблокированных городов.
Нужно срочно запросить помощь всех международных организаций для организации гуманитарных коридоров, чтобы обеспечить спасение мирного населения. Красный Крест обратился к власти усилить миссию в Украине,  что нужно использовать для предотвращения провокаций как вчера в Мариуполе, когда эвакуация была готова, но кто-то устроил обстрел колоны.

Офис Президента дал указание организовать эвакуацию с использованием автомобилей и поездов для перевозки мирного населения. Люди не должны идти пешком через всю страну в поисках безопасного мест, нужно поселить их в отелях на западной Украине.

https://t.me/ZeRada1/7738",0,ukraine_russian,0,0,0,0,0,0,0,3,,
748951,"‼️‼️‼️Ірпінь‼️‼️‼️

УВАГА

‼️Окупанти підірвали залізничні колії!
Просимо терміново всіх людей, які чекали на евакуацію з залізничного вокзалу Ірпеня перейти до Новоірпінської траси (с.Романівка) там буде здійснена евакуація автобусами на Київ.

Нагадуємо, відбувається евакуація на київський залізничний вокзал дітей, жінок та людей похилого віку.",0,ukraine_ukrainian,0,0,0,0,0,0,0,3,,
602364,"⚡️Путин больше не ставит цель взять Киев, а хочет заставить Украину сдать южные и восточные территории, — Wall Street Journal со ссылкой на американских чиновников

👉🏻 ПОДПИСАТЬСЯ 
Присылайте нам контент в анонимный бот -  ➡️ @Kiev_obstanovka_bot ⬅️",0,ukraine_russian,0,0,0,0,0,0,0,3,,
256858,"Французский еженедельник Le Point опубликовал интервью с Макроном, в котором тот рассказал, почему российский президент начал [роскомнадзор] в Украине, и почему сам Макрон продолжает названивать Путину.

Французский президент считает, что решение Путина продиктовано «обидой, которая переросла в паранойю». Психологическое состояние Путина усугубила в том числе изоляция из-за пандемии.

«Он уже был на грани одиночества. Он оказался в Сочи, заперся там на месяцы, у него стало меньше контактов с другими людьми».

Макрон отметил, что «слабо верит в коллективную способность посадить Путина за стол переговоров в краткосрочной перспективе».
Этим он объяснил свои частые звонки: «Если он больше ни с кем не разговаривает, то мы не знаем, как далеко он сможет зайти».

Также Макрон заявил, что Путину «нужна военная победа для себя на Украине». При этом он уважает Францию и воспринимает её как самостоятельное государство, а не просто как одну из стран Запада, считает Макрон.",0,russia,0,0,0,0,0,0.5,0,2,,
471606,"У Бучі московити вбили проросійського депутата.

📢Мова йде про Олександра Ржавського. 

💰У 90х займався бізнесом, був спочатку заступником, потім президентом АКБ ""Корал-банк""

🗳У 1998 переміг на виборах у 46 мажоритарному окрузі Донецької області, набравши 26%. Був депутатом Верховної Ради III скликання (1998-2002).  

☑️1999 створив свою партію «Єдина родина». Того ж 1999 та 2004 навіть був кандидатом в президенти, набравши обидва рази 0,3% у першому турі. 

🚀У 2006 був спочатку радником, а потім заступником одіозного Леоніда Чорновецького

🚘У 2007 потрапив у ДТП, пережив декілька операцій. Деякий час політикою не займався, потім безуспішно декілка разів балотувався в депутати 

🇺🇦У 2016 вийшло інтерв'ю зі снайпером батальйону «Донбас» Дмитром Кулішем (Позивний «Сімка»). У серпні 2014 він потрапив у полон при виході з Іловайська. 3 червня 2015 за обміном був звільнений. У цьому інтерв'ю 2016-го він розповів, що його дружина заплатила 50 тисяч доларів Ржевському, який обіцяв через свої зв'язки з регіоналми звільнити чоловіка. Ніякого звільнення не відбулося.

🩸У 2018 був знайдений мертвим його син Дмитро, з перерізаною шиєю та руками. Він був забудовником, ймовірно це внутрішній конфлікт з кимось теж впливовим.

🤔За інформацією головного редактора газети ""Факти"" Олександра Швеця, Ржавського вбили орки у його ж будинку в Бучі, де він їх розмістив. Вбили після того, як він відмовився вкотре дати їм горілки. Цій скотині було 63 роки.",0,ukraine_ukrainian,1,1,1,1,0,1,1,3,,
254391,"‼️💥Момент взрыва ВСУ моста на дамбе через Северский Донец

Сегодня украинские военные разрушили водосброс дамбы через Северский Донец в пгт. Старый Салтов в Волчанском районе Харьковской области, чтобы замедлить продвижение армии России к Харькову.
t.me/RVvoenkor",0,russia,0,0,0,0,0,0,0,3,,
488791,"хуйло заявил, что начать диалог с Украиной стало возможным во многом благодаря лукашенко.

картофельная башка заявил, что обсудил с хуйлом Бучу, назвал это спецоперацией Британии.  

А потом они поебалися",0,ukraine_russian,0,0.5,0.5,0,0,0,0.5,2,"1, 1","Alexandr Lukashenko, Vladimir Putin"
696200,"‼️МАКСИМАЛЬНЕ ПОШИРЕННЯ!

Бачите російські війська та техніку?
Помітили ворожі ДРГ?

Повідомте про це негайно!

Для цього створено спеціальний ОФІЦІЙНИЙ чат-бот - @stop_russian_war_bot

Достовірність перевірена!

Бот отримує та передає інформацію на відповідні штаби реагування.

В разі перебоїв в роботі бота, прохання надсилати інформацію в особисті повідомлення телеграм-акаунту @stop_russian_war

Захистимо Україну разом! 🇺🇦

#ЗупинимоОкупантів",2,ukraine_ukrainian,0,0,1,0,0,0,0.5,3,,
15630,"Поставки британского оружия на Украину носят символический характер, объяснил РИА Новости российский посол в Лондоне Келин",0,russia,0,0,0,0,0,0,0,3,,
822571,"ЗСУ знищили 488 мотострілецький полк ворога під Харковом, —радник голови МВС Вадим Денисенко.

Как цвєточкі, росіянє?)",0,ukraine_ukrainian,0,1,1,0,0,1,0.5,3,,
93226,"Над Чернобыльской АЭС подняли украинский флаг, сообщается в фейсбуке электространции 

Российские военные передали контроль над станцией украинскому персоналу 31-го марта.

https://holod.media/2022/04/02/chronicle-38/#10",0,russia,0,0,0,0,0,0,0,3,,
427176,"Очередной перехваченный СБУ телефонный разговор российских оккупантов

«Герой» очередного перехвата делится с супругой подробностями первого дня боев в Запорожье: «Мы на заправку заезжаем, там просто никого нету. Как начали красть все себя, набирать… Иллюха там… напитки-энергетики, ящиками запихивал все в машину…».

Но этого оказалось мало, поэтому захватчики разбили склад. А там: «...пиво, водки… напитков всяких там… полностью забит. Я давай все тоже в машину к себе ужух-ужух-ужух. Короче, грабили их нефигово»!

И единственное, что не понравилось жене в этом рассказе – что ее благоверный мог пить энергетики, потому что вредят здоровью.

🇺🇦Реальная Война",0,ukraine_russian,0,0,0,0,0,0,0,3,,
380868,"1. ФБК занял однозначно пронацистскую украинскую позицию по теме военной операции ВС РФ по денацификации и устранению угрозы РФ с западных рубежей.  
Волков, Певчих, Жданов и сам Навальный полностью игнорируют уголовные преступления укрофашистов, гонение на ветеранов  ВОВ, госпереворот 2014 года, бандеризацию общества, ущемление прав русскоязычного населения.  
 
2. Они радовались тому, что Украина шла в НАТО и топили в Европарламенте и Конгрессе США за введение санкций в отношении Российской экономики и граждан РФ. 
 
3. Они только рады, что Запад, видимо во имя свободы слова, блокирует российские СМИ, и их аккаунты в соцсетях. Как бомжеватые гиены они шатаются по домам журналистов и владельцев крупного бизнеса, которые не являются госслужащими и лишены имущества без постановления суда, хотя Запад очень щепетилен в вопросе собственности.  
 
4. Шавки навального и сам Навальный присваивали себе миллионы донатов и продолжают это делать, выпрашивая средства везде, где можно и у кого можно.   
 
4. Сегодня, когда организатор этого мошеннического балагана убыл  отбывать наказание за содеянное, его подельники продают себя всей антирусской братии, в результате чего  вся мобилизационная мощь их призывов свелась практически к нулю, что показали акции 6 и 13 марта с.г. И это закономерно. 
 
Украина стала лакмусовой бумагой, показавшей, кто чего стоит: одни своих не бросают, а другие плюют им в спину.",0,russia,0,1,1,1,1,0,1,3,,
686091,"⚡️Генштаб ВСУ сообщает, что в Украину введены две трети доступных России батальонных тактических групп",0,ukraine_russian,0,0,0,0,0,0,0,3,,
718414,"❗❗❗Українська делегація прибула в район українсько-білоруського кордону для участі в переговорах з представниками Російської Федерації.

До складу делегації увійшли: голова фракції «Слуга Народу» Давид Арахамія, міністр оборони України Олексій Резніков, радник керівника Офісу Президента Михайло Подоляк, перший заступник глави делегації України в Тристоронній контактній групі Андрій Костін, народний депутат Рустем Умєров та заступник міністра закордонних справ України Микола Точицький.

Ключове питання перемовин – негайне припинення вогню та відведення військ із території України.",0,ukraine_ukrainian,0,0,0,0,0,0,0,3,,
28271,"«Это зависит не только от нас»: Путин пояснил, что в случае отказа Киева от реализации Минских договоренностей дипломатическим путем ситуацию Россия решать не будет. Да, ещё нужны гарантии по нерасширению НАТО

Также Владимир Владимирович в своем выступлении озвучил уже привычный пассаж о гарантиях от западных партнеров. Вновь прозвучал тезис о документально подтвержденных договоренностях о невступлении Киева в НАТО. Тех обещаний, которые Европа и Америка дала России в последнее время, недостаточно. Комментируя вопрос о будущем конфликта, он сказал, что наша страна будет стремиться решить его дипломатическим путем, но вновь, только если Украина начнет реализовывать Минские соглашения.

Ставки партии войны резко возросли.",1,russia,0,0,0,0,0,0,0,3,,
64992,"Странно, что по заводу Визар ( производитель  ПКР Нептун) ударили после того, как был потоплен крейсер «Москва», а не до. 

Глядишь, так и до ударов по мостам через Днепр дойдём и наконец-то прекратим поставки оружия и личного состава ВСУ с правого берега Днепра, на левый.",0,russia,0,0,0,0,0,0,0,3,,
627563,🤡Путин назвал решение о специальной военной операции на Украине тяжелым,0,ukraine_russian,0,0,0,0,0,0,0,3,,
270658,"Российские войска взяли под полный контроль первый областной центр на Украине - город Херсон, сообщил официальный представитель Минобороны генерал-майор Игорь Конашенков.

""Гражданская инфраструктура, объекты жизнеобеспечения населения и городской транспорт работают в повседневном режиме. Недостатков в продовольствии и товарах первой необходимости город не испытывает"", - заверил он.

По словам Конашенкова, в настоящий момент продолжаются переговоры между российским командованием, администрацией города и области по решению вопросов поддержания функционирования объектов социальной инфраструктуры, обеспечению правопорядка и безопасности населения.",0,russia,0,0,0,0,0,0,0,3,,
695136,⚡️⚡️В Офисе президента отреагировали на попытку прорыва рашистов на Донбассе. Ермак призвал верить в ВСУ.,0,ukraine_russian,0,1,1,1,1,0,1,3,,
740677,"⚡️ЄС забороняє передавати в Росію банкноти євро 

oOps 😁

Новини України | Підпишись",0,ukraine_ukrainian,0,0,0,0,0,0,0,3,,
822982,"​Ця мразь з сайту «страна» всі ці роки розповідала про «громадянську війну» та організовувала інформаційні операції проти України за вказівкою з РФ. Шліть її нахуй так само як і той корабель. Агентура ворога нею і лишається, що б вони не казали.",0,ukraine_ukrainian,0,1,1,0,0,0,0.5,3,,
676472,"На телеканале CNN, который в последний месяц стал главным поставщиком новостей об «угрозе российского вторжения в Украину», смена власти.

Глава телеканала CNN Джефф Цукер объявил об отставке.

Но не из-за фейков в эфире или же «переноса» Харькова в Россию, а совсем по другой причине: в связи с тем, что тайно состоял в романтических отношениях с коллегой.",0,ukraine_russian,0,0,0,0,0,0,0,3,,
203387,"Наскальная живопись украинских нацистов:

1. Фото с базы спецназа «Медведи», разгромленной под Мариуполем. Группа тесно взаимодействовала с боевиками «Азова». Сочетаются нацистские символы и исламские.

2. Фото с телефона пленного боевика из «Азова» — позывные всех его нацистских товарищей.

3-5. Агитация на базе «Айдара» призывает убивать русских.",0,russia,0,1,1,1,0,1,1,3,,
476908,"Слабонервным лучше не смотреть!

Украинские водители показали, как объезжают заминированный орками участок дороги близ Бородянки.

Поделиться обстановкой в регионе 👉 @Kharkiv_Lifebot
Подписаться 👉",0,ukraine_russian,1,1,1,1,0,1,1,3,,
654562,"Президент Украины Владимир Зеленский выступил перед правительством Бундестага Германии. По окончанию его выступления, немецкий парламент аплодировал ему стоя.

В своей речи президент Украины призвал к усиленным санкциям против РФ и введению эмбарго на покупку нефти и газа из России.",0,ukraine_russian,0,0,0,0,0,0,0,3,,
65380,"Наконец-то мы все увидели, что значит наличие у России сильного военно-морского флота. И это лишь одна из самых малых его частей. Черноморский флот один из самых малочисленных, но при этом и самый воюющий. 
С началом СВО Чёрное море вновь стало Русским. Флот полностью закрыл и заблокировал Азовское море и всю прибрежную территорию уркаины. Все попытки выйти в море, вырваться из окружения (Мариуполь, например), жёстко пресекаются.  Нейтральных сил в закрытой Россией морской зоне, нет. Работает принцип ""кто не с нами, тот против нас"", и все кто рискнет там появиться - будут (или уже) уничтожены.
Одтельно выделяется роль морских пограничников, имеющих огромный опыт патрулирования данных акваторий. Сквозь такую морскую блокаду проскочить просто не реально. 
Об эффективности ракетных ударов ""Калибрами"" вообще речи не ведётся. Система работает как часы. 

Превосходство в море АБСОЛЮТНОЕ. 

Слава ВМФ!!!!!

🤙🏻⚓",2,russia,0,0,0,0,0,0,0,3,,
528117,"СБУ затримала агента ФСБ, який просував в Україні ідеї «руського міра»

Окрім того, він займався:

▪️ пошуком мікробіологічних лабораторій подвійного призначення;
▪️ збором інформації про суспільно-політичну ситуацію в Україні;
▪️ проведенням інформаційних операцій, вигідних агресору. 

У агента був псевдонім «Гєлєн», а його куратор - співробітник ФСБ Щипіцин Олександр В’ячеславович. 

Ця особа має документи прикриття на ім’я Шипулін Олександр Володимирович та нібито працює у Казанському інституті Євразійських та міжнародних досліджень.

Також українська спецслужба встановила московського координатора цього агента. 

Ним виявився офіцер 5-ї Служби Департаменту оперативної інформації ФСБ РФ Хрустальов Сергій Миколайович.

Наразі з агентом ФСБ працюють контррозвідники та слідчі СБУ. Його взято під варту.

#СТОЇМО
#ЗупинимоОкупантів
#stoprussia",0,ukraine_ukrainian,0,0,0,0,0,0,0,3,,
792729,"❗️ППО знешкодило російську ракету над Васильковом, — очільниця міста Наталія Баласинович.

Підписатись на Факти Україна 🇺🇦",0,ukraine_ukrainian,0,0,0,0,0,0,0,3,,
770814,"Рамзан Кадыров призвал к продолжению операции на Киевском направлении: 
 «Надо завершить начатое, не останавливаться, надо зайти в Киев и забрать его»",0,ukraine_russian,0,0,0,0,0,0,0,3,,
747700,‼️Руслан Стефанчук про плани окупантів стосовно референдуму в Херсонській області,0,ukraine_ukrainian,0,0,0,0,0,0,0,3,,
491257,"❗️Байден заявил о реальной угрозе химической войны в Украине

""Я думаю, что это реальная угроза"", — так ответил президент США на вопрос журналиста о вероятности применения химического оружия Россией против Украины.",0,ukraine_russian,0,0,0,0,0,0,0,3,,
612034,"""Все линии нашей обороны сохранены. Ни на одном направлении стратегической обороны у врага нет успеха. Они подавлены и обречены"", — Зеленский.",1,ukraine_russian,0,0,1,0,1,0,0.5,3,,
773295,"Поговаривают, что на Харьковщине с утреца ""приземлили"" два российских вертолёта Ми-8. Причем сделано это было с помощью ПТРК ""Корсар""

Было бы интересным увидеть останки вблизи, но в целом, если был применён ""Корсар"" то явно по приземлившейся цели

Как бы там ни было-Доброе утро!

Источник: Александр Коваленко",0,ukraine_russian,0.5,0.5,0,0,0.5,0.5,1,2,,
533432,"А вот и обещанный пиздеж прилетел с российских каналов🤬🤬🤬

Днепр ОПЕРАТИВНЫЙ🇺🇦

ПОДПИСАТЬСЯ | Прислать новость | Инстаграм |

#днепроперативный",0,ukraine_russian,0,1,0.5,0,0,0,0.5,3,,
392287,"Взрыв с последующим падением обломков произошел в Томаровке Белгородской области, на границе с Украиной, пострадавших нет – глава администрации Яковлевского городского округа Белгородской области Олег Медведев

@truekpru",0,russia,0,0,0,0,0,0,0,3,,
143056,"Утренний брифинг МО РФ. 23.04.2022

Помимо перечисления различных ударов, стоит отметить еще 1 сбитый Су-25 на Изюмском направлении.",0,russia,0,0,0,0,0,0,0,3,,
146153,"Сводка боевых действий за 3 апреля 2022 года от Владислава Угольного

Кратко: отвод русских войск в Черниговской и Сумской области, продолжающийся штурм Мариуполя. Бои в районе Северодонецкой агломерации, Авдеевки и Марьинки.

🎯 Черниговско-Слобожанское направление —  отведены войска южнее Чернигова, об отводе войск севернее на данный момент информации нет. В Сумской области идет переброска войск с запада на восток, русские на данный момент сохраняют присутствие на линии Шостка — Конотоп. Отвод войск идёт без боёв. Блокада Сум снята, юго-восточнее русские сохраняют присутствие только в Харьковской области.

🎯 Харьковское направление — без изменений: линия фронта в Харьковской области лежит по населенным пункта Золочев — Русская Лозовая — Циркуны — Ольховка — Чугуев — Змиев — Балаклея. 

🎯 ПАВЛОГРАДСКАЯ ДУГА:

🏹 Северный фланг дуги (от Балаклеи до Попасной) — в районе Изюма без изменений. В Северодонецкой агломерации продолжается зачистка промзоны Рубежного и бои в районе Метёлкино, Кременная, Боровское. Продолжаются бои в районе Попасной, а также взламывание украинской обороны на Бахмутке.

🏹 Центральный фронт (от Попасной до Марьинки) — продолжаются бои за Марьинку (и Новомихайловку южнее) и в районе Авдеевки (Новосёловка, Новобахмутка, Троицкое).

🏹 Южный фланг дуги (от реки Днепр до Марьинки) — линия фронта от Днепра до Великой Новоселки без изменений. Информации о продвижении в районе Великой Новоселки (селе Благодатном) и к трассе Запорожье — Донецк по-прежнему нет.

🎯 Мариупольский котёл — в городе продолжаются бои, подробная карта. Основное продвижение — в Приморском районе города.

🎯 Херсонско-Николаевское направление — без изменений идут на административных границах Херсонской области напротив Николаева и Кривого Рога по линии Черное море — Александровка — Снигирёвка — Великая Александровка — река Днепр.

Прошлые сводки: 28 февраля, 1 марта, 2 марта, 3 марта, 4 марта, 5 марта, 6 марта, 7 марта, 8 марта, 9 марта, 10 марта, 11 марта, 12 марта, 13 марта, 14 марта, 15 марта, 16-17 марта 

26 марта, 27 марта, 30 марта, 1 апреля, 2 апреля",0,russia,0,0,0,0,0,0,0,3,,
493724,"МИД РФ: россия не забудет Лондону сотрудничества с «националистами» в Украине и «киевским режимом», а также поставки вооружений, которые применяют против российских военных.

Свинособаки пусть лучше не забудут вынуть хуй из своей жопы.",0,ukraine_russian,1,1,1,1,1,1,1,3,,
61333,"‼️🇷🇺Я ждала этого дня, чтобы увидеть русских ребят! - жительница освобожденного Рубежного встречает освободителей

Пожилая женщина с негодованием рассказывает ,что местные оккупационные власти запрещали русский язык.

Напомним, город Рубежное в ЛНР героически сражался с нацистами и был оккупирован ВСУ и нацбатами в 2014 г. освобождён сегодня - 14.03.2022 г.",0,russia,0,0,1,1,0,0.5,0.5,2,,
747685,"❗️Бізнес на крові! 
Центр протидії дезінформації при РНБО України нагадує про світові бренди, що попри загальне бойкотування рф, продовжують вести економічну діяльність на території країни-агресора 

🔺Шведська косметична компанія Oriflame заявила, що залишається у рф, щоб підтримати своїх співробітників

🔺Французька компанія, що спеціалізується на продажу товарів для будівництва Leroy Merlin, не планує виходити з ринку рф, а натомість збільшить об'єми постачання та асортименту

🔺Банк Raiffeisen теж залишаються працювати на території агресора

🔺Найбільші китайські виробники смартфонів Huawei та Xiaomi хоч вдвічі і скоротили кількість продукції, що відвантажується до росії, але продовжують працювати на території рф

ЦПД при РНБО України і надалі  публікуватиме назви тих компаній, що залишилися будувати свій бізнес на крові

🤛#stoprussia",0,ukraine_ukrainian,0,0,0.5,0.5,0,0,0.5,1,,
812921,"⚡️ Місія ОБСЄ опублікувала звіт щодо війни в Україні. Експертами були виявлені порушення міжнародного гуманітарного права з боку російських збройних сил. Зокрема, в атаках на лікарні, культурні об’єкти, школи, багатоповерхові житлові будинки, водопровідні станції та системи електропостачання. Найбільш вони проявились під час облоги Маріуполя.",0,ukraine_ukrainian,0,0,0,0,0,0,0,3,,
231359,Рамзан Кадыров постит в свой телеграм-канал видео из Украины с чеченскими бойцами,0,russia,0,0,0,0,0,0,0,3,,
440569,"Последствия от падения вражеских осколков на дом в Киеве. Фото ГСЧС.

Отправляйте инфу по обстановке в городе @novosti_kieva_bot ссылка на наш канал 👉",0,ukraine_russian,0,0,1,0,0,0,0.5,3,,
280798,"Переговоры тет-а-тет главы делегации РФ, помощника президента России Владимира Мединского и члена украинской делегации, главы парламентской фракции правящей партии Украины ""Слуга народа"" Давида Арахамии стартовали в Стамбуле. 

Фото: Генконсульство РФ в Стамбуле",0,russia,0,0,0,0,0,0,0,3,,
489560,"⚡️Новини війни:

▪️Глава МЗС України Дмитро Кулеба зустрівся з арабською контактною групою. ""Росія повинна розблокувати українські морські порти, щоб дозволити експорт сільськогосподарської продукції на світові ринки, особливо в арабські країни"". - зазначив він.

▪️Сільгосптехніку, яку російські мародери вкрали на 1,5 млн євро у Мелітополі, помітили у Криму та Чечні. Техніка була оснащена GPS-навігаторами, тому її вдалося відстежити. 

▪️Румунія оголосила 10 російських дипломатів персонами нон грата. В МЗС повідомили російському послу про засудження воєнних злочинів росії в Бучі та на інших українських територіях

▪️Нацгвардія взяла під охорону Чорнобильську АЕС. Військові перевірять радіаційний стан приміщень та об'єктів станції, де перебували окупанти.

▪️Європейська комісія незабаром запустить новий потужний механізм скорочення фінансування Угорщини за підрив стандартів верховенства права в блоці.

▪️Чехія відправила в Україну танки Т-72 і бойові машини піхоти.

▪️З екопарку під Харковом, незважаючи на обстріли, почали вивозити великих хижаків — уже евакуювали чотирьох тварин, повідомив засновник Олександр Фельдман.",0,ukraine_ukrainian,0,0,0,0,0,0,0,3,,
661380,"✈️ Германия закрывает воздушное пространство для российских самолетов сегодня с 16:00 по Киеву, — СМИ

Подписаться / Прислать новость",0,ukraine_russian,0,0,0,0,0,0,0,3,,
102802,"Учительница с Сахалина высказалась на уроке против спецоперации на Украине и получила штраф в 30 тысяч. Как об этом узнали? Ученики сняли её на видео. 

Учительница английского языка школы №6 в городе Корсакове Марина Дуброва высказала ученикам своё отношение к спецоперации на Украине 17 марта. Дуброва не поддержала Вооружённые силы России, и её мнение могло бы остаться почти незамеченным, если бы не ученики. Кто-то из школьников снял слова учительницы на видео и о её поступке узнало руководство.

Учительницу задержали. На неё составили протокол по новой административной статье (20.3.3 КоАП РФ), а позже суд признал её виновной и назначил штраф в размере 30 тысяч рублей. Увольнять из школы Дуброву не стали — она получила дисциплинарное взыскание.",0,russia,0,0,0,0,0,0,0,3,,
145389,"🗣Минобороны РФ рассказало о новых подвигах российских военнослужащих:

🔹 Командир мотострелкового взвода лейтенант Егор Алексеев сражался с превосходящими силами украинских боевиков. Алексеев грамотно выстроил оборону, благодаря чему его взвод успешно отражал атаки противника. В ходе успешной операции подразделение Алексеева уничтожило девять единиц вражеской бронетехники и 30 украинских националистов.

🔹 Сержант Роман Ткачев обнаружил в одном из ответвлений автодороги две боевые машины пехоты и порядка 20 украинских националистов, вооруженных стрелковым оружием и гранатометами и готовившихся к нападению на российскую колонну. Умело маневрируя на участке местности, Ткачев первым выстрелом поразил открывшего огонь гранатометчика. В дальнейшем, грамотно руководя действиями экипажа боевой машины, он уничтожил две вражеские БМП и часть живой силы противника.

 @izvestia",0,russia,0.5,1,1,1,1,1,1,3,,
258173,"В России запрещают выступления украинских и российских артистов, выступивших против [Роскомнадзора], сообщает «Агентство» со ссылкой на неназванного концертного промоутера.

Также «Агентство» опубликовало список этих артистов: с ним сотрудники центра Э приходят к владельцам концертных площадок и говорят, что выступление артистов из списка «крайне нежелательны».

Всего в список вошли 22 артиста. 

«Агентство» добавляет, что с некоторых артистов стали брать письменное обязательство, что они не будут использовать на концертах национальную символику Украины или высказываться о [Роскомнадзоре].",0,russia,0,0,0,0,0,0,0,3,,
705722,"⚫️ ""Раньше запрещали даже смотреть в сторону гражданских. А сейчас разрешили стрелять. Всех х...ярить разрешили: женщин, детей, всех""

СБУ перехопила розмови окупантів: у Харкові їм дали команду стріляти в цивільних.

Підписатись|  Fb | Twitter",0,ukraine_russian,0,0,0.5,0.5,0,0,0.5,2,,
619472,"Кадры  из Мариуполя. Чеченские бойцы прорвали оборону «Азовстали». Там за толстыми стенами укрывались «азовцы». Это последний участок в городе, контроль над которым был у ВСУ.

Правдивости - подписаться",0,ukraine_russian,0,0,0,0,0,0,0,3,,
706414,"​​⚫️ Острів Зміїний захоплений окупантами, - Держприкордонслужба

""Після обстрілу Зміїного з корабельних озброєнь та бойової авіації окупантів була зруйнована інфраструктура на острові. Крім того, зв'язок з прикордонниками, які знаходяться на остові з воїнами ЗСУ, втрачено. За наявною інформацією острів Зміїний захоплений"", - йдеться у повідомленні.

Підписатись | Чат ЦН |  Fb | Twitter",0,ukraine_ukrainian,0,0,0,0,0,0,0,3,,
76488,"Владимир Зеленский: ""Если у вас или у каких-то людей есть дополнительная информация о стопроцентном вторжении Российской Федерации на Украину начиная с 16 числа, дайте нам, пожалуйста, такую информацию"".

Вы такое вообще видели когда-нибудь? США 2 месяца ежедневно заявляют, что на Украину вот-вот нападёт Россия. Президент Украины и представители силового блока этой страны уже 2 месяца говорят, что такой информацией не располагают, а теперь ещё и просят неравнодушных поделиться данными. 

Кроме Bloomberg, Der Spiegel и неназванных американских источников, такой информации нет ни у кого. Но, видимо, пока идейные вдохновители майданов не доведут Украину до полного коллапса, они не успокоятся. Уже 2 месяца издеваются над здравым смыслом и украинским народом, реализуя очередную глобальную провокационную кампанию.",0,russia,0,0.5,0,0,0,0.5,0.5,2,,
728970,"❕В ООН мають докази використання російськими військовими на території України касетних боєприпасів.

Зокрема 24 лютого касетний боєприпас вибухнув у Вугледарській лікарні — загинули 4 особи, ще 10 отримали поранення. Також від касетних боєприпасів загинули 9 мирних жителів у Харкові, ще 37 — поранені",0,ukraine_ukrainian,0,0,0,0,0,0,0,3,,
592571,"#инсайд 
На Банковой ожидали признание ЛДНР Путиным, весь процесс был запущен строго по привычному алгоритму Кремля. Украина будет настаивать на созыве гарантов Будапештского меморандума.

https://t.me/rezident_ua/10213",0,ukraine_russian,0,0,0,0,0,0,0,3,,
428257,"❗️Интересная аналитика по поводу сегодняшнего обстрела Белгородской области

Если присмотреться, то она летела не со стороны Украины, а в Украину.

Реальная Война",0,ukraine_russian,0,0,0,0,0,0,0,3,,
380037,"⚡️ Брифинг Минобороны России:

— За сутки уничтожены 19 украинских беспилотных летательных аппаратов;

— ВС РФ с начала спецоперации уничтожили 308 беспилотников,1 713 танков и 170 РСЗО;

— Российские военные за сутки сбили четыре украинских самолета Су-24 и один Су-27;

— ВС РФ сбили в воздухе пять ракет украинской реактивной системы залпового огня ""Смерч"" в районе аэродрома в Херсонской области;

— Авиация ВКС РФ и ракетные войска за сутки поразили 36 военных объекта Украины, в том числе два ЗРК и одну установку РСЗО.

@opersvodki",0,russia,0,0,0,0,0,0,0,3,,
457889,"❗️The Guardian сообщает о том, что россия планирует привлечь около 20 000 наёмников из Сирии, Ливии и других стран к войне в Украине.",0,ukraine_russian,0,0,0,0,0,0,0,3,,
426660,"Часовой штурм позиций ВСУ в районе Александровки Херсонской области остался безуспешным. Враг отступил – оперативное командование ""Юг""

❗️Сообщается, что уничтожены 28 оккупантов и 5 единиц техники РФ, среди которых бронированная, инженерная, автомобильная и БПЛА.

🇺🇦Реальная Война",0,ukraine_russian,0,1,1,0,1,1,1,3,,
355030,"Зеленский: Украина осталась одна, Россию не убедили новые санкции

По его словам, мир продолжает наблюдать за происходящим издалека.",0,russia,0,0,0,0,0,0,0,3,,
796107,"⚡️ Ворог знову обстріляв Київ – пошкоджені будівлі у Святошинському та Шевченківському районах

▪️Обстрілів зазнав торговий центр, будинки приватного сектору та багатоповерхівки. Пожежі ліквідовано, постраждалих не виявлено. Пошкоджено приміщення торгового центру та два приватних будинки.

▪️Крім того, зранку обстрілу зазнав Шевченківський район. На місці працюють рятувальники та медики. Наразі є загорання кількох приватних будинків та в багатоповерхівці. Четверо людей травмовані. Інформація про постраждалих та характер руйнувань – уточнюється.

Підписатись на Факти Україна 🇺🇦",0,ukraine_ukrainian,0,0,1,0,1,0,0.5,3,,
191816,Украинские сообщества сообщают о еще одном подбитом российском вертолете.,0,russia,0,0,0,0,0,0,0,3,,
705818,"🤦‍♂️ Як виглядає брехня російських фашистів

""На другие страны мы нападать не планируем, мы и на Украину не нападали"", - Лавров

Також Лавров прокоментував вчорашній обстріл пологового будинку в Маріуполі: ""Иностранные СМИ манипулируют информацией по роддому в Мариуполе. Он был давно захвачен батальоном ""Азов"". Оттуда выгнали всех рожениц и врачей"".

Висновок один - треба фізично знищити весь путінський режим.

Підписатись|  Fb | Twitter",0,ukraine_ukrainian,0,1,1,1,0,0,1,2,,
570376,"Рашка похищает украинцев, незаконно вывозит, переодевает в форму и в своей пропаганде представляет их как ""пленных"" украинских военных.

Страна-фейк продолжает совершать геноцид и нагло врет своим людям. Мы всех врагов найдем, и пощады уже не будет!",1,ukraine_russian,0,1,1,1,0,0,1,2,,
587415,"❗️Россия рассчитывала потерять максимум 100 военных — Арахамия

Инсайдер UA  | Подписаться",0,ukraine_russian,0,0,0,0,0,0,0,3,,
528509,"⚡️ Аеродром «Коротич» Харківського аероклубу знищено нальотом авіації противника. Інфраструктура аеродрому і літаки приведено у неробочий стан. Ще кілька місяців тому на аеродромі  «Коротич» проходив найбільший авіаційний фестиваль України. Хто міг тоді уявити, що війна прийде сюди?",0,ukraine_ukrainian,0,0,1,0,1,0,0.5,3,,
554624,"""Азов"" – герої Маріуполя. Подивіться, як ювелірно вони вміють вбивати загарбників. 

Підписуйся на 24 канал | Підтримай нас",0,ukraine_ukrainian,0,1,0,0,0,0,0.5,3,,
738621,"⚡️ ""путін сказав все з землею рівняти"", — матеріали перехоплення телефонних розмов окупантів

Новини України | Підпишись",0,ukraine_ukrainian,0,0,0,0.5,0,0,0,2,,
814938,"🤬 Ні, це не картина навали 1240 року. Це Ірпінь сьогодні. 
Вісім століть тому орду зупинити не вдалося, але сьогодні усі шанси є. 

Україна обов’язково переможе!",2,ukraine_ukrainian,0,0,1,1,1,0,1,3,,
555118,"У росії хочуть дозволити всиновлювати за спрощеною процедурою дітей, яких незаконно вивезли з України🤯

Депутати держави-агресорки хочуть підготувати зміни до законодавства до 13 квітня. У Зеленського наголосили, що таке усиновлення – це порушення прав дитини.

Нагадаємо, що окупанти незаконно вивозять малечу, зокрема, з Маріуполя. Ще наприкінці березня Зеленський заявляв, щоокупанти викрали вже понад 2 000 дітей😡

Підписуйся на 24 канал | Підтримай нас",0,ukraine_ukrainian,0,0,0,0,0,0,0,3,,
797005,"​​⚡️ Президент України Володимир Зеленський нагородив орденом «За мужність» ІІІ ступеня міського голову Мелітополя Івана Федорова, який був захоплений у полон, але відмовився співпрацювати з окупантами.

Підписатись на Факти Україна 🇺🇦",0,ukraine_ukrainian,0,0,0,0,0,0,0,3,,
735094,"⚪️🔴⚪️ У Білорусі відбувається масовий флешмоб проти участі в російсько-українській війні. По всій країні розклеєні листівки ""Живи заради Білорусі, а не вмирай заради Росії"", повідомляє політичний експерт Світлана Кушнір. 

💁🏻‍♂️ Людей закликають будь-якими способами намагатися відмовитися від мобілізації. За словами Кушнір, у Мінську таких листівок безліч, їх намагаються зірвати і знищити комунальники.

BLACKLIST IF | Надіслати",0,ukraine_ukrainian,0,0,0,0,0,0,0,3,,
339674,"Элементы группировки V. Те же ребята, что работали под Киевом и на севере Украины, сейчас выбивают укрепленные позиции националистов из последних ещё полностью неосвобожденных жилых кварталов Левобережья Мариуполя.

Боевики «Азова» в этом квартале борются за каждое здание, за каждый двор и каждую квартиру — ибо потеря этих зданий открывает возможность штурма промзоны «Азовстали» с востока. 

На этих кадрах — тяжелая техника действует при поддержке пехоты из чеченских добровольцев и бойцов ДНР",0,russia,0,0,0,1,0,0.5,0.5,3,,
63800,"❗️❗️❗️

Пользователи в сетях сообщают об обстреле ВСУ приграничного посёлка Тёткино в Курской области

Спасибо Вам за материалы, присланные в наш бот

@ztv_247_bot",0,russia,0,0,0,0,0,0,0,3,,
733831,"❗️Рашн пропаганден швидко змінили вже всі свої повідомлення.

Відразу вихваляння про удар по ЗСУ, а потім коли побачили що вбили десятки мирних мешканців... Почали горланити що це навпаки ЗСУ стріляли.

Отак вони «спасають Данбас від нацистів»

BLACKLIST IF | Надіслати інфо",0,ukraine_ukrainian,0,0.5,0,0.5,0,0,0.5,3,,
147649,"БиоБайден

Открытые источники, а также слитые в Интернет документы (в т.ч. через «Викиликс»), дают примерное представление о степени вовлеченности политических элит США в военно-биологическою активность на Украине. Ниже – попытка хронологической реконструкции этого вовлечения, не претендующая на всеобъемлимость. Слишком много лакун в этом поистине дьявольском плане, которые только предстоит заполнить.
 
1991 – запуск в США программы Нанна-Лугара для стран бывшего СССР с целью контроля / ликвидации советского оружия массового уничтожения, в т.ч. биологического. Назначение Федерального агентства Минобороны США по уменьшению угрозы (DTRA) основным исполнителем программы.
1993 – подписание украино-американского пакта о предотвращении распространения ОМУ.
2005 – подписание доппротокола к пакту между Минздравом Украины и DTRA о предотвращении распространения технологий, патогенов и знаний, которые могут быть использованы в ходе разработки биологического оружия. Начало фактического перехода украинского военно-биологического потенциала в руки американских специалистов.

2000 – подключение крупных компаний ВПК США к военно-биологической деятельности на Украине.
2005-2014 – вместо ликвидации военно-биологической инфраструктуры подрядная DTRA компания Black & Veatch Special Projects строит и совершенствует на Украине 8 объектов-биолабораторий. Один из этих объектов – биолаборатория в Одессе – с 2011 года спонсируется для изучения «патогенов, которые могут быть использованы в ходе биотеррористических атак».

2007 – основание сотрудником Минобороны США Натаном Вольфом биомедицинской компании Global Viral Forecasting Institute (позднее - Global Viral). Уставная цель – некоммерческое исследование трансграничных инфекций, в т.ч. в Китае.
2009 – основание инвестиционной компании Rosemont Seneca Partners пасынком бывшего госсекретаря США Джона Керри Кристофером Хайнцем и сыном нынешнего Президента США Джо Байдена Хантером Байденом.
2014 – антиконституционный переворот на Украине.
2014 – вхождение Хантера Байдена в совет директоров украинской энергетической компании Burisma Holdings.
2014 – выделение из Global Viral компании Metabiota - частной коммерческой организации с целями исследования рисков пандемий. Членами правления Metabiota назначаются сотрудники компании Хантера Байдена Rosemont Seneca Partners Нил Каллахан и Джон Делош. Начало финансирования Global Viral и Metabiota со стороны Минобороны США.
2014 - Metabiota проявляет интерес к Украине и предлагает Хантеру Байдену ""отстоять культурную и экономическую независимость Украины от России"".
2014 – назначение американской гражданки Ульяны-Надежды Супрун, потомка украинских нацистов, на должность и.о.Министра здравоохранения Украины. Качественное расширение программы сотрудничества Минобороны США и Минздрава Украины.
2014 - Metabiota и Burisma Holdings начинают сотрудничество по неназванному ""научному проекту на Украине"".
2014 – начало полноценного сотрудничества Metabiota, Global Viral и Black & Veatch Special Projects в программах Минобороны США. 
2014-2016 - Реализация контрактов Metabiota и Минобороны США, включая проект на $300 тыс. на Украине.
2016 – вспышка свиного гриппа среди военнослужащих Минобороны Украины, охранявших биолабораторию в Харькове. 20 погибших. Инцидент замят.
2016 – назначение экс-помощника Министра обороны США Э.Вебера руководителем отдела глобального партнерства Metabiota.
2016 – вовлечение структуры основателя Global Viral Натана Вольфа – фонда EcoHealth Alliance – в исследования коронавирусов, передающихся летучими мышами в Исследовательском центре в лаборатории в Ухане (Китай).
2016 – продление контракта DTRA и Минздрава Украины по согласованию с Минобороны Украины.
2019 – начало глобальной пандемии мутировавшего коронавируса летучих мышей COVID-19 в Ухане.
24 февраля 2022 – начало спецоперации ВС РФ на Украине.
24-25 февраля 2022 – спешное уничтожение штаммов в биолабораториях на Украине.
8 марта 2022 – выступление замгоссекретаря США Виктории Нуланд, в ходе которого она открыто признала наличие сотрудничества между США и Украиной по патогенам",0,russia,0,0,1,1,0,0.5,0.5,3,,
801480,"⚡️Міністр цифрової трансформації Михайло Федоров звернувся до Visa та Mastercard з листом від Президента України щодо блокування сервісів у РФ

Підписатись на Факти Україна 🇺🇦",0,ukraine_ukrainian,0,0,0,0,0,0,0,3,,
345376,"Всем нашим, аккуратнее там. Сейчас у укрорейха начались не самые лучшие времена. С каждым днем ""русских диверсантов"" будет становиться в свинособачьих чатах и СМИ все больше и больше, по мере приближения неминуемого краха. Будьте аккуратны и осторожны. Просто можете выйти за хлебом и быть убитым или схваченым свинорылами.",1,russia,1,1,1,1,1,1,1,3,,
497828,"⚡️70% опрошенных уверены, что Украина сможет отразить нападение российских оккупантов. Такие данные опроса, проведенного Социологической группой ""Рейтинг"".

Самый высокий уровень уверенности в Вооруженных силах на Западе и в Центре. Относительно ниже - на юге и востоке. Детали",0,ukraine_russian,0,0,0,0,0,0,0,3,,
81839,"«С богом».

Продвижение российских войск и сил ДНР к администрации Левобережного района Мариуполя от первого лица.

Видео нашего военкора Андрея @FilatovCorr Филатова.

@milchronicles",0,russia,0,0,0,0,0,0,0,3,,
561894,"❗️Російська техніка пішла на прорив в Київській області. 

Прикордонники кажуть, що зараз йдуть бої

24 канал | FB | Insta",0,ukraine_ukrainian,0,0,0,0,0,0,0,3,,
221242,"Всегда говорил, что Донбасс кровью заслужил свое право быть в составе Российской Федерации. 
 
Скажу больше. Я считаю, что такое право нужно со временем предоставить и другим бывшим регионам Украины. Люди должны иметь возможность сами определить свою судьбу.",0,russia,0,0,0,0,0,0.5,0,2,,
692003,"❗️Фейк на просторах Интернета❗️

В соцсетях начала распространяться информация о том, что будут списываться деньги с банковских карт на потребности ВСУ, при вторжении России в нашу страну🪖💸💳

Данную информацию начал распространять фейковый Telegram-канал. На самом деле, в Центре противодействия дезинформации сообщили, что никто не собирается забирать деньги с банковских счетов украинцев❌

Советуем вам читать только проверенные Telegram-каналы, поэтому подписывайтесь 👉Днепр Оперативный

Предложить новость|Наш инстаграм",1,ukraine_russian,0,0,0,0,0,0,0,3,,
437946,"👏Википедия опубликовала 3 апреля статью под названием Резня в Бу́че (также буча́нская резня или массовое убийство в Буче), в которой рассказывается об ужасах происходившего в городе во время его оккупации российскими войсками.

Свободная энциклопедия продолжает информировать русскоязычных пользователей сети о событиях в Украине, не смотря на нападки путинской цензуры.

прислать новость👉@novosti_kieva_bot
👉ПОДПИСАТЬСЯ",0,ukraine_russian,0,0,0.5,0,0,0,0,2,,
324402,"Газета Türkiye на первой полосе опубликовала фотографию военкоров, руководителя проекта WarGonzo Семёна Пегова, корреспондента Аnna-News и автора канала Владлен Татарский, написав: «Путин отдал приказ: 25 тысяч вагнеревцев направились на Украину». Дальше в тексте говорится, что Москва отложила планы по Африке и перенаправила эти силы в Киев.",0,russia,0,0,0,0,0,0,0,3,,
773506,"""Фанерный маршал не скажет, что обгадился, поэтому заявил о якобы успешном первом этапе спецоперации"", — террорист Гиркин критикует российское военное командование и Шойгу

Он заявил, что Россия упустила ""золотой месяц"" и теперь вряд ли сможет победить ВСУ на Донецком направлении, так как украинское командование действует на порядок адекватнее

Уже и террористам очевидно, что нас не победить.",2,ukraine_russian,0,0.5,0.5,0.5,0.5,0.5,0.5,3,,
644300,"⚡️Атака на Одессу маловероятна

Так считают в американском Институте изучения войны. Нападение на Одессу не начнется, пока армия оккупантов не обеспечит сухопутный коридор из Крыма до Одесской области. Но создать такой коридор, судя по всему, уже не удастся. 

Также эксперты из США подтверждают информацию украинского Генштаба: первоначальный план вторжения провален, фронт остановился. Сейчас в Минобороны РФ разрабатывают новый план действий. 

Ссылка на нас
Дежурим 24/7! 

Одесса как она есть | Наша инста | Написать нам",0,ukraine_russian,0,0,0,0,0,0,0,3,,
819983,"В этом видео шикарно всё

Хрю-хрю-хрюшечки, кэшбек не отдают даже через ВПН

Хрррююю, товар не прислали а деньги рюцке заказчиков отправили на ВСУ

Х-х-хррюююю, поставили у себя на странице матерную картинку (я, правда, так и не поняла, где там мат в фразе ""русский военный корабль, иди нахуй"").

Ощущение, что только ленивый не послал русню по курсу корабля.

Цьом

#бешеное_заболотье",0,ukraine_russian,1,1,0,0,1,1,1,3,,
790194,⚡️Начались переговоры украинской и российской делегаций.,0,ukraine_russian,0,0,0,0,0,0,0,3,,
341883,"🇺🇦🇷🇺Российские вертолеты сопроводили продвижение российских военных на Украине 

Вертолеты армейской авиации сопроводили продвижение российских военных в ходе проведения специальной операции на Украине.

Видео: МО РФ

@anna_news",0,russia,0,0,0,0,0,0,0,3,,
574330,"‼️Путин, это «во спасение»!?

📍Украинские города после российских атак",0,ukraine_russian,0,0,0,0,0,0,0,3,,
37403,Российско-украинские переговоры продвигаются медленно — Лавров,0,russia,0,0,0,0,0,0,0,3,,
823370,"Срочная новость! Россия готовить провокацию по втягиванию Беларуси в войну

Россия готовиться совершить диверсию против Республики Беларусь с целью вовлечения ее в войну против Украины. Об этом сообщают источники среди белорусских силовиков.

Как стало известно, Кремль руками российских военных собирается организовать провокацию, диверсию либо другие подобные действия на территории или в воздушном пространстве Республики Беларусь.

Скорее всего будет использован российский летальный аппарат, который будет задействован…

https://bel-news.by/srochnaya-novost-rossiya-gotovit-provokacziyu-po-vtyagivaniyu-belarusi-v-vojnu/",0,ukraine_russian,0,0,0.5,0,0,0,0,2,,
77541,Секретное наступательное оружие России. Тоже замечено у границы с Украиной…,0,russia,0,0,0,0,0,0,0,3,,
254603,"Смотрите и запоминайте - классическая тактика укровойск: засада на русских расположена в школе - также на голову ""Калибр"" не прилетит, а если и прилетит, то вот оно, ""военное преступление"", ""онижедети"" и все такое.",0,russia,0,1,1,1,1,0,1,3,,
734974,"⚡️""Ми знаходимося в зоні бойових дій. Тут вкрай небезпечно"" Мер Владислав Атрошенко показав, що зробили окупанти із чудовим Черніговом.

BLACKLIST IF | Надіслати інфо",0,ukraine_ukrainian,0,0,0,0,0,0,0,3,,
554404,"Російські окупанти вдарили по інфраструктурі Чуднева та Миргорода.

Пізно ввечері 12 квітня, окупанти нанесли у дар по інфраструктурі у Житомирській області. На щастя, загиблих та постраждалих немає.

На Полтавщині ракетний удар нанесли по Миргороду. Інформації про постраждалих або загиблих поки немає

Підписуйся на 24 канал | Підтримай нас",0,ukraine_ukrainian,0,0,0,0,0,0,0,3,,
32069,"Новое обращение Минобороны РФ:

— Российские военные не будут бить по жилым кварталам Киева.

— Основные силы ВДВ соединились с подразделениями десанта на военном аэродроме Гостомель, заблокировав Киев с запада.

—  В операции были задействованы более 200 российских вертолетов. Успех десанта был обеспечен подавлением всей системы ПВО в районе высадки, полной изоляцией района боевых действий с воздуха и активным ведением радиоэлектронной борьбы.

— При проведении операции по захвату аэродрома Гостомель потерь среди ВС РФ нет.  Со стороны противника были уничтожены больше 200 националистов из состава специальных подразделений Украины

— Подразделения ВС РФ продолжают выполнять задачи в районе Киева и других городов.

— Группировка войск ДНР продвинулась на 11 км вглубь обороны националистических батальонов в направлении Волновахи.",0,russia,0,1,1,0,1,1,1,3,,
709761,"📍Брюссель. Началась экстренная встреча Североатлантического совета.

🔗Участники: министры иностранных дел стран-членов НАТО, генсек Альянса Йенс Столтенберг и главный дипломат ЕС Жозеп Боррель.

""Сегодня министры скоординируют нашу реакцию на грубое вторжение РФ в Украину и долгосрочные последствия этих событий"" - Столтенберг.",0,ukraine_russian,0,0,0,0,0,0,0,3,,
554813,"Супутниковий знімок Maxar Technologies показав, що колона російської техніки прямує на південь у бік Донбасу

Цей знімок зробили 8 квітня поблизу міста Великий Бурлук, що на Харківщині. 

Західна та українська розвідка вказує на те, що російські сили, тепер відведені з півночі, рухаються на південь і схід.

Підписуйся на 24 канал | Підтримай нас",0,ukraine_ukrainian,0,0,0,0,0,0,0,3,,
115993,"Минобороны РФ:

— Украинские власти удерживают в морских портах страны 77 судов из 18 государств;

—Российская сторона безвозмездно и без всяких условий передала Украине спасательное судно ""Сапфир"";

— Неонацисты заминировали на заводе в Авдеевке хранилища с токсичными химикатами, которые планируют взорвать при подходе к городу сил ДНР;

— Россия готова в кратчайшие сроки развернуть на Украине гуманитарные коридоры на любых других направлениях;

— Россия обращается с украинскими пленными в соответствии с нормами международного права, им оказывается вся необходимая медпомощь;

— Из Мариуполя через гумкоридор в восточном направлении удалось вывести уже 133 214 человек, в том числе за сутки — 758;

— За прошедшие сутки из ДНР, ЛНР и опасных районов Украины эвакуированы в Россию 19 612 человек, из них 3356 — дети;

— Запланированный на сегодня обмен военнопленными не состоялся по вине украинской стороны. Украинские националисты продолжают удерживать в заложниках в качестве живого щита 6362 иностранных гражданина из 13 государств;

— ВСУ оборудовали огневые позиции в школах и детсадах Краматорска, жителей под угрозой расстрела принуждали строить фортификационные сооружения. 

— Оставшееся население Харькова запугано нацформированиями, которые открывают огонь по гражданам, покинувшим свои убежища в поисках продуктов;

— Международный комитет Красного Креста безразличен ко всем обращениям со стороны РФ по вопросам обмена военнопленных. Страны Запада, ООН, ОБСЕ и МККК до сих пор никак не отреагировали на чудовищные пытки и жестокие расправы над российскими военнопленными.",0,russia,0,0,1,1,0,0.5,0.5,3,,
526619,У РФ порушили кримінальну справу проти журналіста Олександра Невзорова за статтею про нібито поширення фейків про дії ЗС РФ в Україні.,0,ukraine_ukrainian,0,0,0,0,0,0,0,3,,
742701,"Голова Верховної Ради України Руслан Стефанчук про ухвалену заяву ВРУ ""Про вчинення Російською Федерацією геноциду в Україні""",0,ukraine_ukrainian,0,0,0,0.5,0,0,0,2,,
655045,"В Украину прибывают первые британские добровольцы. Они приехали в Украину, чтобы воевать против России.",0,ukraine_russian,0,0,0,0,0,0,0,3,,
265041,"Лавров обвинил Запад в эскалации конфликта

Министр иностранных дел России Сергей Лавров заявил, что нынешняя ситуация в Украине - результат ""попустительства западных стран преступному режиму"" в Киеве.

Также, по его словам, Европа вместо диалога избрала путь ""нелегитимных санкций"".

Лавров заявил, что Запад не показывает готовность предоставить России гарантии безопасности и отказаться от расширения НАТО.

""Западным странам необходимо отказаться от создания военных объектов на территории государств, ранее входивших в СССР и не являющихся членами альянса, включая использование их инфраструктуры для ведения любой военной деятельности"", - сказал Лавров на конференции по разоружению.

Лавров также обрушился с критикой на альянс AUKUS. По его словам, организация негативно влияет на нераспространение ядерного вооружения и провоцирует гонку вооружений. Он отметил, что необходимо вернуть военные потенциалы, в том числе ударные, и инфраструктуру НАТО к состоянию на 1997 год, когда был заключен основополагающий акт Россия-НАТО.

@bbcrussian",0,russia,0,0,0.5,0,0,0.5,0,2,,
605155,"Друзі! Дорогі кияни!
 
Хочу подякувати киянам за витримку. За дотримання правил безпеки. Навіть в період до комендантської години – люди перебувають вдома або в укриттях. Це сьогодні важливо! Бо ситуація складна.
 
У місті, в деяких районах у двори потрапили кілька снарядів. Жертв і поранених, слава Богу, немає. - Загорілися кілька автівок. Пошкоджений приватний будинок. Постраждало приміщення одного з відділків поліції Подільськго району.
 
Поруч з Києвом тривали бої. – Буча, Ірпінь, Гостомель. Ворог намагається прорватися до столиці. Але українські захисники тримають оборону і зупиняють окупантів на підступах до столиці.

Ввечері в місті пролунали кілька вибухів. Один з них — за попередньою інформацією в районі залізничного вокзалу. Зараз ми з’ясовуємо деталі.

|👉🏻 ПОДПИСАТЬСЯ | Предложить Новость",1,ukraine_ukrainian,0,0,1,0,1,0,0.5,3,,
328014,"Премьер Венгрии Виктор Орбан: НАТО неуклонно расширяется на восток, и это нравится России все меньше и меньше. Русские выдвинули два требования: Украина должна объявить о своем нейтралитете и НАТО должна не принимать Украину. Этих гарантий безопасности русские не получили, поэтому будут получать их на войне. В этом геополитическое значение этой войны. Что касается послевоенных двусторонних отношений, то одно можно сказать наверняка: Россия продолжит существовать и после войны. У Венгрии и Европейского союза будут свои интересы даже после войны. Нет никаких причин прерывать наше энергетическое сотрудничество с русскими. Лидеры ЕС также заявили, что санкции не повлияют на поставки энергоносителей из России, поскольку это разрушит европейскую экономику. Если мы отменим энергетическое сотрудничество с русскими, накладные расходы всех венгерских семей утроятся за один месяц.",0,russia,0,0,0,0,0,0,0,3,,
559875,"😡7 поліцейських на Луганщині зрадили Україну і перейшли на бік ворога.

Прокуратура вже почала проти них досудове розслідування. 

Підписатися на 24 канал",0,ukraine_ukrainian,0,0,1,0,1,0,0.5,3,,
538760,"Михаил Подоляк прокомментировал итоги сегодняшних переговоров. 

В целом он оценил встречу позитивно. 

«Есть шанс на скорое завершение войны. Украина предложила отличный договор по гарантиям безопасности, в основе которого лежит усиленная статья 5-я НАТО. С конкретными механизмами ее реализации сильнейшими армиями», - отметил советник главы Офиса Президента Украины. 

Он отметил, что вопрос Крыма будет обсуждаться отдельно. 

«Отдельная опция. По проблематике Крыма двухсторонние переговоры. Без любых попыток применения военной силы. На 15 лет же фиксируем нынешнее положение», - объяснил Подоляк.

На вопрос когда может состояться встреча Зеленского и Путина, он ответил: «Это вопрос консультаций. Но наработанный пакет документов позволяет прогнозировать эту встречу. Пока конкретного срока нет».

Труха⚡️Днепр
Прислать новость 📸",0,ukraine_russian,0,0,0,0,0,0,0,3,,
407575,"Мэр Мариуполя Вадим Бойченко заявил в интервью УНИАН, что из города уже эвакуировались около 50% жителей. При этом еще 20-30 тысяч, по его словам, были насильно вывезены на неподконтрольные Украине территории или в РФ.

Из остальных, по информации Бойченко, около 140 тысяч человек выехали на поездах и по автомобильным дорогам в самом начале боевых действий. Со временем выехали еще около 100 тысяч человек, а 60 тысяч — по гуманитарным коридорам.

Бойченко напомнил, что до войны население Мариуполя составляло около 540 тысяч человек.",0,ukraine_russian,0,0,0,0,0,0,0,3,,
523872,"Україна скликає зустріч з Росією та іншими державами Віденського документу протягом 48 годин для обговорення переміщення російських військ біля кордонів, повідомив голова МЗС Дмитро Кулеба.

11 лютого Кулеба заявив, що Україна вимагає від Росії пояснень військової активності на кордонах в рамках угоди держав-учасниць ОБСЄ та дає на це 48 годин. РФ не надала відповіді.",0,ukraine_ukrainian,0,0,0,0,0,0,0,3,,
464896,"⚡️Керівництво росії наказало нищити будь-які докази злочинів своєї армії в Україні

▪️Після широкого міжнародного розголосу геноциду українського народу в м.Буча Київської області, російські війська почали використовувати в Україні мобільні крематорії.

▪️Зокрема у Маріуполі зафіксовано перебування 13 мобільних крематоріїв для здійснення зачистки вулиць від тіл загиблих цивільних мешканців. Всіх потенційних свідків звірств окупанти намагаються ідентифікувати через фільтраційні табори та знищити.

▪️Воєнною розвідкою України неодноразово фіксувалися факти використання мобільних крематоріїв на території Чернігівської області. Роботу мобільного крематорію противника зафіксовано у м. Новоайдар Луганської області.

▪️Також, ЗС росії використовують мобільні крематорії для знищення тіл російських військовослужбовців, з метою приховування реальної кількості своїх солдатів, які загинули в ході російської агресії проти України та відмови у виплатах сім’ям загиблих росіян.

▪️Дії російської армії підпадають під визначення “геноцид” відповідно до Конвенції про запобігання злочину геноциду та покарання за нього та статті 6 Римського статуту міжнародного кримінального суду. Російське керівництво й надалі намагатиметься приховувати факти військових злочинів в Україні.

Джерело: Головне управління розвідки МО України",0,ukraine_ukrainian,0.5,0,1,1,1,0,0.5,3,,
69685,"🇷🇺 Певцов на концерте в Лужниках: Я знаю, что придет день и на главной площади нашей страны пройдет новый парад, где плечом к плечу мы будем вместе: русские, украинцы, белорусы — весь наш многонациональный российский народ!

@stormdaily",2,russia,0,0,0,0,0,0.5,0,3,,
61112,"🇩🇪🇺🇦Украинские беженцы в Германии избили до смерти мальчика за то, что он говорил по-русски. 
Об этом рассказывают местные жители. 
Украине очень нужна денацификация…",0,russia,0,0,1,1,0,0,0.5,3,,
495462,"🐷🐶 взяли в кольцо Конотоп, техника РФ идет на Киев - сообщил Глава Сумской ОГА Дмитрий Живицкий

«На сегодняшний день в кольцо взят город Конотоп, город Ахтырка героически дважды отразила враждебное наступление.

К сожалению, населенные пункты Сумской области осаждены.

Техника из города Сум вышла в направлении города Киева, очень много техники, которая прошла транзитом, направляется на западное направление»",0,ukraine_russian,0,0,1,0,0,0,0.5,3,,
695254,⚡️⚡️Под Изюмом ССО сожгли колону русских мразей.,0,ukraine_russian,0.5,1,1,0,1,0,1,3,,
60390,"🛰🇷🇺В Киевской области активно работают подразделения ПВО и связисты Армии России

Во ходе проведения марша расчет радиолокационной станции мобильного зенитного ракетного комплекса ВДВ «Стрела» обнаружил 2 беспилотных летательных аппарата — разведывательный и ударный. Обе цели были ликвидированы.

Кроме того,  Минобороны продемонстрировало развертывание мобильного комплекса связи  Р-448 ""Аурига"", обеспечивающего круглосуточный  обмен информацией между пунктами управления и подразделениями, выполняющими боевые задачи.

t.me/RVvoenkor",0,russia,0,0,0,0,0,0,0,3,,
97170,"❗️За время войны погибли более 3,5 тысячи российских военных и около 200 попали в плен — советник главы офиса президента Украины Михаил Подоляк 

ДАННОЕ СООБЩЕНИЕ (МАТЕРИАЛ) СОЗДАНО И (ИЛИ) РАСПРОСТРАНЕНО ИНОСТРАННЫМ СРЕДСТВОМ МАССОВОЙ ИНФОРМАЦИИ, ВЫПОЛНЯЮЩИМ ФУНКЦИИ ИНОСТРАННОГО АГЕНТА, И (ИЛИ) РОССИЙСКИМ ЮРИДИЧЕСКИМ ЛИЦОМ, ВЫПОЛНЯЮЩИМ ФУНКЦИИ ИНОСТРАННОГО АГЕНТА

Минобороны РФ за все эти дни ни разу не сообщало о потерях",0,russia,0,0,0,0,0,0,0,3,,
705559,"💪 Що там горить? То палають ворожі гвинтокрили на херсонському аеродромі в Чорнобаївці після відмінної роботи ЗСУ. 

Знімок зроблений з супутника, підтверджує це.

Військовий удар по аеропорту зафіксувала система NASA Fire Information for Resource Management System (FIRMS), яка відстежує великі пожежі по всьому світу, що підтверджує час і місце вдалої військової операції українських ВПС. Згідно з даними, зібраними FIRMS, удар по аеродрому стався 15 березня в районі обіду, а красиве підтвердження з'явилося сьогодні на світанку.

Підписатись|  Fb | Twitter | TikTok",0,ukraine_ukrainian,0,1,1,0,0,0,0.5,3,,
134139,"«Пока мы находимся в режиме ожидания и одновременно недоумения от слов президента Зеленского. Тянуть время совершенно не в интересах Киева».

⚡Переговоры с Украиной должны состояться хотя бы в конце дня, заявил глава международного комитета Госдумы Леонид Слуцкий, вошедший в состав российской делегации:

«Сейчас мяч на поле Зеленского, который должен направить, как, собственно, украинская сторона и согласовала накануне, свою делегацию для переговоров в Белоруссии. Мы, со своей стороны, абсолютно готовы и уверены, что можем обсудить ту позицию, которая действительно приведёт стороны к единой позиции. Тянуть не то что дни, а часы совершенно преступно, непозволительно.

Сегодняшний демарш президента Зеленского нам совершенно непонятен. И мы рассчитываем, исходя из здравого смысла, что украинская делегация должна быть сегодня направлена сюда и переговоры должны сегодня хотя бы в конце дня состояться».

@rt_russian",0,russia,0,0,0.5,0,0,0,0,3,,
438664,"⚡️ У Київській обл. в одному з звільнених від окупантів населених пунктів, газовики відновили  подачу газу майже для 5 тисяч споживачів. 

Отправляйте инфу по обстановке в городе @novosti_kieva_bot ссылка на наш канал 👉 https://t.me/kievreal1",0,ukraine_ukrainian,0,0,0,0,0,0,0,3,,
823402,"#Киев #блокада 

Армия РФ делает новую попытку «взять в кольцо» Киев. На это направление перебрасываются все оставшиеся боеспособные части, вся более-менее исправная техника. Как видим, для натиска на Киев россияне настолько «оголили» свои фланги, что на других участках фронта остались только деморализованые и разгромленные в боях части.

Поэтому так и получается дисонанс – в Киевской области противник наступает, а вот в соседних Черниговской и Сумской областях бросает технику и пачками сдается в плен.

Армия РФ пытается вбросить «дезу» о том, что она способна устроить блокаду Киева. Но у них это не выйдет.

Как объясняют наши источники на «Острове», на самом деле ударная группировка РФ «на киевском направлении» ослабла критически, эффективно наступать не сможет. Сможет разве что подставиться под наши ПТРК. 

А россиян в полях под Киевом ждет повторение Битвы за озеро Балатон в 1945 году, происходившей в Венгрии. 

Тогда армия Третьего Рейха тоже пыталась взять в кольцо Будапешт, взятый уже на тот момент Красной Армией. Нацисты бросали в бой самые «свежие» и новейшую технику, но потерпели полный разгром. Настолько, что немцы сами горько говорили – «мы теперь 6-ая танковая армия СС, потому что у нас осталось всего 6 танков». Россиян ждет ровно то же самое. 

А наши люди заодно озолотятся на металлоломе, который когда-то назывался «армия РФ».",2,ukraine_russian,1,0,1,0.5,1,1,1,3,,
552224,"❗️Российская техника пошла на прорыв в Житомирской области.

Украина изнутри | Новости",0,ukraine_russian,0,0,0,0,0,0,0,3,,
580057,"#Слухи 
Наш источник сообщает, что постепенно санкционный кейс против РФ будет ослабевать. Это все знают, особенно, это хорошо понимают в Офисе Президента.
К примеру многие западные производители не смогут производить свою продукцию без российских ресурсов, поэтому санкции постепенно станут «декоративными» и будут носить чисто информационный вес.

Вот украинская экономика будет нести убытки из-за усиливающейся войны и кризиса.",0,ukraine_russian,0,0,0,0,0,0,0,3,,
585862,"Войска РФ попытаются обойти Николаев, чтобы напасть на Одессу – Минобороны Британии

По данным разведки, военные пытаются оцепить украинскую армию на востоке со стороны Харькова и Мариуполя.

Инсайдер UA  | Подписаться",0,ukraine_russian,0,0,0,0,0,0,0,3,,
402732,"«Путин уверяет, что его новое ядерное оружие неостановимо: российский поджигатель войны хвастается, что его ядерная ракета «Сатана II» может пробить все современные средства защиты и будет готова нанести удар по Британии осенью», – британская The Daily Mail.

Речь идет о ракете «Сармат», или «Сатана II» – межконтинентальной баллистической ракетой с самой большой дальностью в мире, способной поразить цель на расстоянии 11 200 миль, то есть - любую цель в США и Европе. Ее испытания прошли на этой неделе. 

Западные военные эксперты заявили, что «Сармат» способен нести 10 или более ядерных боеголовок и ложных целей – достаточно, чтобы стереть с лица земли территории размером с Великобританию одним ударом. 

Однако аналитики обращают внимание, что Москва сообщила о своем первом испытательном пуске только в среду, и потребуются дополнительные испытания, прежде чем ракету можно будет развернуть.

ТРУХА⚡️Украина | Прислать новость",0,ukraine_russian,0,0,0,0,0,0,0,3,,
554161,"🤬 Русняві потвори ракетами обстріляли Таврійськ на Херсонщині

Двоє людей загинули. ЗСУ вдалося збити ракету, але ще троє місцевих постраждали, бо хотіли на все подивитися 😐

""Їх оперативно доставили в лікарню Каховки: одна людина у важкому стані, двоє – середньої важкості"" – повідомив журналіст Олег Батурін 

Підписуйся на 24 канал | Підтримай нас",0,ukraine_ukrainian,1,1,1,1,1,0,1,3,,
794856,"😡Австрія виступає проти запровадження ембарго на постачання нафти та газу з Росії, повідомив канцлер республіки Карл Нехаммер

Що стосується оплати за російський газ у рублях з 1 квітня, то Австрія чекатиме подробиць від ""Газпрому"" щодо оплати, заявив канцлер Австрії 

Підписатись на Факти Україна 🇺🇦",0,ukraine_ukrainian,0,0,0,0,0,0,0,3,,
231966,"❗️Путин в разговоре с Си Цзиньпином заявил, что Россия готова вести переговоры с Украиной на высоком уровне, сообщает китайское центральное телевидение",0,russia,0,0,0,0,0,0,0,3,,
689051,"🔥🤬Оккупанты нанесли удар по аэродрому в Хмельницкой области

Об этом сообщил мэр города Николай Мельничук. Он написал, что, к счастью, обошлось без жертв, но враг уничтожил запасы горюче-смазочных материалов.

Прислать новость",0,ukraine_russian,0,0,1,0,1,0,0.5,3,,
781391,"В Маріуполі український прикордонник підірвав себе, аби не здати позицію ворогові, — Арестович

Останніми словами в радіостанції були ""Слава Україні!"". Низький уклін, шана і честь нашим прикордонникам"", — сказав радник Офісу Президента Олексій Арестович.

Герої не вмирають! 
Шана нашим військовим!",2,ukraine_ukrainian,0,0,1,0,1,0,0.5,3,,
596180,"Ключевые цитаты сегодняшней речи Зеленского о бездействии НАТО:

— ""Все люди, которые погибнут, с этого дня будут гибнуть и из-за вас. Из-за вашей слабости, из-за вашей разобщенности"".

— ""Зная, что новые удары и жертвы неизбежны, НАТО сознательно приняло решение не закрывать небо над Украиной"".

— ""Все, что смог сделать альянс сегодня — это провести через систему своих закупок 50 тонн дизтоплива для Украины. Наверное, для того, чтобы мы могли спалить Будапештский меморандум, чтобы лучше горело. Но он для нас уже сгорел в огне российский войск"".

— ""Сегодня руководство Альянса дало зеленый свет для бомбардирования украинских городов городов и сел, отказавшись сделать бесполетную зону и закрыть небо"". 

— ""Мы считаем, что страны НАТО сами создали нарратив, что якобы закрытие неба над Украиной спровоцирует прямую агрессию России против НАТО. Это самогипноз! Все люди, которые погибли, с этого дня будут гибнуть и из-за вас"".

Подписаться  |  Предложить новость",2,ukraine_russian,0,0,0,0,0,0,0,3,,
508489,"В Укрзалізниці виявили чотирьох агентів, які зливали інформацію росіянам

В Укрзалізниці виявили чотирьох агентів, які співпрацювали із російськими військами та системно передавали їм інформацію.

""Внутрішня служба безпеки залізниці системно працює над виявленням підозрілих працівників і передає інформацію правоохоронним органам. А вони вже, у свою чергу, роблять свою роботу. На сьогодні в нас є чотири такі підтверджені колаборанти. Ними займаються правоохоронні органи"", - повідомив голова правління компанії Олександр Камишін у Телеграмі.

https://t.me/operativnoZSU
@operativnoZSU",0,ukraine_ukrainian,0,0,0,0,0,0,0,3,,
652135,"❗️Госсекретарь США Энтони Блинкен заявил, что он не видит признаков успешного продвижения на переговорах между Украиной и Россией.


Блинкен считает, что заявление России о сокращении боевых действий вокруг Киева может быть ""средством, посредством которого Россия снова пытается отвлечь внимание и обмануть людей, чтобы достичь своих целей"".",0,ukraine_russian,0,0,0,0.5,0,0,0,3,,
582741,"Дед из Бородянки рассказал, что кормил кадыровцев отравленной крысиным ядом брынзой

Наш народ не победить😀

Инсайдер UA  | Подписаться",1,ukraine_russian,0,1,0,0,0,0,0.5,3,,
572400,"Путин поручил выдавать гражданам (то есть холопам) новые кредиты. Наверное, это как-то поможет справиться с необходимостью жить в россии.

Это значит, что на самом деле ничего не получится. Долларов нет, евро нет. Рубль рушится вместе со всей экономикой, и даже уровень инфляции не получится сдержать.

Новые кредиты – это как крепостное право. Путин довел страну до ручки и теперь загоняет население в такие долги, которые оно не сможет отдать. Что будет дальше, известно. На Донбасс часто слали тех, кто не мог отдать кредиты. Конечно же, по приезду они расплачивались жизнью. Такая система: страна в жопе и деваться некуда, только Кремль постоянно говорит о великих достижениях.

У нас достаточно сильная армия, чтобы заставить прилечь новую партию оккупантов. Но сами россияне пусть задумаются. Хотят они умирать или нет? Это уже не о любви к Путину, это о каждом будущем оккупанте и для него же.

Путин загоняет вас в долги, чтобы лишить даже тени выбора и погнать на убой. Хотите так – идите, убьем в лучшем виде. Но перед тем хотя бы попытайтесь задуматься, стоит ли оно того. Мы уже не в 2014 году. Вы уже не в 2014 году. Теперь Украина решает проблему с помощью нового оружия и мощной армии. Россия жрет просроченные сухпайки и умирает.

Лучше вам, рашисты, с нами не встречаться. Кредиты того точно не стоят, в нормальном обществе их не оплачивают жизнью.

ДРУЗЬЯ, НА РОССИИ ОСТАЛСЯ ТОЛЬКО ВАЙБЕР. НАМ НУЖНА ВАША ПОМОЩЬ ТАМ, ЧТОБЫ ДОНОСИТЬ РУССКИМ ПРАВДУ. ОБЯЗАТЕЛЬНО ПОДПИСЫВАЙТЕСЬ. 

ССЫЛКА:",2,ukraine_russian,1,1,1,1,1,1,1,3,,
702432,"❗️У 14:00 володимир путін звернеться до росіян.

  Головними темами, найімовірніше, стануть оккупування Криму та війна з Україною.

 Новини України 
Просимо максимального поширення",0,ukraine_ukrainian,0,0,0,0,0,0,0,3,,
454434,"‼️Увага
 
❗Проти українців почалася фішингова атака! На електронні адреси громадян надходять листи з прикріпленими файлами невизначеного характеру.

Не виключено розсилки подібних повідомлень в месенджери. 

Ворожі сили мають на меті отримати доступ до електронних пристроїв українців для збору великого масиву інформації! 
 
🛑В ЖОДНОМУ РАЗІ НЕ ВІДКРИВАЙТЕ ВМІСТ ТАКИХ ЛИСТІВ ТА ПОВІДОМЛЕНЬ!!! 
Пам'ятайте про кібергігієну!",0,ukraine_ukrainian,0,0,1,0,1,0,0.5,3,,
193459,"❗️Салливан: Российское вторжение на Украину, если оно произойдет, скорее всего, начнется с воздушных бомбардировок и ракетных ударов, которые могут убить мирных жителей, независимо от их национальности. (Видео)",0,russia,0,0,0,0,0,0,0,3,,
437405,"Жены российских захватчиков призывают своих мужчин насиловать украинских женщин

У этих зверей нет названия...

прислать новость 👉@realukraine_bot
👉🏻 ПОДПИСАТЬСЯ",0,ukraine_russian,1,1,1,1,0,1,1,3,,
622051,"⚡️Все западные наемники, которые прибудут на Украину, не будут иметь прав на статус военнопленного — Минобороны РФ",0,ukraine_russian,0,0,0,0,0,0,0,3,,
644073,"❗️Причиной взрывов под Белгородом, предварительно, стал человеческий фактор, — сообщают рос СМИ с отсылкой к экстренным службам

P.s. - Бутусов уже 3 раза отредактировал пост

Ссылка на нас - https://t.me/+XQJhAcf4zqUyZDMy 
Дежурим 24/7! 

Одесса как она есть | Наша инста | Написать нам",0,ukraine_russian,0,0,0,0,0,0,0,3,,
826887,"Продовжуємо боротись за заборону москоського аудіовізуального продукту в Україні.

Як виявилось це не так просто навіть зараз, після страшних злочинів окупантів проти нашої країни, які відбуваються простт в ці хвилини.

Частина депутатів виступає проти заборони контенту так званих «харошіх рускіх» Медіаіндустрія частково також. Квоти на українську музику збільшувати НЕ ХОЧУТЬ, особливо медійники - це ті хто 30 років просували тут русскій мір через ефіри радіостанцій та телеканалів. Результат ми всі бачимо. 

Наразі Комітет гуманітарної та інформаційної політики збирається напрацювати узгоджений законопроект. Свої правки сьогодні були подані разом з Фондом Розвитку Української Музики. 

Ми ж наполягаємо на ПОВНІЙ забороні всього московського медіапродукту на території України. 

А це: музика, концерти, фільми та серіали. При чому в усіх місцях публічного простору: телебачення, радіо, ЗМІ, ресторани, клуби, готелі тощо.

Підкреслюю - московського в Україні бути не має в ЖОДНОМУ вигляді. «Харошіє рускіє» так само несуть русскій мір, а згодом і танки в нашу країну.

Окремо, вважаю що Верховна Рада України повинна повністю деколонізувати наш простір, а особливо телебачення, радіо, ЗМІ.

1. Телебачення повинне бути УКРАЇНСЬКИМ практично на 100%. 
2. Радіо повинне бути україномовним на 100%.
3. Закон про мову повинен ВИКОНУВАТИСЬ і чим швидше - тим краще.
4. Квоти на українську музику повинні бути збільшені.

Це те що я висловлюю сьогодні та те що ми будемо обов‘язково вимагати. 

Надалі буде робота над спільним законопроектом. Тут буде чітко зрозуміло - хто ЗА Україну, а хто хоче назад в «русскій мір».",2,ukraine_ukrainian,0,0.5,1,0,1,0,0.5,3,,
604785,"Наши военные держат небо над Украиной! Уничтожен очередной вражеский СУ-25 вместе с пилотом.


Всего за время открытой войны сбили 34 самолета и 37 вертолетов противника, сообщил главнокомандующий ВСУ

|👉🏻 ПОДПИСАТЬСЯ | Прислать контент - @Kiev_obstanovka_bot",1,ukraine_russian,0,1,1,0,1,1,0.5,3,,
272114,"❗️Канцлер Германии Олаф Шольц после переговоров с Владимиром Путиным заявил, что есть «достаточно отправных точек» для позитивного развития ситуации вокруг Украины.",0,russia,0,0,0,0,0,0,0,3,,
678753,"Снова орки ""денацифицируют"" гаражи и заборы обычных жителей Николаевской области

прислать новость 
👉 @niko9_bot
👉ПОДПИСАТЬСЯ",0,ukraine_russian,1,1,1,1,0,1,1,3,,
405269,"Мир должен запомнить новый знак валюты агрессора. Потому что любое экономическое взаимодействие с ним может вернуться ракетой.

ТРУХА⚡️Украина | Прислать новость",0,ukraine_russian,0,0,0,0,1,0,0.5,3,,
572021,"❗️Премьер-министр Великобритании Борис Джонсон: Украина испугала путина демократией

❗️""Конечно же, путин не верил, что Украина в обозримом будущем станет членом НАТО. Он прекрасно знал, что никакие боеголовки на украинской земле размещать не будут. Да и в ту мифическую чушь, которую он написал про ""историю русского народа"", он тоже не верит.

❗️Я не думаю, что дело в этом. Я думаю, что он боится Украину по совершенно другой причине. Он боится потому что в Украине есть свободная пресса. В Украине есть свободные выборы. И с каждым годом, когда Украина становилась все ближе, хоть и не без ошибок, к свободе, демократии и открытым рынкам, он боялся украинского примера все сильнее.

❗️И он боялся, что это неизбежно случится с ним, потому что в путинской россии тебя сажают на 15 лет в тюрьму за то, что ты называешь вторжение вторжением. А если ты хочешь побороться с путиным на выборах, тебя или отравят или застрелят», — сказал британский премьер.

СМЕРТЬ РОССИЙСКИМ ОККУПАНТАМ!

Все новости: Думская",0,ukraine_russian,0,1,0,0,0,0.5,0.5,3,,
511374,"Міністр оборони Чехії Яна Чернохова відмовилась їхати в Будапешт.

""Я особисто не поїду в Угорщину на зустріч міністрів оборони V4. Наступного тижня у них вибори, і мені не годиться брати участь у кампанії там. 
Я завжди підтримувала V4 і мені дуже шкода, що для угорських політиків дешева російська нафта важливіша за українську кров. 
# SlavaUkraini"".

Угорщину ні Перша, ні Друга світова війни нічому не навчили. Мадярів так і тягне до кровожерливих злочинців-диктаторів та хворих амбіцій. Знову не на того коня ставку робите. 🤷‍♀️😡

#StandWithUkraine 

https://t.me/operativnoZSU
@operativnoZSU",2,ukraine_ukrainian,0,0,1,1,0,0,0.5,3,,
614470,"«Нахрена оно Вам надо пацаны?» Да мы и сами не знаем. Закурить дадите?

Украинский водитель встретил вражескую «машину» на дороге",0,ukraine_russian,0,0,1,0,0,0,0.5,3,,
630929,"❗️ Сухопутные войска ВСУ заявили, что нападение российских войск на воинскую часть в Киеве на проспекте Победы отбито

Держимся ребята 💪💪💪💪💪",2,ukraine_russian,0,0,0,0,0,0,0,3,,
243384,"Мексика ожидает приток инвестиций из-за ситуации в Украине

Президент страны Андрес Мануэль Лопес Обрадор считает, что капитал, предназначавшийся для России и других стран с развивающейся экономикой, переместится в Мексику. Как сообщает Reuters, в своих выводах глава страны сослался на некий «финансовый отчет». Он также предсказал ускорение экономического роста и занятости.

В последнем квартале 2021 года экономика Мексики находилась в стагнации, а при Лопесе Обрадоре инвестиции были вялыми, поскольку он поставил под сомнение контракты, заключенные предыдущими правительствами, утверждая, что они были испорчены взяточничеством.

«С этим новым экономическим кризисом, возникшим в результате [Роскомнадзор], Мексика становится если не первой, то второй или третьей страной с наибольшим количеством инвестиционных возможностей в мире», — заявил Лопес Обрадор.

Экономика Мексики выросла примерно на 5,0% в 2021 году после сокращения на 8,5% в 2020 году, что стало самым резким спадом со времен Великой депрессии 1930-х годов. Министерство экономики страны прогнозирует рост примерно на 2,5% в 2022 году.

#экономика #мексика #россия #украина",0,russia,0,0,0,0,0,0,0,3,,
668667,"Группа известных российских журналистов созвонились сегодня с президентом Украины Владимиром Зеленским. Беседа продолжалась почти два часа, ее изложение вскоре будет опубликовано. 

С Зеленским общались: главный редактор «Медузы» Иван Колпаков, главный редактор телеканала «Дождь» Тихон Дзядко, писатель и журналист Михаил Зыгарь (бывший главред «Дождя») корреспондент «Коммерсанта» Владимир Соловьев.

Это первое интервью Зеленского российским журналистам после начала войны. 

Медуза и Дождь в России признаны так называемыми  «иноагентами». Это оппозиционные ресурсы и доступ к ним в РФ заблокирован после начала войны в Украине.

В тоже время Коммерсантъ - это издание, принадлежащее крупному российскому предпринимателю Алишеру Усманову. Его не относят к оппозиционным и доступ к Коммерсанту в России не ограничен. Владимир Соловьев - известный журналист издания, который пишет на международные темы.",0,ukraine_russian,0,0,0,0,0,0,0,3,,
774352,"Владимир Путин понимает, что его ""спецоперация"", а по факту война в Украине, провалена, – Христо Грозев, Bellingcat.

Ждём его выступления в 14:00",0,ukraine_russian,0,0,0,0,0,0,0,3,,
636436,"⚔️ Вчера: в Азовское море вошёл российский малый ракетный корабль ""Циклон"".

Сегодня: ""Враг продолжает цинично разрушать украинский город, используя весь доступный ему арсенал. После авиации, артиллерии, различных систем и танков российские оккупанты уничтожают город тяжелым вооружением боевых кораблей"" (Полк ""Азов"")",0,ukraine_russian,0,0,1,1,1,0,0.5,3,,
289485,"В 12:00 по московскому времени должны начаться российско-украинские переговоры. Российская делегация готова приступить к переговорам с украинской делегацией сразу же, как ее представители прибудут на место встречи, рассказал помощник президента РФ Владимир Мединский. Он также сообщил, что переговорные помещения готовы, позиция российской делегации для переговоров с украинской стороной сформирована. 

Фото: Александр Кряжев/POOL/ТАСС",0,russia,0,0,0,0,0,0,0,3,,
71117,⚡️Новый брифинг Минобороны РФ о ходе военной спецоперации на Украине,0,russia,0,0,0,0,0,0,0,3,,
764168,"⚡️⚡️⚡️ Российско-украинские переговоры в Стамбуле завершились. Ждём совместное заявление.

@OpenUkraine",0,ukraine_russian,0,0,0,0,0,0,0,3,,
131872,"Подразделения ВС России взяли под контроль населённые пункты Новоукраинское, Старомайорское, Старомлиновка, Майорово и Ремовка, сообщили в российском Минобороны.

@rt_russian",0,russia,0,0,0,0,0,0,0,3,,
801501,"Тим часом у Москві величезні черги до банкоматів.

Підписатись на Факти Україна 🇺🇦",0,ukraine_ukrainian,0,0,0,0,0,0,0,3,,
258602,"Брифинг Пескова. Главное:

▪️США де-факто ведут экономическую войну против России;
▪️Будем надеяться, что все-таки не миллионы людей останутся без работы, а меньше. Действительно, компании уходят, правительство этим занимается. Это приоритетный вопрос — безработица и антикризисные меры на рынке труда
▪️В России принимаются системные, серьезные и хорошо продуманные меры для стабилизации ситуации в экономике;
▪️Кабмин РФ ""в считанные часы"" подготовит перечень сырья и продукции, ввоз и вывоз которых может быть ограничен на фоне санкций;
▪️В Кремле нет сформированной позиции по поводу предложений парламентариев о национализации зарубежных предприятий, покинувших рынок РФ. Все варианты ответа на санкции и развития событий прорабатываются в правительственном штабе;
▪️Россия была и будет надежным гарантом энергобезопасности мирового уровня, и она дорожит этим реноме;
▪️Враждебная вакханалия Запада делает очень сложной поставку энергоресурсов Россией и заставляет ее серьезно обдумывать ситуацию;
▪️Возможность использования Киевом военных аэродромов в других странах — нежелательный и потенциально опасный сценарий;
▪️ДНР и ЛНР — это суверенные независимые государства. И Киеву нужно это признавать;
▪️Безопасности и стабильности Крыма и Севастополя ничто не угрожает;
▪️Россия заинтересована в скорейшем проведении новых раундов переговоров с Украиной;
▪️Кремлю неизвестно о якобы поданном Набиуллиной заявлении об отставке",0,russia,0,0,0,0,0,0,0,3,,
742603,"Зеленський закликав Байдена визнати росію державою-спонсором тероризму, – ЗМІ

Під час останньої телефонної розмови президентів України і США, Зеленський офіційно висловив прохання, аби влада США законодавчо визнала росію державою-спонсором тероризму, що автоматично посилить санаційний та економічний тиск на Кремль.

Про це пише Washington Post, посилаючись на високопосадовця, який був присутній під час телефонної розмови Зеленського і Байдена.

Байден натомість не гарантував і не обіцяв вдатися до такого кроку, але запевнив, що він розглядає різні шляхи посилення тиску на рф.",0,ukraine_ukrainian,0,0,0,0,0,0,0,3,,
254990,"Вкратце о том, почему Украина заслужила то, что заслужила: 

1) За регулярные безнаказанные оскорбления и избиения бандеро-подонками ветеранов Великой Отечественной войны и людей, возлагавших цветы к монументам погибших на Западной Украине 9 Мая; 
2) За осквернения памятников героям Великой Отечественной и за то, что ни одного вандала публично за это не судили;
3) За завуалированную помощь дудаевским исламистам в 1994-1996 годах, отрезавшим головы живым людям; 
4) За глумление политиков-националистов в телеэфире над гибелью детей в бесланской школе и за то, что им за это ничего не было;
5) За скрытную военную помощь шовинистическому режиму Саакашвили в Грузии в 2008 г.для нападения на российских миротворцев и народ Южной Осетии; 
6) За сожжение собственных граждан десятками в Одессе в прямом эфире и за то, что тем, кто это совершил, тоже ничего не было;
7) За бессудные расправы над оппонентами ""евромайдана"" только за то, что они осмелились иметь другое мнение;
8) За бессудные расправы евро-ублюдков над правоохранителями (в специальных инструкциях рекомендовалось толкать их в спину под колёса поезда в метро, резать и стрелять по возвращении с работы, даже тех, кто в разгоне ""евромайдана"" не участвовал, брать в заложники их детей);
9) За пропаганду идей дивизии СС ""Галичина"", плакаты в честь которой красовались на улицах Львова и др.западно-украинских городов;
10) За провоцирование ненависти между крымскими татарами и славянами в надежде, что два народа вцепятся друг другу в горло и позволят киевским политикам разделять и властвовать;
11) За растление детей парадами гомосеков в украинских городах, за демонстративное сожжение националистами-""атошниками"" православных икон;
12) За постоянные голосования в Генассамблее ООН против резолюции, осуждающей пропаганду нацизма, т.е.голосование за то, чтобы нацизм был и жил;
13) За массовые убийства детей, женщин и стариков на Донбассе авиабомбами и тяжёлой артиллерией, за злорадный гогот, которым Украина заглушала слёзы и стоны этих детей, за равнодушие к их смертям от голода, холода и нехватки медикаментов для раненых; 

Государственная идеология, совершившая такие злодеяния, не имеет права на жизнь. Закон бумеранга никто не отменял. 
Считайте этот текст подсказкой для общения с украинскими интернет-пользователями, стонущими о том, что Украина - жертва, а Путин - агрессор.
@voenkorKotenok",0,russia,0,1,1,1,0.5,0,1,3,,
10568,"❗️Российские военные ночью нанесли удар с использованием крылатых ракет воздушного и морского базирования по военной инфраструктуре Украины, сообщает российское Минобороны",0,russia,0,0,0,0,0,0,0,3,,
24310,"Обвинения российских военных в «массовой резне» в Буче — безосновательны, об этом говорит анализ видео и фото, которые распространяют украинские каналы 

На видео, которое распространяют западные и украинские СМИ, при внимательном рассмотрении стоп-кадра, рядом с одним из тел можно увидеть воронку от артиллерийского снаряда.

Положение тел при этом соответствующее — «разбросанное», а это значит, что смерть мирных жителей наступила в результате поражения артиллерией.

Данный факт исключает любые версии, интерпретирующее события в Буче как «преднамеренный геноцид мирных украинцев». Более того, украинская сторона не раз заявляла об артобстрелах города в тот момент, когда там находились солдаты РФ. Поэтому украинская артиллерия могла стрелять по Буче и после, того, как российские военные покинули город. 

Подробнее о произошедшем в Буче и о том, почему «Россия всегда виновата» читайте в материале Readovka.",0,russia,0,0,0,0,0,0,0,3,,
558215,"Росіяни вразили ракетами три судна Панами в Чорному морі

Кожне із суден атакували в різні дні після вторгнення Росії в Україну. Один із кораблів затонув, а два залишилися на плаву, та все ж мають пошкодження.

Підписатися на 24 канал",0,ukraine_ukrainian,0,0,0,0,0,0,0,3,,
714230,"Выражаем благодарность всем сознательным гражданам, в том числе на территории РФ, а особенно российским офицерам, которые за относительно небольшое вознаграждение или гарантии их безопасности передают данные про места сосредоточения российской техники. Такая практика уже дала хороший результат и продолжает набирать обороты.

Анонимно сообщить информацию о местах скопления техники сил вторжения можно на разные официальные боты, а также сообщать InformNapalm на  @infirewarbot 🔥

Российский солдат и офицер, помните, что если вы не успеете сообщить первым, то за вас это сделают ваши товарищи.
Не упускайте шанс на будущее для вас и ваших детей. Путин бросает вас в Украину на верную смерть, пошлите Путина и его рашистский рейх нах""й и перейдите на сторону добра, на сторону Украины, которую поддерживает весь цивилизованный мир.

Выбор за вами, умирать по приказу фюрера в чужой стране, или получить шанс жить достойно.

@informnapalm",0,ukraine_russian,0,0.5,0.5,0.5,0,0,0.5,1,,
441339,"‼️УВАГА ЕВАКУАЦІЯ‼️

Сьогодні відбуватиметься евакуація населення Київської області гуманітарними коридорами:
 
Гостомель – Буча – Михайлівка-Рубежівка – Шпитьки – Петрушки – Білогородка – Київ

Козаровичі – Лютіж – Старі Петрівці – Нові Петрівці – Вишгород – Київ

Микуличі – Немішаєве – Березова – Ворзель – Михайлівка-Рубежівка – Мрія – Стоянка – Гореничі – Гнатівка – Білогородка – Київ

Андріївка – Липівка – Макарів – Небилиця – Ставище – Кочерів – Коростишів – Глубочиця – Житомир

Макарів – Небилиця – Ставище – Кочерів – Коростишів – Глубочиця – Житомир 

Бородянка – Пісківка – Малин – Радомишль – Житомир

❌Росія взяла на себе публічні зобов’язання припинити вогонь під час евакуації людей.

Отправляйте инфу по обстановке в городе @novosti_kieva_bot ссылка на наш канал 👉 https://t.me/kievreal1",0,ukraine_ukrainian,0,0,0,0,0,0,0,3,,
437526,"Жители, покинувшие Киев, начали возвращаться назад

Их количество увеличилось после новости об уходе орков из Киевской области. 

❗️Но не торопитесь

Тысячи боеприпасов остаются неразминированными после вражеских обстрелов. А еще орки, отступая, хаотично минируют все, что могут: детские игрушки, дома, детсады и даже свою брошенную технику.

Так они пытаются нанести максимальный ущерб нашей стране.

прислать новость👉@novosti_kieva_bot
👉ПОДПИСАТЬСЯ",1,ukraine_russian,1,1,1,1,1,1,1,3,,
534194,"Окупант. Ахтырка

❤️🇺🇦

Днепр ОПЕРАТИВНЫЙ🚨

Прислать новость⚡️| Инстаграм |

#днепроперативный",0,ukraine_russian,0,0,0,0,0,0,0,3,,
479100,"⚡️ Переговоры Украина-РФ возобновились, — Арахамия

подписаться 👉https://t.me/kharkivlife1",0,ukraine_russian,0,0,0,0,0,0,0,3,,
720368,"В Николаевской области были взяты в плен оккупанты из Буденовска, Ставрапольского края РФ.",0,ukraine_russian,0,0,0,0,0,0,0,3,,
586130,"⚡️Ущерб, нанесенный российской армией инфраструктуре Украины, достигает по меньшей мере 120 млрд долларов, или почти 3,6 трлн гривен - первый замминистра экономики Денис Кудин в эфире телеканала ""Рада""

Инсайдер UA  | Подписаться",0,ukraine_russian,0,0,0,0,0,0,0,3,,
257857,"Болгария заявила, что к концу 2022 года намерена разорвать контракт с «Газпромом» из-за [Роскомнадзора] в Украине.

Как уточнил болгарский вице-премьер Асен Василев, Болгария уже ищет других поставщиков газа и уже провела переговоры с Грецией и Турцией, а также хочет увеличить закупки в Азербайджане.",0,russia,0,0,0,0,0,0,0,3,,
768903,"Тут сравнивали рекламные фото западных  СМИ с украинскими детьми, которые должны воевать с путинскими калибрами деревянными автоматами, к гитлерюгендом.
Сходство только внешнее - никто настоящие автоматы  выдавать не собирается.
Но в настоящий гитлерюгенд вербовали и подростков с Галичины. Мой друг, бравший Берлин, видел трупы таких, прикованные к турелям зениток ПВО.

Осенью 1942 года по инициативе руководства гитлерюгенда для вспомогательной службы в частях вермахта впервые были набраны немецкие подростки.  для замены солдат служивших в системе ПВО.

Весной 1944 г. началось формирование «помощников люфтваффе» из украинской молодежи. Полковник  Бизанц, возглавлявший военное управление дивизии «Галичина», сообщил членам УЦК о приезде немецких военных, которые должны провести в Галиции набор молодежи. Руководство УЦК , не приветствуя привлечения к военной службе несовершеннолетних воззвания не подписало. Но немцев это мало интересовало — 5 июня «подписанные» обращения к украинской молодежи они распространили.",0,ukraine_russian,0,0,0.5,0.5,0,0,0,1,0.5,ukrainians
105287,"Реакция пленных военнослужащих ВСУ 🇺🇦на кадры, на которых запечатлена расправа на пленными российскими🇷🇺 военными.",0,russia,0,0,0,0,0,0,0,3,,
389986,"Израиль готов принять в Иерусалиме возможную встречу Путина и Зеленского — посол в РФ

Подписаться на @truekpru",0,russia,0,0,0,0,0,0,0,3,,
603196,"Кличко: Друзья! Дорогие киевляне!
Враг продолжает атаковать Киев.

Ранним утром снаряды попали в несколько жилых домов — 2 многоэтажки в Святошинском районе, 1 в Подольском. А также – в один частный дом.

Поврежден ударной волной вход в одну из станций метро.

В жилых домах пострадали, информация уточняется. На местах работают спасатели и медики.

Следуйте в укрытиях при каждом сигнале тревоги!

👉🏻 ПОДПИСАТЬСЯ 
Прислайте нам контент в анонимный бот -  ➡️ @Kiev_obstanovka_bot ⬅️",1,ukraine_russian,0,0,0,0,0,0,0,3,,
748640,"🇺🇳 У Міжнародному суді ООН розпочинаються слухання за позовом України проти Росії у справі щодо звинувачень в геноциді.

На доручення Президента України Володимира Зеленського 7 березня делегація України представляє в Міжнародному суді ООН правову позицію в справі проти Росії, відповідно до Конвенції від 1948 року про запобігання злочину геноциду та покарання за нього.

Після Другої світової війни міжнародне співтовариство об’єдналося, щоб визнати два фундаментальні принципи: захист суверенних держав від агресії та захист людей від грубих порушень прав людини, зокрема вчинення геноциду.

Росія маніпулює міжнародним правом та, зокрему, згаданою Конвенцією, яка є фундаментальним міжнародним договором у сфері захисту прав людини, та використала її для збройної агресії проти України.

Продовження 👇",0,ukraine_ukrainian,0,0,0,0,0,0,0,3,,
665795,"В Черниговской области со стороны РФ обстрелян украинский погранпункт.

Об этом говорится в сообщении Госпогранслужбы.

По пограничникам совершили 13 выстрелов с территории РФ в районе населенного пункта Сеньковка. Обстрелы совершались в 08:25 и в 09.00.

Пострадавших пограничников и местного населения нет.",0,ukraine_russian,0,0,0,0,0,0,0,3,,
130816,"Главное из нового заявления Минобороны РФ о спецоперации на Украине:

— войска ДНР вышли к населённым пунктам Новоандреевка, Кирилловка и блокировали Благодатное, продвинувшись на 8 км;

— ВС РФ вышли на рубеж Новодонецкое — Новомайорское — Егоровка, продвинувшись на 11 км;

— накануне в Херсонской области российские военные изъяли ПЗРК «Игла» у украинских националистов;

— киевский националистический режим, бесконтрольно раздавая полученные от Запада ПЗРК, создаёт угрозу гражданским воздушным судам;

— это касается прежде всего европейских стран, которые отправляют сотни наёмников и неонацистов для участия в боевых действиях;

— в течение дня авиация и ПВО ВКС России сбили в воздухе три БПЛА, в том числе два Bayraktar TB2;

— поражено 82 объекта ВСУ, в том числе три ЗРК (С-300, «Бук-М1» и «Оса»), и 63 места скопления боевой техники.

 @rt_russian",0,russia,0,0.5,1,1,0,0,0.5,3,,
74299,"❗️Судя по опросам, россияне поддерживают спецоперацию по демилитаризации Украины не меньше, чем признание ДНР и ЛНР

Песков",0,russia,0,0,0,0,0,0,0,3,,
145748,"Спешный отход группы нациков с раненым в Приморском районе.
Вчера было видео этой же ситуации с их стороны от первого лица. 

https://t.me/wargonzo/6479",0,russia,0,1,1,1,0,0,1,3,,
830036,"⚡️Росія готується до «повномасштабного вторгнення» в Україну, заявив британський прем'єр-міністр Борис Джонсон",0,ukraine_ukrainian,0,0,0,0,0,0,0,3,,
748483,"Ваші повідомлення про пересування ворога через офіційний чат-бот 
➡️ @stop_russian_war_bot 
щодня приносять нові трофеї. 

Цього разу ми отримали координати ворожої техніки з позначками «V» на Київщині.

Їх перевірили та передали військовим. Результат – на фото: полум’яні «привіти» окупантам. Тож як би вони не маркували свої бойові машини, ми знаємо, що наше «завдання буде виконане» точно – ми знищимо їх!

Продовжуйте інформувати через чат-бот про переміщення ворожої техніки та ДРГ!

Прохання надсилати дані чітко і структуровано з максимально точними позначеннями часу та геолокацій.

Разом переможемо!

#ПутінуДляГааги
#ЗупинимоОкупантів
#stoprussia",2,ukraine_ukrainian,0,1,1,0,1,1,1,3,,
816204,"‼️ Мер Вінниці Сергій Моргунов: 

▪️Внаслідок ракетного обстрілу Вінницького аеропорту є втрати серед військових і цивільних людей. Завали ще не розібрані, тому інформація про загиблих і постраждалих буде уточнюватися. Під завалами знаходяться 6 працівників аеропорту. Їхній стан не відомий. 

▪️ Загорілись цистерни з паливом, але в окупантів не вийшло повністю підірвати все, завдяки ДСНС, які локалізували і загасили пожежу. 

▪️ Ми всі розуміли, що в нас є аерпорот і розуміли, що можливий удар по Гавришівці. Військові були попереджені. 

▪️ Ми підтримуємо прохання керівництва країни про закриття неба над Україною. Кожного дня гинуть цивільні люди. 

▪️ Закликаю всіх вінничан не ігнорувати сигнали тривоги і йти до сховищ, щойно почуєте сигнал. У місто приходить велика війна.",2,ukraine_ukrainian,0,0,0,0,0,0,0,3,,
325702,"Я точно знаю, когда мой пост попадает в точку: когда на утро я читаю кучу смс то недоразвитых укров с угрозами и рассказами, как они палили ""колоны российских десантников"".

Один даже видео прислал, где звучит новый боевой клич укров - "" Аллах Акбар"".",0,russia,0,1,0.5,0,1,1,1,3,,
683483,"За Украину - 141 страна, за Россию - 4.",0,ukraine_russian,0,0,0,0,0,0,0,3,,
673632,Ещё российская техника и солдаты в Харькове.,0,ukraine_russian,0,0,0,0,0,0,0,3,,
743160,"⚡️ Берлусконі вперше прокоментував агресію путіна: глибоко розчарований і засмучений
Колишній прем'єр-міністр Італії Сільвіо Берлусконі заявив, що він глибоко розчарований та засмучений поведінкою президента росії владіміра путіна.
Про це пише Reuters, повідомляє ""Європейська правда"".
""Я познайомився з ним 20 років тому, і він завжди здавався мені людиною демократії та миру… який жаль"", — сказав Берлусконі, виступаючи на з'їзді своєї консервативної партії Forza Italia у Римі.
Це перший публічний коментар Берлусконі про путіна з 24 лютого, коли росія вторглася в Україну.
Берлусконі, який у 2015 році назвав путіна ""безперечно номером один серед світових лідерів"", одного разу назвав російського лідера молодшим братом. Вони відвідували один одного в росії та Італії.
""Напад на Україну замість того, щоб привести росію до Європи, кинув її в обійми Китаю... який жаль, який жаль"", — сказав він.",0,ukraine_ukrainian,0,0,0,0,0,0,0,3,,
773266,"– Если будет возможность убить 100 россиян, то нажму курок 100 раз.

Мы знаем, вам нравятся публикации про канадского снайпера 🇨🇦 
Тогда знакомьтесь поближе))

Його називають одним і найкращих снайперів світу. Канадієць Воллі воював із терористами в Іраку, Сирії та Афганістані. Тепер він допомагає українським воїнам.
Він - боєць Королівського 22 полку, 12 років військового досвіду. Йому приписують неабияку смертоносність. Кажуть, Воллі цілком може поцілити і 4 десятки противників за день. Сам же він відмахується від такої статистики. І жартує - буде можливість вбити 100 росіян, натисне на пусковий гачок 100 разів. А буде один російський окупант, то вб’є лише одного. 
Воллі воює не за гроші, прилетів в Україну допомогти.",1,ukraine_ukrainian,0,1,0,0,0,0,0.5,2,,
562022,"Важливе на цю хвилину:

• Ворог 19 разів порушив режим тиші. Внаслідок атак російських найманців загинув український воїн.

• ОБСЄ повідомляє, що за добу 17 лютого окупанти майже 900 разів порушили режим тиші на Донбасі.

🤬 ""Генпрокурор"" бойовиків похвалився відео, як стріляє з забороненої гармати. Але він не тільки спалився на порушенні мінських домовленостей, а і поставив геопозицію – Станиця Луганська. Якраз цей населений пункт перебуває під вогнем бойовиків, і саме там 17 лютого вороги влучили у дитячий садок ⬆️

• А тим часом, за даними ЗМІ, дружина кума Путіна Оксана Марченко поспіхом втекла до Білорусі 🤡

Фото: Dmytro Thedobass

24 канал | FB | Insta",0,ukraine_ukrainian,0,0,1,0,1,0.5,0.5,3,,
265531,"Украинские военные заявляют, что полностью контролируют Мариуполь

Вслед за тем как минобороны России объявило о прорыве обороны украинских военных и продвижении вглубь территории страны, свою версию происходящего на фронте представил главнокомандующий Вооруженных сил Украины Валерий Залужный:

""Силы обороны Украины сдерживают нападение российского агрессора. Противника остановили на Черниговщине.
На Харьковском направлении и в районе операции Объединенных сил ведутся тяжелые бои. Силы наших войск вернули под полный контроль города Мариуполь и Счастье.
На Херсонском направлении ситуация сложная, тем не менее силы обороны Украины дают отпор агрессору"".

Кроме того, ВС Украины утверждают, что в окрестностях Счастья якобы погибли около 50 российских военных. Но в российском минобороны эту информацию не подтверждают.",0,russia,0,0,0,0,0,0,0,3,,
526249,Окупанти в Херсоні знову розганяють проукраїнській мітинг. Поранено жінку,0,ukraine_ukrainian,0,0,0,0,0,0,0,3,,
592095,"⚡️⚡️⚡️ #Инсайд
Наш источник в ОП рассказал, что третий раунд переговоров должен  принести Украине перемирие, уже в ближайшие часы парламент в закрытом режиме проголосуют документы, которые позволят начать диэсколацию. Все законопроекты принимаются под грифом секретно, что обоснованно военным положением в стране. На встрече с Российской делегацией были заключены пасочные соглашения, которые должна ратифицировать Украина.

https://t.me/rezident_ua/10682",0,ukraine_russian,0,0,0,0,0,0,0,3,,
511903,"Міжнародна підтримка України триває

Міністр закордонних справ Франції Жан-Ів Ле Дріан і держсекретар США Ентоні Блінкен відзначили, що в умовах продовження російського наступу на Україну необхідно продовжити посилення санкцій

Міністри обговорили підготовку зустрічей глав держав і урядів країн-членів НАТО і G7 цього четверга в Брюсселі, а також участь президента США в Європейській раді, що знаменуватиме трансатлантичну єдність і тісну координацію між НАТО та Європейським Союзом, йдеться у повідомленні МЗС Франції.

За нами перемога

#Вистоїмо 
#StrongTogether 
#UkrainiansWillResist 
@operativnoZSU",2,ukraine_ukrainian,0,0,0,0,0,0,0,3,,
97447,"Юрий Шевчук — о войне на Украине

ДАННОЕ СООБЩЕНИЕ (МАТЕРИАЛ) СОЗДАНО И (ИЛИ) РАСПРОСТРАНЕНО ИНОСТРАННЫМ СРЕДСТВОМ МАССОВОЙ ИНФОРМАЦИИ, ВЫПОЛНЯЮЩИМ ФУНКЦИИ ИНОСТРАННОГО АГЕНТА, И (ИЛИ) РОССИЙСКИМ ЮРИДИЧЕСКИМ ЛИЦОМ, ВЫПОЛНЯЮЩИМ ФУНКЦИИ ИНОСТРАННОГО АГЕНТА

Огромная трагедия, которая многих из нас лишает будущего. Я в шоке, переживаем, ночей не спим, смотрим новости, созваниваемся с друзьями, наверное также как все жители Украины и России.
Что нам делать? Делать, что должное, и будь что будет. Мы так считаем: говорить о мире с людьми, где только возможно. Говорись спокойно, без истерики, потому что время такое пришло, да... Это очень важно. Всем миром — мир.",2,russia,0,0,0,0,0,0,0,3,,
175108,"Погибших на Украине российских военных провожают как героев, воздавая все воинские почести. И это правильно, так и должно быть. Вечная память героям!

@sashakots",0,russia,0,0,0,0,0,0,0,3,,
456874,"Російські окупанти обстріляли ТЦ Lavina Mall у Києві. 
Мабуть, торговельний центр був нацистом.",0,ukraine_ukrainian,0,0.5,0,0,0,0,0,2,,
445897,"⚡️⚡️⚡️ Інформація про відстежування українців за геолокацією не відповідає дійсності!

Коротко 👉 Увімкнена геолокація на телефоні не допомагає ворогу проводити наведення на цілі. 
Але закликаємо не поширювати у публічний доступ фото та відео із тегами вашої геолокації.

Детально👇
1️⃣ Смартфони на Android чи iOS не відправляють локацію. Якщо ви хочете «зникнути» – вам треба вмикати авіарежим. 
2️⃣ Випадково кудись відправити повідомлення зі своєю локацією можна, наприклад, через вайбер чи телеграм. Не діліться в публічних чатах інформацією, як і куди легко проїхати. Тільки в особистих повідомленнях із друзями, але краще за все – в телефонній розмові. 
3️⃣ Не робіть ""комплімент"" ворогу: якби у росіян були технології відстежування вашої локації два попередні дні, навіщо їм би було потрібним ставити мітки?
4️⃣ У чатах часто  «лякають», що будуть коригувати ворожі удари завдяки геолокації. Однак адреси укриттів та бомбосховищ і так у відкритому доступі.",0,ukraine_ukrainian,0,0,1,0,1,0,0.5,3,,
709955,"❗️🇺🇦Украина приняла решение выдавать пленных российскими матерям, если те приедут за ними в Украину лично.

Сообщите своим родным и знакомым в России.

Российские солдаты. Сдавайтесь. И вы скоро снова окажетесь дома. Живыми.",0,ukraine_russian,0,0,0,0,0,0,0,3,,
578494,"Война на Украине (31.03.22 на 21:00): Перегруппировка ВС РФ, Изюм, Горловка, Николаев

Судя по тем колонам российских войск, которые сегодня «гуляли» по Черниговщине и Сумщине, план штурма Киева был реальным. Но он был отменен, и теперь огромная масса войск перебрасывается на юг, сметая на своем пути «школоту» из т.н. «теробороны».",0,ukraine_russian,0,0,0,0,0,0.5,0.5,2,,
828118,"Лукашенко: Путін пропонує Україні стати такою, як Білорусь

Президент Росії Володимир Путін пропонує Україні такі речі, які відбуваються у Білорусі. Тобто Україна має стати такою, як Білорусь. Із певними нюансами.

""Вона (Україна) не повинна мати ядерної зброї, не повинна загрожувати Росії, вона не повинна забороняти людям, які живуть в Україні, розмовляти будь-якою мовою"".

Лукашенко розповів також, що Путін пропонує Зеленському ""абсолютно прийнятний варіант договору"" і що ""Росія у цій війні не програє"".

Він знову пообіцяв, що ""жоден білоруський солдат в Україні не воює"". ""Ми не нападаємо на Україну, ми не бомбимо Україну, нас ніхто не просить цього робити"", - заявив Лукашенко.

При цьому Лукашенко пригрозив, що якщо Україна ""продовжуватиме ескалацію"" щодо Білорусі, то ""ми відповімо"". ""Я практично переконаний, що нам не доведеться воювати з Україною"", – додав він.

""Якщо ви думаєте, що Путін нездоровий — він живіший за всіх живих. Він абсолютно адекватна і нормальна людина. Він як ніколи у формі"", - заявив Лукашенко.",0,ukraine_ukrainian,0,0,0,0,0,0,0,3,,
742960,"🌾🌾У Комітеті з питань аграрної та земельної політики вітають прийняття Міжнародною радою по зерну декларації щодо засудження російської агресії проти України.

Переможемо агресора разом!

Детальніше:",2,ukraine_ukrainian,0,0,0,0,0,0,0,3,,
410399,"Бывший американский президент Трамп предупредил об угрозе Третьей мировой войны.

По его мнению, ситуация вокруг Украины может перерасти в глобальный конфликт, так как в Белом доме ""некому поговорить"" с руководством РФ.

""[Ситуация на Украине] может привести к очень кровавой войне, к Третьей мировой войне. Я же вижу, что происходит. Россия не собирается останавливаться в достижении своих целей, а в нынешней американской администрации некому даже поговорить с российским руководством, в частности с президентом Путиным"", —  Трамп.",0,ukraine_russian,0,0,0,0,0,0,0,3,,
414760,"Компанія Mastercard заявила, що заблокувала кілька фінансових установ РФ у своїй платіжній мережі через санкції, запроваджених проти Росії у зв'язку з вторгненням до України, організованим Кремлем.
Про це повідомляється на сайті компанії.
""У результаті розпоряджень про санкції ми заблокували доступ кількох фінансових інститутів до Mastercard"", — заявив генеральний директор компанії Майкл Мібах.
Mastercard також обіцяє виділити 2 мільйони доларів на гуманітарну допомогу.
""Ми оголосили про пожертвування у розмірі 2 мільйонів доларів США Червоному Хресту, організації ""Врятуйте дітей"" та нашому фонду допомоги співробітникам для надання гуманітарної допомоги. Ми активно використовуватимемо додаткові можливості, щоб допомогти гуманітарним організаціям зіграти свою роль у підтримці глобальних зусиль з надання допомоги"", — зазначається у повідомленні.
Також компанія засудила агресію Росії.
""Вторгнення російських збройних сил за останній тиждень було руйнівним для України. Наші думки продовжують бути з тими, хто постраждав"", — зауважили в Mastercard.",0,ukraine_ukrainian,0,0,0,0,0,0,0,3,,
485841,"❗️Міністр закордонних справ Дмитро Кулеба:

Зброя і санкції - це зараз головне. І те, і інше буде. Нові санкції ЄС вже сьогодні. Зброя на підході.

За SWIFT вгризаємося зубами.

Сьогоднішні атаки РФ на дитячий садок і дитячий будинок є воєнними злочинами та порушенням Римського статуту. Разом з Офісом Генерального прокурора збираємо ці та інші матеріали, які невідкладно передамо до Гааги. Відповідальність неминуча.

Світ підтримує Україну. Міжнародна коаліція на захист України та миру продовжує посилюватися. Вчора до неї входило 58 країн та 6 міжнародних організацій. Станом на зараз вже 73 країни та 9 міжнародних організацій. 

Рада Європи, гнучкість якої щодо Росії я знаю дуже добре з роботи там послом, сьогодні ухвалила революційне для себе рішення - спільний комітет Ради Європи, що об’єднує керівництво ПАРЄ, представників держав-членів та генерального секретаря організації, рекомендує застосувати щодо Росії процедуру, що веде до виключення цієї держави з РЄ.

Сьогодні відбулися мої розмови з главами МЗС Індії, Японії та США. Менш ніж за годину візьму участь онлайн в засіданні Ради МЗС Євросоюзу. Саме на ньому будуть затверджувати санкції.

Президент України Володимир Зеленський, я як міністр закордонних справ, вся дипломатична система працює нон-стоп щоб забезпечувати щоденний повномасштабний наступ на РФ на дипломатичному фронті.

Ми не зупинимося та не здамося.",2,ukraine_ukrainian,0,0,0,0,0,0,0,3,,
542791,"Головнокомандувач ЗСУ заявив, що рф провела мобілізацію на тимчасово окупованих територіях Донецької і Луганської областей та формує підрозділи для штурму населених пунктів на підконтрольній Україні території. Більшість із цих людей мають російські паспорти.

Зараз частину цих мобілізованих перекидають через територію Ростовської області, Краснодарський край та тимчасово окупований Крим для проведення морської наступальної операції із захоплення Одеси. Іншу частину вивезли в Бєлгород для штурму Києва в першому ешелоні у якості «гарматного м’яса»",0,ukraine_ukrainian,0.5,0.5,0,0,0.5,0.5,0.5,1,,
88904,"Прокуратура Херсонской области сообщила о возбуждении уголовного дела о посягательстве на территориальную целостность и неприкосновенность Украины.

Как утверждают в ведомстве, оно связано с планами провести в регионе референдум по созданию Херсонской народной республики. В прокуратуре также заявили, что российская сторона пытается склонить к сотрудничеству депутатов Херсонского областного совета.

Российская сторона эту информацию пока не комментировала.",0,russia,0,0,0,0,0,0,0,3,,
356507,"CIT: российская техника у границы с Украиной выходит на исходные позиции для возможного наступления

Аналитики из Conflict Intelligence Team (CIT) утверждают, что переброска сил из других российских регионов подошла к концу и, ""по всей видимости, идет выход на исходные позиции для возможного наступления"".

Они обратили внимание на несколько видео в соцсетях, из которых следует, что раньше гусеничную технику везли на железнодорожных платформах и танковых транспортерах, тогда как сейчас ""они почти везде обычно движутся своим ходом"", в том числе ""в считанных километрах от границы"".",0,russia,0,0,0,0,0,0,0,3,,
133749,"Российский омбудсмен Москалькова заявила, что договорилась с украинским коллегой о сотрудничестве в установлении местонахождения пропавших лиц.

@rt_russian",0,russia,0,0,0,0,0,0,0,3,,
72319,"Фильм о том, почему все происходит именно так.
И посему Украину тянули в НАТО, готовили к броску на Донбасс.
Почему её обязательно кинут, и для чего англо-саксам нужно разорвать связи России и Европы. 
Зачем в 1918 году корпус Малессона вошёл в Закаспийскую область, и как англичане толкали черкесов к войне.  

Что такое смысловые узлы в современной войне и почему справедливость в нынешнем мире важнее свободы.

Как в 19 веке австрийцы хотели создать Киевское королевство, и почему Рорбах и Бжезинский считали, что Украины не должна быть с Россией.

Такой вот получился фильм. Найдите время, посмотрите завтра.",0,russia,0,0,0,0,0,0.5,0,2,,
153773,"Харьковское утро переполнено канонадой артиллерии - минометов, ПВО. Меньше слышно РСЗО - то ли боезапас закончился, то ли целей нет, а бродяги пока перестали бродить. С момента бомбового удара в пять утра (до сих пор не выяснили достоверно, куда именно - то ли по Академии Нацгвардии на Конном рынке, то ли по артбатарее на территории завода Малышева) в Харькове накрыли нацгвардейскую часть на Жуках, жилые кварталы на Дружбы народов, на Ужвий, накрыли что-то на Рымарской (возможно, один из штатов ""Фрайкора""). Где кто конкретно попал, пока точно неизвестно, а от догадок уже устали. ВСУ ночью взрывали мосты из города (на Старый Салтов, например), а также делали вылазки за пределы города, в расположение российских войск; судя по их отчетам, успешные, по российским судить нельзя, их нет. Артиллерия изнутри города работает, не останавливаясь.",0,russia,0,0,0,0,0,0.5,0,2,,
312503,"🇺🇦🇪🇸Испания объявила об отправке на Украину 1370 гранатометов, пулеметов и 700 тысяч патронов, а также легкие пулемёты.

🔢Если посчитать, то Европа и США отправили на Украину около 10 тысяч гранатометов и ПЗРК. Или они думают, что Россия реально послала миллионы танков, или они уверены, что их оружие бесполезно для украинской армии, поэтому шлют в таком количестве.",0,russia,0,0,0,0,0,0,0,3,,
52020,"«Там 8 страниц с возвращением в историю и другим бредом. Они такое же письмо направили в ООН, Международный комитет красного креста и надеялись, что международные структуры отреагируют и начнут давить на Украину.

Ни о каких сдачах, сложении оружия речи идти не может. Мы уже российской стороне об этом сообщили. Я написала: ""Вы вместо того, чтобы тратить время на 8 страниц писем – откройте просто коридор»

Вицепремьер Украины сообщила, что страна отказалась выводить войска из Мариуполя. Ранее такой вариант предложили в Минобороны РФ, а также в отдельном письме, о котором рассказала Верещук.",0,russia,0,0,0,0,0,0,0,3,,
732330,"​​Голова комітету Палати представників США із закордонних справ Грегорі Мікс ознайомився з ситуацією в Україні

Зустрівся на кордоні з Головою комітету Палати представників США із закордонних справ Грегорі Міксом 
У розмові з паном Міксом ще раз наголосив на важливості закриття неба над Україною. Додав, що міжнародну петицію до НАТО щодо цього підписали уже понад мільйон людей.  
Акцентував, що для цивільної авіації небо над Україною закрите з початку війни. Зараз найважливіше – закрити його для військової авіації росії, бо через неї гинуть невинні мирні жителі. 
російські війська повинні усвідомити, що, якщо вже вони пішли війною на нас, то мають воювати з українською армією, а не беззбройними людьми.  
Також просив США як країну-партнера підтримати нас бронежилетами, бойовими шоломами, автотранспортом, ліками та польовими госпіталями. 
Голова комітету Палати представників США із закордонних справ погодився із важливістю того, про що я сказав і пообіцяв виступити з ініціативою збільшити допомогу для України.",2,ukraine_ukrainian,0,0,0,0,0,0,0,3,,
397900,"ЕС официально принял санкции за признание Россией ДНР и ЛНР

🔻В список вошел 351 депутат, проголосовавший за признание (заморозка активов, запрет на въезд в ЕС)

🔻Также под санкции попали 27 физлиц и организаций: 

политики,

банки и бизнесмены, поддерживающие действия России в республиках или извлекающие из них выгоду,

высокопосталвенные военные,

""ответственные за дезинформацию против Украины"";

🔻Ограничен доступ России к рынку капитала и финансовому рынку ЕС

🔻Европейскому бизнесу ЕС запретил  экономические операции с ДНР и ЛНР

🔻Под запретом импорт из ДНР и ЛНР и экспорт туда определенных товаров и технологий, запрет на организацию туризма, ограничения на торговлю и инвестиции в определенных секторах

ЕС призывает Россию пересмотреть признание ДНР и ЛНР и угрожает новыми санкциями.

@truekpru",0,russia,0,0,0,0,0,0,0,3,,
451508,"🟢Арестович заявив, що про деблокаду Маріуполя зараз не може йтися, проте місто в жодному разі не здадуть. 

Він пояснив, що ЗСУ ведуть бої на півночі Волновахи Донецької області, і на них наступають російські війська. Оскільки сили окупантів там переважають, то деблокада неможлива.

""Друге ­– інші (українські – ред.) частини перебувають за 100-120-150 кілометрів від Маріуполя. Мало того, що їм треба здолати оборону противника ще там, де вони перебувають… Допустимо, вони пробили. Хоча звідки взяти ці резерви, щоб вони пробили і перейшли до наступу? Вони самі там тримають оборону. Щоб вони пішли у сторону Маріуполя, вони не пройдуть понад 120 кілометрів у голому степу під ударами авіації з Криму і Ростовської області"", – розповів Арестович.

""Більше того, були спроби надати повітряну підтримку і вони, м’яко кажучи, не увінчалися успіхом у Маріуполі. Тому воєнного рішення на цей момент по Маріуполю немає"".

Арестович наголосив, що задля деблокади Маріуполя застосовуватимуть механізм дипломатії.",0,ukraine_ukrainian,0,0,1,0,1,0,0.5,3,,
806707,"Проход ударного вертолёта Ка-52 ""Аллигатор"" ВС РФ над Межигорьем с отстрелом ""тепловых ловушек"".

Удачно Сбит


Мы отслеживаем информацию 24/7, ссылка на наш канал (поддержите репостом) 👉 Хуевая Украина | Наш Инстаграм",0,ukraine_russian,0,0,0,0,0,0,0,3,,
449103,"Російська хімзброя в Маріуполі та заяви Зеленського: п'ять головних новин ночі 12 квітня

https://bit.ly/3LZQXdE",0,ukraine_ukrainian,0,0,0,0,0,0,0,3,,
96049,"Вслед за «Новой газетой» от освещения войны в Украине отказалось издание The Bell 

ДАННОЕ СООБЩЕНИЕ (МАТЕРИАЛ) СОЗДАНО И (ИЛИ) РАСПРОСТРАНЕНО ИНОСТРАННЫМ СРЕДСТВОМ МАССОВОЙ ИНФОРМАЦИИ, ВЫПОЛНЯЮЩИМ ФУНКЦИИ ИНОСТРАННОГО АГЕНТА, И (ИЛИ) РОССИЙСКИМ ЮРИДИЧЕСКИМ ЛИЦОМ, ВЫПОЛНЯЮЩИМ ФУНКЦИИ ИНОСТРАННОГО АГЕНТА",0,russia,0,0,0,0,0,0,0,3,,
684978,"Дмитро Кулеба: «Українці, ви герої цього світу! Ми продовжимо вам допомагати»

Це слова одного з міністрів закордонних справ країн Сімки, і з цими словами погодилися усі міністри - Німеччина, США, Канада, Франція, Велика Британія, Італія, Японія.

Щойно звершив онлайн переговори з ними. Протягом не днів, а годин буде більше болючих санкцій проти Росії, більше зброї для України і дедалі більше ізоляції Москви.

Заради допомоги Україні в низці країн ухвалюють рішення, які п’ять днів тому були неможливими, змінюють власні закони, щоб прискорювати ухвалення рішень в інтересах України, весь світ стежить за нашою боротьбою і вболіває за нас.

Україна вистоїть і переможе.",2,ukraine_ukrainian,0,0,0,0,0,0,0,3,,
180710,"Заявление Министерство обороны России:

• На сегодняшний час два Су-27, два Су-24, один вертолет и четыре беспилотника «Байрактар» были сбиты с начала операции
• Ракетными и авиаударами было выведено из строя 83 цели украинской военной инфраструктуры
• Донецкая и Луганская республики смогли прорваться через украинскую оборону и продвинуться примерно на 6-8км благодаря российской артиллерийской и воздушной поддержке",0,russia,0,0,0,0,0,0,0,3,,
516382,"Головнокомандувач ЗС України

Російські війська продовжують нести втрати в особовому складі та техніці.
З початку вторгнення Орди Збройними Силами України знищено: 
танків – до 80 одиниць, 
бойових броньованих машин різних типів – 516 одиниць, 
вертольотів – 7, 
літаків - 10,
крилатих ракет - до 20,
автомобільної техніки - більше 100,
особового складу – більше 2800 осіб.

Welcome to hell!

@operativnoZSU",0,ukraine_ukrainian,0,1,1,0,1,1,0.5,2,,
380071,"По нашим позициям рядом с Кирилловкой (недалеко от н. п. Волноваха) боевики ВСУ начали лупить артиллерийскими снарядами, которые несут в себе листовки с призывом сдаваться.

Бойцы просят не переводить понапрасну бумагу, туалетной им хватает, а самокрутки давно не в моде. 

Осторожно, мат.

@opersvodki",1,russia,0,0,0.5,0,0,0.5,0.5,2,,
703514,"‼️ Жоден боєць Збройних Сил України не склав зброю.

 Усі українські військові на своїх бойових позиціях захищаємо рідну Харківщину та знищуємо ворога.

 Росія активно розповсюджує фейк про те, що у Харківській області затримано 302-й зенітний полк.  Це фейк!  Росія намагається похитнути віру у наші сили.  Але нічого не вийде!

 Ми захищаємо свою українську землю, своїх дітей, своє майбутнє!  Ми не здаємось, ніколи!  🇺🇦

Новини України 
Просимо максимального поширення - Підписатись",2,ukraine_ukrainian,0,0,1,0,1,1,0.5,2,,
683653,"Рада готовит национализацию всего имущества РФ. 

Заявление сделал Комитет по вопросам экономразвития: «В сотрудничестве с Минэкономики и другими центральными органами исполнительной власти Комитет работает над законопроектом, который призван урегулировать вопрос национализации всего имущества, объектов, средств и вкладов агрессора, что находятся на территории Украины», - говорится в сообщении в официальном Telegram-канале парламента.",0,ukraine_russian,0,0,0,0,0,0,0,3,,
200154,"Младший сержант националистической и террористической организации  «Айдар» Денис Нурыга рассказал, как украинские военные передвигаются на машинах скорой помощи и используют их для минометного обстрела. Также ВСУ пользуются инкассаторскими авто и маскируются под беженцев.

По словам Нурыга, именно ВСУ устроили провокацию и нанесли удар из РСЗО «Град» по Святогорскому Свято-Успенскому православному монастырю, чтобы свалить вину на российских военных. Тогда погибло 2 человека.",0,russia,0,0,1,1,0,0.5,0.5,3,,
513477,"‼️ Знищена колона ворожої артилерії – результат роботи прикордонників та воїнів ЗСУ
На Сумщині розвідгрупа прикордонників виявила колону техніки противника, яка рухалася між населеними пунктами. 
Серед неї була й реактивна артилерія.
Координатами прикордонники відразу поділилися з побратимами, після чого більше десятка бойових машин орків вибухнули та згоріли. 
За прогнозом мав бути град, але випогодилося💙💛
Слава ЗСУ! Слава прикордонникам!

#StopPutin 
#StopRussianAggression 

@operativnoZSU",2,ukraine_ukrainian,1,1,1,1,0,1,1,3,,
109824,🇺🇦🇷🇺 Вице-премьер Украины Ирина Верещук выступила против эвакуации жителей украинских городов в Россию,0,russia,0,0,0,0,0,0,0,3,,
624386,"Из под Херсона рашисты лупят по Николаеву

👉Прислать новость
👉Подписаться",0,ukraine_russian,0,1,1,1,1,0,1,3,,
654753,"Советник Главы ОП Подоляк о встрече Зеленского и Путина.

""Я думаю, что нам уже не так долго к этому идти. Я не готов сказать, что эта встреча может состояться в ближайшее время. День, два, три – нет. Какое-то время еще займет, но будем стараться, чтобы это было как можно быстрее. Потому что мы за каждую жизнь людей. Мы хотим, чтобы их не убивали, чтобы не рушили нашу инфраструктуру"", - сообщил Подоляк в эфире телемарафона в воскресенье.

По его словам, в настоящее время Украиной продолжается поиск места проведения переговоров между лидерами Украины и России с точки зрения гарантий безопасности и наработка пакета договоренностей, который будет учитывать исключительно важные для Украины позиции.

""Когда они будут наработаны, согласованы предварительно, тогда президенты смогут встретиться и проработать уже конечные положения мирного договора"", - сказал он, добавив, что Зеленский не подпишет никаких неэффективных и невыгодных для Украины договоров о мире, а со стороны России уже выразили готовность к прямой межпрезидентской встрече.",1,ukraine_russian,0,0,0,0,0,0,0,3,,
818100,"❗️Зеленський повідомляє:

Російські окупанти намагаються захопити Чорнобильську АЕС. Це оголошення війни усій Європі.",0,ukraine_ukrainian,0,0,0,0,0,0,0,3,,
676274,"Бизнесмен Дмитрий Фирташ, который сейчас живет в Вене, в очередной раз заявил, что Украина должна иметь нейтральный статус.

В конце января он уже писал об этом, а сейчас повторил ту же мысль в интервью австрийскому изданию Die Press. По мнению Фирташа, Украине нужно брать пример с Австрии.

«Для меня Австрия - пример для подражания. Австрия объявила себя нейтральной, чтобы положить конец оккупации… Я уже предлагал австрификацию Украины в 2014 году. Но как сказал Зигмунд Фрейд? Голос разума тих, но будет услышан. Я убежден: нейтралитет - единственный правильный путь для Украины. Но мы должны получить гарантии безопасности. В то же время мы должны серьезно отнестись к требованию Путина не иметь иностранных военных баз и оружия.

Примет ли Путин нейтралитет Украины?
 
Думаю, да. Какая еще у него есть альтернатива? Россия провела реструктуризацию своей экономики и расширила сотрудничество с Китаем. Но Россия, конечно, не хочет потерять Европу и полностью отдать себя в руки Китая».",0,ukraine_russian,0,0,0,0,0,0,0,3,,
61414,"‼️🏴‍☠️Украина обменяла 9 российских военных на опасного чиновника-нациста

Киев предложили в обмен на 9 российских военных отдать им экс-главу Мелитополя Ивана Федорова. Не 9 солдат на 9, а воинов на чиновника-взяточника.
Федоров много знает и замазан в очень грязных, он активный член запрещённого «Правого сектора», распорядитель финансов банды в Запорожской области.",0,russia,0,1,1,1,0,0,0.5,2,,
690568,"❗️Фейк⬆️ 

Мониторинг и запись личных телефонных звонков не осуществляется. Но помним, что нужно быть внимательными и не распространять информацию, которая может помочь врагу! ❌

👉Днепр Оперативный

Предложить новость|Наш инстаграм",0,ukraine_russian,0,0,1,0,1,0,0.5,3,,
405185,"Первое успешное боевое применение ПЗРК Starstreak в украинско-российской войне.

ПВО 95ОДШБр уничтожили российский БПЛА Орлан, который рашисты называли недостижимым для наших ПЗРК. 

ТРУХА⚡️Украина | Прислать новость",1,ukraine_russian,0,1,1,1,1,0,1,3,,
829455,"Фото з супутників: колону російських танків помітили за 64 км від Києва

Знімки опублікувало агентство Reuters, що їх надала американська компанія Maxar Technologies Inc.
За їхніми даними, війська помітили на північний схід від селища Іванків Київської області.
Reuters повідомляє, що на фото також помічені бойові машини піхоти та самохідні артилерійські установки.",0,ukraine_ukrainian,0,0,0,0,0,0,0,3,,
807833,"Запоріжжя – це  Україна! 

Запоріжці – нащадки козаків! 

Ми - непереможні! 

Ми били, б’єм і будем бити ворога! 

Нікого не пустимо на нашу рідну землю! 

Слава Україні! Слава Героям! Слава запорізьким захисникам! 

Перемога буде за нами!",2,ukraine_ukrainian,0,0,1,0,1,0,0.5,3,,
676092,"Член Палаты представителей Конгресса США от Гавайев, член Демпартии США Тулси Габбард в Twitter опубликовала резкое заявление в адрес украинской власти.

""Поджигатели войны утверждают, что мы должны защищать Украину, потому что это ""демократия"", но они лгут. Украина на самом деле вообще не демократия"", - заявила Габбард.

Она обвинила президента Зеленского в узурпации власти, заявив, что для удержания власти тот закрыл три телеканала, которые критиковали его.

Она также заявила, что Зеленский развернул репрессии против второй по числу партии (имеется ввиду ОПЗЖ) и ее лидера (имеется в виду Виктор Медведчук, который является подозреваемым по делу о госизмене и сейчас находится под домашним арестом).

""Это именно то, в чем обвиняют Путина, но Украина делает это все с поддержкой США"", - говорит Габбард.",0,ukraine_russian,0,0,0,0,0,0,0,3,,
428603,"⚡️Российская армия сейчас бросит все силы на Донбасс

Об этом заявил Шойгу. По его словам, первый этап ""спецоперации"" выполнен, это позволит сосредоточиться на основной цели - освобождении оккупации Донбасса.

С каких пор «освобождение» Донбасса стало основной целью? Вы же хотели полной денацификации, демилитаризации Украины?

Реальная Война",0,ukraine_russian,0,0,0,0,0,0,0,3,,
553993,"🔥 Так виглядає ""мощь второй армії міра"".

Поблизу села Дмитрівка на Київщині на місці розгрому колони важкої техніки росіян утворився імпровізований ""музей просто неба"", де можна побачити і оцінити ""потужність другої армії світу"".

Підписуйся на 24 канал | Підтримай нас",0,ukraine_ukrainian,0,0,0,0,0,0.5,0,3,,
539035,"Главное из интервью Зеленского изданию Economist о готовности стран Европы помогать Украине:

Франция:

Зеленский резко раскритиковал Макрона за отказ в военной поддержке Украины. ""Потому что они боятся России. И всё"".

Британия:

Премьер Джонсон, по словам Зеленского, гораздо активнее отправлял оружие, потому что британцы в целом поддерживают Украину: ""Да. Честно говоря, Джонсон - лидер, который больше помогает. Британия определенно на нашей стороне. Она не пытается балансировать. Британия не видит альтернативного выхода из ситуации. Британия хочет, чтобы Украина выиграла, а Россия проиграла, но я не готов сказать, хочет ли Британия затягивания войны или нет""

Германия:

Эта страна, по словам Зеленского, выжидает и пытается найти баланс.

""У них давние отношения с Россией, и они смотрят на ситуацию через призму экономики. Они периодически помогают. Я думаю, они пытаются приспосабливаться к ситуации по мере ее развития. Они также смотрят, как ситуация влияет на их страну"".

Труха⚡️Днепр
Прислать новость 📸",1,ukraine_russian,0,0,0,0,0,0,0,3,,
482653,Это первые минуты после ракетного удара по Житомиру. Под завалами мирные жители и дети. Путин убийца мирного населения № 1 в мире.,0,ukraine_russian,0,0,0,0.5,0,0,0,3,,
445337,"Василий Вирастюк обратился с украинским воинам ВСУ и терробороне, а также ""российской гидоте"":
""Вы будете возвращаться домой мясом и сразу попадете в ад. Обращаясь к армии эрэф - пошли вы на х0й",0,ukraine_russian,1,1,1,0,1,1,1,3,,
181266,"Лидер правящей на Украине партии «Слуга Народа» Елена Шуляк считает, что Россия хочет построить имперский Славянский союз под предводительством Москвы, и назвала эти планы созданием «Гипербореи».

https://t.me/bbbreaking/109486",0,russia,0,0,0,0,0,0,0,3,,
208645,"Более 1000 человек задержаны к текущему часу на антивоенных акциях в России, сообщает ОВД-news. 

Антивоенные акции сегодня прошли в Хабаровске и Владивостоке, по данным ОВД-инфо, в обоих городах задержаны не меньше 15 человек. 

Шествие прошло и в Иркутске, где также есть задержанные. В Новосибирске задержаны после антивоенных выступлений 245 человек  , полицейские задерживали также журналистов. 

Выразить свой протест против войны в Украине вышли жители Томска, Омска, Красноярска, Улан-Удэ. Повсюду полиция задерживает участников. 

Силами полиции и росгвардии оцеплен весь центр Москвы, особенно в районе Пушкинской площади, Большого театра, Площади Революции. Манежная  площадь закрыта. Есть сообщения о задержании журналистов.

В Петербурге весь центр заставлен коммунальными машинами и снегоуборочной техникой, чтобы максимально затруднить возможные антивоенные шествия и митинги. Около Гостиного двора, где традиционно проходят протестные акции, играл военный оркестр.",0,russia,0,0,0,0,0,0,0,3,,
439616,"Как выглядят последствия нового обстрела Киева оккупантами

Фото: заместитель председателя КГГА Николай Поворозник

👉 Прислать новость 
👉 Подписаться",0,ukraine_russian,0,0,0,0,0,0,0,3,,
432629,"""Россия вторглась в нашу независимую страну на нашу землю. Острый припадок агрессии, мания величия, мания преследования, тяжелые психологические комплексы и как последствие — ракетные комплексы, реактивная артиллерия, танки и другая бронетехника просто как саранча"", — Зеленский.

Реальная Война",2,ukraine_russian,1,1,1,1,1,1,1,3,,
426036,"«Это очень опасно». Песков заявил о «чрезмерном напряжении» на границе с Украиной
источник: nvua

Так уберите войска с границ и его не будет 🤡",0,ukraine_russian,0,0,0,0,0,0,0,3,,
356086,"Зеленский: признание ДНР и ЛНР создает юридические основания для ""дальнейшей агрессии"" РФ против Украины.",0,russia,0,0,0,0,0,0,0,3,,
424178,"""Потужні бойові дії йдуть в містах Херсон, Миколаїв, Одеса. Це напрямок вважається пріоритетним для РФ. Вони хотіли там закріпитись, але їм не вдалося. І їм це не вдасться"".

Про таке під час брифінгу сказав радник керівника Офісу Президента Михайло Подоляк.",0,ukraine_ukrainian,0,0,0,0,0,0,0,3,,
8966,"Netflix приостановил свои российские кинопроекты из-за ситуации на Украине, сообщает Variety",0,russia,0,0,0,0,0,0,0,3,,
96723,"Юрий Дудь высказался о войне в Украине — в двух больших постах

ДАННОЕ СООБЩЕНИЕ (МАТЕРИАЛ) СОЗДАНО И (ИЛИ) РАСПРОСТРАНЕНО ИНОСТРАННЫМ СРЕДСТВОМ МАССОВОЙ ИНФОРМАЦИИ, ВЫПОЛНЯЮЩИМ ФУНКЦИИ ИНОСТРАННОГО АГЕНТА, И (ИЛИ) РОССИЙСКИМ ЮРИДИЧЕСКИМ ЛИЦОМ, ВЫПОЛНЯЮЩИМ ФУНКЦИИ ИНОСТРАННОГО АГЕНТА

«Не знаю, есть ли еще люди, которые имеют на Путина хоть какое-то влияние, но, допустим, есть. Не знаю, как они сейчас засыпают и просыпаются и что тренируют между пробуждением и сном. Но всем им – от Ротенбергов до Тимченко, от Чемезова до Грефа, от Абрамовича до Мордашова, от Кудрина до Эрнста – хочется напомнить одно: человеческое достоинство сейчас – не в Крымских мостах и не в победах в Лиге чемпионов. Достоинство – в том, чтобы высказать вашему начальнику свою позицию (а у многих из вас она много где совпадает с моей) и объяснить ему, что за катастрофа происходит прямо сейчас», — написал Дудь в своем телеграм-канале",0,russia,0,0,0,0,0,0,0,3,,
345079,"Вот такие сообщения приходят от укрорейха всем подряд, кто зарегистрирован в сети. Например даже всем местным жителям Харьковской области. Местные мне пишут с вопросом, их куда укрорейх собрался возвращать домой живым, в Россию? Если так, то они не против. Только суки не выпускают ведь!",0,russia,0,1,1,1,1,0,1,3,,
441324,"Жители ЖК Покровский в Гостомеле, которых оккупанты держали в заложниках более 10 суток, освобождены!",0,ukraine_russian,0,0,0,0,0,0,0,3,,
440108,"У Києві від початку вторгнення російських військ загинули 228 людей, серед них – чотири дитини, повідомили у КМДА.",0,ukraine_ukrainian,0,0,0,0,0,0,0,3,,
647319,"❗️Киев дал указание нацбатальонам покидать Мариуполь под видом мирных жителей — Минобороны РФ

Подписаться",0,ukraine_russian,0,0,0,0.5,0,0.5,0,1,0.5,ukrainians
667540,"Минобороны России опровергает обвинения в массовых убийствах людей в Буче.

Заявляет, что опубликованные фотографии и видеоматериалы якобы являются «провокацией» и «постановкой».

Далее цитата: 

«Все российские подразделения полностью вышли из Бучи еще 30 марта. 31 марта, мэр города Буча Анатолий Федорук в своем видеообращении подтвердил, что в городе никого из российских военных нет, но не упоминал о каких-либо расстрелянных на улицах местных жителях со связанными руками. Все «свидетельства преступлений» в Буче появились только на четвёртый день, когда в город прибыли сотрудники СБУ и представители украинского телевидения. Все тела людей, изображения которых опубликованы по прошествии минимум четырех дней не окоченели, не имеют характерных трупных пятен, а в ранах несвернувшаяся кровь».

Напомним, украинские власти заявляют, что людей расстреливали российские войска. Human Rights Watch заявила, что имеет доказательства совершения российской армией военных преступлений в Буче.",0,ukraine_russian,0,0,0,0,0,0,0,3,,
47554,"❗️Премьер Великобритании Борис Джонсон заявил, что британский пакет экономических санкций в отношении России применят автоматически в случае ее вторжения на Украину

По его словам, перед применением этих мер не будет никаких обсуждений. Джонсон подчеркнул, что Лондон подготовил законодательные изменения, согласно которым Великобритания сможет вводить санкции в отношении и физических лиц, и против стратегических российских компаний.",0,russia,0,0,0,0,0,0,0,3,,
742695,"Комітет з питань цифрової трансформації інформує як посилити кіберзахист 💻підприємствам та установам.

❗Російські військові – не єдина загроза з боку росії. Повномасштабне вторгнення російських військ на територію України супроводжується агресією у кіберпросторі.

❗Ми маємо бути стійкими до зовнішніх викликів, продовжувати надавати послуги громадянам та забезпечувати функціонування бізнесу й економіки країни.
Боремо кібертерор разом! Разом переможемо!
Слава Україні! 💙💛
Дивитись детальніше:",2,ukraine_ukrainian,0,0,0,0,0,0,0,3,,
446983,"🇺🇦🇺🇦🇺🇦Друзья, когда пыль рассеится, когда враг Украины будет повержен мы восстановим нашу страну.

Они сплотили нашу нацию как никогда. Вместе мы выстоим

Не поддавайтесь на провокации фейков, они хотят посеять панику, но у них не получится

Весь мир видит, весь мир слышит

Слава Украине",2,ukraine_russian,0,0,0,0,0,0,0,3,,
261873,"Байден тоже обещает больше артиллерии для Украины

Президент Байден заявил, что США направят в Украину больше артиллерийских систем в связи с наступлением России на востоке страны.

С момента прихода к власти администрации Байдена США предоставили Украине 3,2 млрд долларов помощи в сфере безопасности, в том числе 2,6 млрд долларов с начала конфликта 24 февраля.

""Мы собираемся продолжать предоставлять Украине помощь в сфере безопасности, а также экономическую помощь и поддержку украинскому народу"", – заявила пресс-секретарь Белого дома Джен Псаки.

@bbcrussian",0,russia,0,0,0,0,0,0,0,3,,
800195,"❗️Українська ППО збила в небі над Волновахою ворожий штурмовик Су-25. 

За пілотом штурмовика прилетів Мі-8 окупантів, - його теж збили. Про це повідомив радник очільника МВС Антон Геращенко у Telegram.

“За пілотом збитого під Волновахою літака РФ прилетів на евакуацію вертоліт Мі-8 окупантів. Їх теж приземлили. Чекаємо ще”, - написав Геращенко.

Підписатись на Факти Україна 🇺🇦",0,ukraine_ukrainian,0.5,1,0,0,1,1,1,3,,
572674,"Русня обстреляла ТЦ «Lavina Mall» в Киеве. 

Просто у них больше нет нормальной одежды, так теперь решили наши магазины разрушить. Какие же уроды, просто нет слов. Мы-то все отстроим, а вот у них останутся только одни болота.",1,ukraine_russian,0,1,1,0,1,0,1,2,,
710866,"Будапештский меморандум. Выход из него.

Примитивный вывод, что предлагаемая альтернатива Будапештскому меморандуму — восстановление статуса ядерной державы.
Нет. Альтернатива Будапештскому меморандуму — система безопасности для неядерных государств.

Ребёнку очевидно, что в мире есть три класса безопасности: держав с ядерным оружием (1), государств, которые являются  военными союзниками ядерных держав (2) и остальных (3).

Я бы выделил из третьей группы подкласс государств, которые являются соседом, целью, потенциальной жертвой государств с ядерным оружием. Это мы. 

Это случай, когда государство обладающее ядерным оружием (т.е. неприкосновенностью, этим обеспеченной), Россия, упиваясь своей безнаказанностью, поглощает прилегающие нейтральные территории, не обладающие ""оружием возмездия"".

Если таким государствам как Украина заведомо закрыть путь в военные союзы, они становятся государствами-мишенями. Договор о нераспространении ядерного оружия вместе с заведомым отказом от принятия в военный союз с какой-либо ядерной державой делает государство класса 3  смертником. 

Наличие государств-мишеней в свою очередь дисбалансирует мир (в обоих смыслах этого слова).

ООН сегодня - не работающая система коллективной безопасности. Случай Украины показывает, что политические гарантии безопасности неядерных государств (типа Будапештского меморандума) тоже не работают.

Что же ""им"" (нам, Украине) теперь делать? Неужели атомную бомбу и ракеты?
 
Если ядерные государства считают, что нет, они должны построить новую, действенную систему безопасности для нейтральных государств вроде Украины.
А если такая конструкция не может быть создана, ядерные государства обязаны принять неядерные государства в свой военный союз. 
По-моему, речь об этом.

Поэтому мюнхенская речь  это не начало создания Украиной своего  ядерного оружия — это мальчик на улице, закричавший ""А король-то голый!"". 
Теперь королю решать, что делать с этим очевидным фактом. (с) Сергей Иванов-Малявин",2,ukraine_russian,0,0,1,0,0,0,0.5,3,,
203891,"⚡️Новак: ""По имеющимся у нас сведениям, [Украиной] готовится провокация относительно ГТС Украины, а конкретно против газоперекачивающих станций. Хочу заранее об этом предупредить, это крайне опасно, Россия в этом не заинтересована! Мы делаем все, что от нас зависит, чтобы не допустить этого"".",0,russia,0,0,0,0,0,0,0,3,,
274094,"Разговор между президентами Владимиром Путиным и Джо Байденом состоится по просьбе первого, США испытывают озабоченности из-за присутствия российских сил близ Украины, президенты могут обсудить и ядерную программу Ирана, сообщил Reuters со ссылкой на чиновника в администрации Байдена.",0,russia,0,0,0,0,0,0,0,3,,
242261,"Предельно тактично сформулирую. 

Одна Северная страна вполне могла иметь план немного поставить на место украинские элиты, выправить ситуацию по Донбассу и проч.

Для решения каких-то вопросов - вполне мог рассматриваться силовой вариант. Как ответ на провокацию. Как поддержка украинского внутриполитического конфликта. И т.д.

И Америка это знает. И знает, чем это закончится. (Поражением кыевских партнеров и побегом Арестовича и Гордона на одном дельтаплане в Польшу).

И они придумали отличный вариант: заранее на весь мир кричать: русские сейчас нападут.

Ну вот как после этого что-то делать? Когда такое палево.

Ответ, думается, такой. Если они поймут, что подобный вариант действенный - они теперь каждый раз так будут делать. Орать на весь мир. Сбивая нам планы.

Сейчас они уже уверены, что планы сорваны. 

А чего сорваны-то? Есть необходимость - всё равно надо делать.

В другой раз они, прежде чем орать, подумают: эти русские совсем невменяемые - они делают ровно то, про что мы орём.

Надо быть хуже, чем они думают. Мы уже были лучше, чем они думают, и никто этого не оценил.",2,russia,0,1,0,0,0,0.5,0.5,3,,
338548,❗️ЕС призывает Россию немедленно прекратить военную операцию против Украины – заявление,0,russia,0,0,0,0,0,0,0,3,,
535457,"Просто и доступно о бессмысленности тактического ядерного оружия в войне рашистов с Украиной от физика-ядерщика.

Смысл в ядерном шантаже путина есть – но только в его представлении шизофреника, живущего в вымышленном мире, где он думает, что может победить Украину использовав тактику США в войне с Японией, запугав или ударив ядерным оружием по городам.

Труха⚡️Днепр
Прислать новость 📸",0,ukraine_russian,0,1,1,1,1,0.5,1,3,,
105378,"✔️Американское руководство хочет увидеть, как Россия потерпит поражение в ходе своей специальной военной операции на Украине, заявил официальный представитель Пентагона Джон Кирби. Ему вторит и Глава евродипломатии Жозеп Боррель, который прямо заявил, что «эта война будет выиграна на поле боя», и объявил о дополнительной военной помощи на сумму € 500 миллионов. 
Володин посоветовал Боррелю покинуть пост, так как смысл его должности - дипломатические переговоры, а не разжигание войны.",0,russia,0,0,0,0,0,0,0,3,,
341824,"🇺🇦🇷🇺Российский спецназ никогда не забывает про санитарные правила, Бердянск, Запорожская область

Сотрудники одного из российских специальных подразделения зашли на телерадиостанцию Бердянска в Запорожской области. 

Видео: @ok_spn и @milinfolive

@anna_news",0,russia,0,0,0,0,0,0,0,3,,
727141,"Ворог забрав частину військ із Сумщини в рф, на Херсонщині лунають вибухи — ситуація в регіонах

📍Київщина
Вночі — повітряні тривоги по всій області. В Бучанському районі обстріли градами та ракетами Білогородської громади, Святепетрівське. Бої в Макарові, Ірпіні, Гостомелі. Активизуються ДРГ. Ворог намагається проводити ротацію. Славутич ізольований. В Броварському районі ніч пройшла тихо

📍Чернігівщина
Чернігів мужньо тримає оборону. Ситуація в місті залишається складною

📍Житомирщина, Кіровоградська область, Одеса
Повітряні тривоги вночі

📍Дніпропетровщина
Зранку — повітряна тривога. Загалом спокійно

📍Сумщина
Вночі окупанти відводили велику частину військ на територію росії. Був артобстріл передмістя Сум, інформація про постраждалих і руйнування уточнюється

📍Харківщина
Вночі продовжувалися обстріли Харкова окупантами зі зброї дальньої дії, чи є постраждалі, ще встановлюють рятувальники. По області тривають активні бойові дії в Ізюмському напрямку

📍Запорізька область
В напрямку Запоріжжя окупанти намагаються вести штурмові дії, не полишаючи спроб нанесення вогневого ураження окремим підрозділам ТрО та ЗСУ, успіху не мають. Натомість російська армія має значну кількість поранених

📍На Волині, Вінничині, Закарпатті, Львівщині, Рівненщині, в Хмельницькій області, Тернополі, Черкасах, Чернівцях, Івано-Франківську — ніч пройшла спокійно

📍Полтавщина
Ніч минула відносно спокійно. Вчора та зранку суботи — повітряні тривоги

📍Луганщина
Усі міста — українські, але усі під постійними обстрілами,  у Рубіжному та Попасній бої у середмістях

📍Донеччина
Інтенсивні обстріли Мар'їнської громади. Зруйновано понад 30 приватних будинків. Поранено троє, одна дитина загибла.
Обстріли Авдіївки також не вщухають.
Є багато руйнувань. Двоє поранених, серед них одна дитина. По Авдіївській промзоні окупанти застосували фосфорні боєприпаси. Станом на ранок інформації щодо постраждалих немає.
Маріуполь — у блокаді. Все місто окупанти не контролюють, лише окремі квартали. Місто бореться

📍Миколаївщина
Уночі на території усієї області оголошувалась повітряна тревога. Однак ніч була відносно спокійна

📍Херсонщина
На Херсонщині тривають гучні вибухи у районах, які знаходяться біля Миколаївщини та Дніпропетровщини",0,ukraine_ukrainian,0,0,1,0,1,0,0.5,3,,
60901,"‼️💥Мощный удар Армии России: уничтожен узел снабжения группировки ВСУ на Донбассе

Днепропетровский губернатор Валентин Резниченко сообщил о ракетном ударе российских войск по Павлограду.

По его данным железнодорожная станция Павлоград-2 уничтожена. Также разрушено железнодорожное полотно и рельсы. Сошли с рельсов 15 грузовых вагонов.  Движение через станцию остановлено на неопределенное время.

Павлоград - важный стратегический пункт. Через него идёт сообщение с украинскими войсками на Донбассе, которые стремится окружить армия РФ с Запада",0,russia,0,0,0,0,0,0,0,3,,
149070,"🗺💔🗺Последнее расхождение или загадочные котлы Северной Малороссии😶‍🌫️🇺🇦
Наконец, наступило время, когда даже сравнительно крупномасштабные русскоязычные и англоязычные карты спец. операции на Украине начали сходиться почти во всём, на всём протяжении фронта от Николаевщины по Житомирщину. 

Помнится один из наших читателей привёл удачный образ медвежьей пасти, залатывающей поросёнка. Осталось последнее заметное расхождение. Каково количество и величина котлов Северной Малороссии❓",1,russia,0.5,1,0,0,0.5,0.5,1,2,,
268483,"Европейский банк реконструкции и развития (ЕБРР)  обнародовал новый прогноз развития российской экономики с учетом военной операции на Украине и последовавших санкций.

Банк ожидает, что падение ВВП России в 2022 году составит 10%, а в следующем году он покажет нулевой рост.
 
Падение ВВП Украины, согласно прогнозам ЕБРР, в 2022 году может составить 20% вместо ожидавшегося роста на 3,5%. При этом в 2023 году ЕБРР ожидает значительный отскок экономки Украины - рост сразу на 23%.",0,russia,0,0,0,0,0,0,0,3,,
68936,"⚡️⚡️⚡️ Разведка Великобритании предупредила Офис Зеленского, что Лукашенко вступит в войну в ближайшие десять дней. Mi-6 уверены в том, что белорусские войска будут задействованы на втором этапе кампании, когда будет взят Мариуполь или окружён Киев российскими войсками.",0,russia,0,0,0,0,0,0,0,3,,
392036,"Россия и Украина провели обмен в формате 86 на 86 человек – омбудсмен Татьяна Москалькова

@truekpru",0,russia,0,0,0,0,0,0,0,3,,
600430,"⚡️ В Киеве ликвидировали группу информаторов российских спецслужб

Ими оказались местный житель, собиравший информацию о перемещении украинской военной техники, и работников городской больницы. Последний попал под влияние спецслужб России и агитировал персонал больницы помогать врагу. За это мужчине обещали руководящую должность в администрации.

Кроме этого, СБУ разоблачила два подпольных телецентра, на которых украинским военным и местным властям присылали деструктивные СМС.

👉🏻 ПОДПИСАТЬСЯ 
Присылайте контент в анонимный бот ➡️ @Obstanovka_kyiv_bot ⬅️",0,ukraine_russian,0,0.5,1,0,1,0.5,0.5,3,,
441739,"На другие страны мы нападать не планируем, мы и на Украину не нападали  — Лавров

Иди лечись, больной фашист",0,ukraine_russian,0,0.5,0.5,0.5,0,0.5,0.5,2,,
473430,"Поширте, будь ласка. Список ізраїльських психотерапевтів, які готові надати безкоштовну психологічну онлайн-допомогу мешканцям України та постраждалим від воєнного вторгнення:

Женя Пукшанская: +972-50-3062267 (вотсап, вайбер)
Ольга Шабанов: +972-52-6658977
Ирина Коре: +972-58-4449545 (вотсап, телеграм)
Юлия Захаров cbt: +972-54-6245885 (вотсап, вайбер)
Лина Глузман cbt: +972-52-3650485
Лена Червец (медпсихолог): +972-50-6842867 (вотсап, вайбер)
Инга Майк: +972-54-4528145 (вотсап)
Анна Зимбовски: +972-50-7181575 (вотсап, вайбер)
Регина Спектор: +972-53-7142607 (вотсап)
Таня Свешникова +972-58-6689786 (вотсап)
Галина Городецкая: +972-54-4322827 (вотсап, вайбер)
Сара Вайнштейн: +972-52-8705745 (вотсап, вайбер)
Анна (семейный психолог): +972-52-2904954
Ханна Валерия Гришко: +972-53-82726575
Мейра Сазонов (психолог): +972-55-2769489",0,ukraine_russian,0,0,0,0,0,0,0,3,,
379589,"⚡️⚡️ Нацполиция Украины опубликовало видео зачистки Бучи, куда они зашли за сутки до появления видео с погибшими на улицах.

Кадры зачистки Бучи спецназом нацполиции датированы вторым апрелем и размещены в соцсетях. Вероятно, одними из основных целей зачистки города являлись: выявление и ликвидация мирных жителей, сотрудничавших с российскими военными.

Обращает на себя внимание, что кроме сгоревших автомашин и рассказов местных жителей, ни одного тела на кадрах не видно.

@opersvodki",0,russia,0,0.5,1,1,0,0.5,0.5,3,,
719226,"У пам'ять про вбитих 52 громадян України на вокзалі в Краматорську Укрзалізниця 9 квітня залишає порожніми місця в декількох поїздах по всій країні. 

""Замість пасажирів, які могли б бути там, сьогодні на цих місцях поїдуть квіти.

Від Києва до Чернівців, Трускавця та Рахова, від Одеси до Львова, від Чернівців до Одеси та від Львова до Запоріжжя місця в поїздах під номером 52 будуть порожніми - несучи країною нашу тугу за безвинними жертвами російської агресії, за життями наших громадян, які були відібрані жорстоко та сплановано"", - повідомили в Укрзалізниці.

Світлої пам'яті загиблим🕯",2,ukraine_ukrainian,0,0,0,0,0,0,0,3,,
451402,"Центр протидії дезінформації при РНБО України нагадує: Україна воює з росією уже 8 років! 

Кожен, хто чує цю інформацію, одразу з нею погоджується, але попри це багато українців досі думають, що росія лише зараз напала на нас.

Це правда, яку має знати кожен! Оскільки саме окупанти переписують історію, а потім, спираючись на власні фейки, створюють нові, політикою визволення виправдуючи свої криваві дії!

Згадуючи історію, бачимо, що наш народ був найсильнішим тоді, коли всі були об'єднані! І зараз, як ніколи, це особливо актуально. 
Не ведіться на провокації окупантів, який активізував інформаційну війну і зараз особливо хоче нас розколоти. 

#stoprussia",2,ukraine_ukrainian,0,0,0.5,0.5,1,0,0.5,3,,
213448,"🤬 «Мою семью расстреляли у меня на глазах. Этому нет объяснения». Рассказ украинца Александра Чикмарева, который пытался вместе с женой и детьми эвакуироваться из Бучи

«Мы выехали из дома, напротив нас остановилась БМП. Сразу начался обстрел. Дети и жена погибли сразу же. Зачем надо было стрелять вообще? Они видели, что едет семья».

Тем временем Путин: «наши военные действуют благородно».",0,russia,0,0,0,0,0,0,0,3,,
94789,"Как украинцы бегут от войны, оставив дома родных — и как мечтают снова встретиться с ними. Репортаж Кристины Сафоновой из Польши

ДАННОЕ СООБЩЕНИЕ (МАТЕРИАЛ) СОЗДАНО И (ИЛИ) РАСПРОСТРАНЕНО ИНОСТРАННЫМ СРЕДСТВОМ МАССОВОЙ ИНФОРМАЦИИ, ВЫПОЛНЯЮЩИМ ФУНКЦИИ ИНОСТРАННОГО АГЕНТА, И (ИЛИ) РОССИЙСКИМ ЮРИДИЧЕСКИМ ЛИЦОМ, ВЫПОЛНЯЮЩИМ ФУНКЦИИ ИНОСТРАННОГО АГЕНТА

Спасаясь от войны, многие украинцы были вынуждены уехать из страны. Такого миграционного кризиса Европа не видела со времен Второй мировой: по данным ООН, число беженцев уже достигло двух с половиной миллионов человек. Большинство — 1,6 миллиона — приняла соседняя с Украиной Польша.

Польские власти сообщают, что ресурсов, чтобы принять больше беженцев, у них больше нет — но во въезде и помощи никому не отказывают. А поток украинцев не прекращается.

Спецкор «Медузы» Кристина Сафонова съездила в польские Краков и Пшемысль, расположенные недалеко от границы. Этот репортаж полон боли. И любви.

«Он просто ушел на работу, мы уезжали уже сами. Мы просто не представляли себе картину прощания». Так говорит о последней встрече с мужем Наталья.

https://mdza.io/asih2YtwuI4",0,russia,0,0,0,0,0,0,0,3,,
596089,"""Третий раунд переговоров РФ-Украина начнется в 17:00 (по Москве)"", – заявил член украинский делегации

Подписаться  |  Предложить новость",0,ukraine_russian,0,0,0,0,0,0,0,3,,
792471,"⚡️Новини війни. Арешт росією одного з ватажків ЛНР та двірник, призначений заступником псевдомера Бердянська.

▪️Український підрозділ ППО збив два ворожих БПЛА. У одній з областей військові збили дорогі безпілотники рф «Горизонт Ейр S-100» та «Орлан-10». 

▪️На Київщині двоє лісівників підірвалися на міні. Один загинув, іншого шпиталізували. Про це повідомив голова Держлісагентства Юрій Болоховець. 

▪️В Бердянську окупанти та колаборанти залучають до своїх лав місцевих фріків. Стало відомо, що так званий мер курортного міста Сауленко призначив своїм заступником Самойленка Микиту Івановича. До «призначення» працював двірником в КП «БердянськЕкоТранс». Наразі відомо, що Самойленко займається підготовкою пам'ятних місць міста до святкування дня перемоги 9 травня – прикрашає клумби та красить бордюри.

▪️Псевдореферендуми на окупованих територіях Запорізької та Херсонської областей мають на меті подальше проведення примусової ""мобілізації"". За даними ГУР Міноборони, ФСБ РФ планує використовувати ""мобілізованих"" українців у найгарячіших ділянках фронту для штурму позицій ЗСУ.

▪️ДСНС спільно з мобільними операторами Київстар, Vodafone, lifecell продовжує розгортання системи оповіщення із використанням технології Cell broadcast. Наразі проводиться тестування екстреного оповіщення населення за допомогою технології Cell broadcast. 

▪️З початку війни Росія втратила у 3,5 рази більше військові техніки, ніж Україна, — Oryx. Росія втратила 2998 одиниць техніки (1558 знищено, 46 пошкоджено, 244 кинуто, 1120 захоплено українською стороною).

Підписатись на Факти Україна 🇺🇦",0,ukraine_ukrainian,0,0,1,0,0,0,0,2,,
343298,"⚡️Путин: радикалы, захватившие власть на Украине, организовали террор, прошла серия безнаказанных убийств, зверски убиты люди в Одессе, но преступники не наказаны - мы знаем их поимённо и сделаем все, чтобы их покарать",1,russia,0.5,0.5,1,1,0,0,0.5,3,,
27374,Украинская делегация прибыла к месту переговоров с Россией в Гомельской области,0,russia,0,0,0,0,0,0,0,3,,
229625,Рэпер Face осудил происходящее на территории Украины и заявил об отъезде из России и отмене всех концертов в стране. Также он попросил прощения «у всего украинского народа».,0,russia,0,0,0,0,0,0,0,3,,
585957,"Звернувся до італійського народу, щоб пояснити просту різницю між Україною та Росією. Ми живемо. Вони – убивають.

Инсайдер UA  | Подписаться",1,ukraine_ukrainian,0,0,1,1,1,0,0.5,3,,
734412,"⚡️російські бойовики розстріляли колону волонтерів під Черніговом

П'ять автобусів потрапили під прицільний вогонь ворога, коли намагалися проїхати в оточене місто, щоб евакуювати людей. У автобусі перебували лише цивільні  волонтери. Внаслідок обстрілу одна людина загинула, чотирьох важко поранено. Одному з бусів вдалося вирватись на пробитих шинах. Водія поранено, його доправили до лікарні.

Джерело: Людмила Денисова, Уповноважений Верховної Ради України з прав людини",0,ukraine_ukrainian,0,0,1,0,1,0,0.5,3,,
392255,"Виктор Черномырдин: Мы будем уничтожать наше ядерное оружие вместе с Америкой

Дмитрий Медведев накануне припомнил слова, которые приписывают Виктору Черномырдину:

- В тот период, когда он был послом на Украине, его якобы спросили: ""Когда Украина вступит в ЕС?"". Он очень быстро ответил: ""Сразу после Турции"". ""А Турция когда?"", - уточнили у него. ""Турция? Никогда…""

Обозреватель KP.RU Александр Гамов вспомнил еще несколько крылатых - ныне ""злободневных"" - выражений премьера – что называется, ""по поводу"":

🔻""Нельзя думать и не надо даже думать о том, что настанет время, когда будет легче"";

🔻 ""Мы надеемся, что у нас не будет запоров на границе"";

🔻 ""Как кто-то сказал, аппетит приходит во время беды"".

Еще больше ""черномырдинок"" – здесь.

@truekpru",2,russia,0,0,0,0,0,0,0,3,,
740992,"❗️Харків повністю під контролем України.

Свіжа інформація від голови Харківської ОДА Олега Синєгубова:
– ЗСУ, Нацполіція, Тероборона зачищають місто від ворога.
– Ворог деморалізований. Кидають техніку, здаються у полон групами по 5-10 осіб.
– Над Чугуєвим - українські прапори.
– Агресор наступає у Липецькому, Вовчанському та Бєлгородському напрямках. 

Новини України | Підпишись",0,ukraine_ukrainian,0.5,1,1,0,1,1,1,3,,
98363,"Суд в Крыму приговорил гражданина Украины к 12 годам по обвинению в шпионаже

ДАННОЕ СООБЩЕНИЕ (МАТЕРИАЛ) СОЗДАНО И (ИЛИ) РАСПРОСТРАНЕНО ИНОСТРАННЫМ СРЕДСТВОМ МАССОВОЙ ИНФОРМАЦИИ, ВЫПОЛНЯЮЩИМ ФУНКЦИИ ИНОСТРАННОГО АГЕНТА, И (ИЛИ) РОССИЙСКИМ ЮРИДИЧЕСКИМ ЛИЦОМ, ВЫПОЛНЯЮЩИМ ФУНКЦИИ ИНОСТРАННОГО АГЕНТА

Гражданин Украины Константин Ширинг приговорен к 12 годам лишения свободы с отбыванием наказания в колонии строгого режима по обвинению в шпионаже.

Константин Ширинг был задержан в Крыму в марте 2020 года. По версии следствия, он вместе с сожительницей, российской военнослужащей из Феодосии, входил в действующую на полуострове группу, курируемую главным управлением разведки Минобороны (ГУР МО) Украины. 

https://mdza.io/wQc3kpc2lBU",0,russia,0,0,0,0,0,0,0,3,,
549467,"⚡️Наступление на Харьков - это информационно-психологическая операция, создана для того, чтоб войска из-под Харькова не перебрасывались под Изюм. Об этом сообщил Арестович

Русский Корабль Иди … | Подписаться",0,ukraine_russian,0,1,0,0,0,0,0.5,3,,
182139,"🇷🇺🇺🇦 Российские военнослужащие оказали медицинскую помощь местным жителям Киевской области, пострадавшим после обстрелов подразделениями ВСУ 
 
▫В развернутый полевой госпиталь были оперативно доставлены два ребенка с осколочными ранениями. Военные врачи остановили кровотечение, извлекли осколки и обработали раны. 
 
▫️В настоящий момент жизни и здоровью детей ничего не угрожает.  
 
#Минобороны #Россия #Украина @mod_russia",0,russia,0,0,1,1,0,0,0.5,3,,
157554,"Володин заявил, что Зеленский сбежал из Киева во Львов.
Смелое заявление, которое начинающий военный блогер Владимир З. из Киева либо подтвердит, либо опровергнет. Подождем.",0,russia,0,0.5,0,0,0,0.5,0.5,2,0.5,Volodymir Zelenskyy
817114,"⚡️ Радник голови Офісу президента Михайло Подоляк: 

За підсумками переговорів української та російської делегацій, сторони їдуть до своїх столиць для консультацій.",0,ukraine_ukrainian,0,0,0,0,0,0,0,3,,
341966,"Еще все-таки не удержусь от игры в диванного генерала. То, что русские окружают группировку ВСУ в Донбассе, это ясно как день, это просто очевидно. Но удивительно то, как упорно ""службовцы"" пытаются остаться внутри этой нашей столь же разумной, сколь и очевидной задумки. Я могу ошибаться, но пока это выглядит как косплей РККА 41, причем не настоящей, а из перестроечной публицистики.",1,russia,0,0.5,0,0,0,0,0,2,,
489908,"В Изюме из-за российских обстрелов уничтожено около 80% жилой застройки, - заммэра Владимир Мацокин

По подсчетам городских властей, в Изюме и селах под городом заблокированы и нуждаются в гуманитарной помощи от 15 до 20 тысяч человек.",0,ukraine_russian,0,0,0,0,0,0,0,3,,
51797,Президент Сербии предлагает провести переговоры России и Украины в Белграде.,0,russia,0,0,0,0,0,0,0,3,,
424959,"⚡️Туреччина співпрацюватиме як з РФ, так і з Україною. Санкцій проти Москви не буде, - Ердоган

ЗРАДА",0,ukraine_ukrainian,0,0,0.5,0,0,0,0,2,,
454185,"❗️❗️Нова Каховка на Херсонщині повністю під контролем російських військ, вони захопили місьвиконком, зняли всі українські прапори з будівель — міський голова Володимир Коваленко",0,ukraine_ukrainian,0,0,0,0,0,0,0,3,,
165077,❗️НАТО не является участником конфликта на Украине и не ищет войны с Россией — Столтенберг,0,russia,0,0,0,0,0,0,0,3,,
665095,"В ""Укрзализныце"" заявили, что четыре их работника сотрудничали с российскими военными и передавали им информацию.

Об этом сообщил глава правления компании Александр Камышин. 

Один из сотрудников - руководитель структурного подразделения Донецкой железной дороги, который, как заявляет УЗ, был завербован россиянами. По их заданию он собирал данные о перемещении техники ВСУ и дислокации украинских блокпостов. Его задержала СБУ.

Также был задержан сотрудник центрального офиса компании. 

«Он рассылал на мессенджеры работников предприятия российскую агитацию. Кроме того, во время временной оккупации Ирпеня, Бучи и Ворзеля мужчина помогал захватчикам сориентироваться на местности для обустройства позиций», - сообщает УЗ.",0,ukraine_russian,0,0,0,0,0,0,0,3,,
179258,"Многие сегодня обсуждают падение российского рынка и подорожание доллара, связывая все это с обстановкой вокруг Украины. Безусловно, это основная причина, но вот те выводы, что делают многие эксперты, в корне неправильные. Если такое падение связано с «плохим» поведением  России и желанием её наказать, то значит мы живем с приставленным к виску пистолетом. 

Те, кто истерично заявляет о необходимости следования «международным нормам и правилам», иначе проблемы в экономике неминуемы, просто призывают нас не убирать этот пистолет от виска. Прошу учесть, что человек приставивший к вашей голове пистолет, безусловно в следующий раз захочет большего. И чем старательнее вы будете исполнять его приказания, тем более изощрёнными будут последующие «просьбы».",2,russia,0,0,0,0,0,0,0,3,,
465919,"Human Rights Watch, правозахисна організація, опублікувала звіт про військові злочини росіян на тимчасово окупованих територіях України. У ньому - свідчення ґвалтованих росіянами жінок, факти про вбивства дітей, тортури ти страти цивільних.",0,ukraine_ukrainian,0,0,0,0,0,0,0,3,,
541412,"«За Киев, Сумы, Чернигов и Харьков можно вообще не волноваться, а вот за зону ООС – надо, поскольку оккупанты сосредоточили там основные силы», – заявил Арестович.

Труха⚡️Днепр
Прислать новость 📸",0,ukraine_russian,0,0,0,0,0,0,0,3,,
314910,"«Мадам Венедиктова, у меня просьба к Вам как к генеральному прокурору Украины: подскажите Ваш адресок в Киеве, куда я смогу подъехать», — ответил Рогозин

@infomoscow24",0,russia,0,0.5,0,0,0,0,0,2,,
743022,"🇺🇦 Акція на підтримку українських біженців під назвою Stand Up for Ukraine зібрала 10,1 мільярда євро.

🙌 Кампанія Stand Up for Ukraine зібрала 9,1 мільярда євро для людей, які рятуються від бомб, як в України, так і за її межами, при цьому додатковий мільярд пообіцяв ЄБРР (Європейський банк реконструкції та розвитку).

💙💛 Захід Stand Up for Ukraine, організований Євросоюзом та прем’єрміністром Канади Джастіном Трюдо, мав на меті зібрати гроші для внутрішньо переміщених осіб та біженців з України. До кампанії на підтримку України приєдналися відомі митці, зокрема Елтон Джон, Мадонна, Опра Уінфрі, Аланіс Моріссетт, Біллі Айліш, Кріс Рока та інші зірки.

Докладніше про захід на нашій сторінці в Instagram (не забудьте підписатися!)",2,ukraine_ukrainian,0,0,0,0,0,0,0,3,,
714221,"Редакції «Наші гроші. Львів» стало відомо, що 10-11 березня російські загарбники отримають підкріплення. На територію України зайде щонайменше дві батальйонно-тактичні групи 7-ої військової бази РФ, яка дислокується в Абхазії. 

Журналістка долучилася до одного із закритих чатів у соціальній мережі ВКонтакті для спілкування з російськими військовими-контрактниками. 

Один з учасників чату – Олексій Павлов з міста Сочі, 22 вересня 1992 року народження. Він веде сторінку у ВКонтакті. 

Деталі читайте в статті.",0,ukraine_ukrainian,0,0,0,0,0,0,0,3,,
560798,"Центр Баштанки. Ніхто у найближчому радіусі не вижив, залишився тільки песик. Він злякався обстрілів, але не втік, а тепер буде нести службу.

Кожний захищатиме Україну. У ворога просто немає шансів!

Все буде Україна 🇺🇦

Підписатися на 24 канал",2,ukraine_ukrainian,0,0,1,0,1,0,0.5,3,,
404014,"Россияне в Мелитополе украли из «Укрпочты» 3 млн. грн, предназначенных для выплаты пенсий.

Об этом рассказал генеральный директор «Укрпочты» Игорь Смелянский. 

Пока украинская сторона ведет переговоры с россиянами, чтобы вернуть эти деньги, которые предназначались для выплаты пенсий, социальных выплат и зарплат.

«Такая неприятная миссия, но она есть: ведем переговоры с оккупантами, чтобы вернуть эти средства. В прошлом месяце мы выплатили 95% пенсий в Мелитополе, и будет делать все, чтобы и в этом месяце было так же», – сказал Смелянский.

ТРУХА⚡️Украина | Прислать новость",0,ukraine_russian,0,0,0,0,0,0,0,3,,
431725,"❗️В сторону Харькова из России летят вертолеты, вероятно, враг будет высаживать десант - военный журналист Цаплиенко

Реальная Война",0,ukraine_russian,0,0,1,0,1,0,0.5,3,,
350137,"Песков: переговоры между Россией и Украиной идут непросто, но главное, чтобы они продолжались, главное, чтобы путем переговоров военные действия на Украине прекратились, и неважно, на какой площадке они будут идти",0,russia,0,0,0,0,0,0,0,3,,
829356,"Харківська ОДА. Все поруйноване.

Кончені рашисти. Ви будете за це відповідати!!!",0,ukraine_ukrainian,0,1,1,1,1,0,1,3,,
127141,"Военкор Александр Сладков @Sladkov_plus 
 
ДОНБАСС. ШТУРМОВЫЕ ГРУППЫ ДНР И РОССИИ ВЫДАВЛИВАЮТ БОЕВИКОВ «АЗОВА» И ВСУ НА ТЕРРИТОРИИ МЕТАЛЛУРГИЧЕСКОГО КОМБИНАТА ИМ. ИЛЬИЧА И «АЗОВСТАЛИ». 
 
Сколько человек там обороняется? Кто говорит, там 14 тыс. боевиков, кто — 4 тыс. По-разному считают и солдат территориальной обороны Мариуполя. Кто говорит, что, например, на «Азовстали» 800 работяг записались в полк «Азов». Кто-то говорит, все рабочие записались, а их 10 тыс. 
 
Тяжёлая техника и артиллерия у противника остались, но боеприпасы берегут. Они уже не ведут с нами контрбатарейную борьбу: нет возможности. Зато по ним теперь лупят, как на полигоне, — много и непрерывно. 
 
Сдадутся? Нет. Придётся на заводах с боями брать каждый цех, каждую водокачку. Но теперь с их стороны бои ведут люди, с нашей — гаубицы и танки, это нас устраивает. 
 
Наши военные верны словам Суворова: «Сейчас бить надо, считать потом будем». 
 
@rt_russian",2,russia,0.5,0.5,1,0,1,0.5,1,2,,
657425,"🔹Российская армия пошла в наступление в трёх областях — Минобороны Украины

Подробнее читайте на нашем сайте👆🏻

Подписаться / Прислать новость",0,ukraine_russian,0,0,0,0,0,0,0,3,,
546371,"Ведущий аналитик США в сфере кибервойн Jeffrey Carr, высоко оценил работу Кибервойск Украины, бойцы которых устроили перманентный кибернетический террор центральным вычислительным системам  и сетевым хранилищам РФ. 

Статьи Джефри по нашим материалам: 

http://surl.li/blpey 
http://surl.li/blpfp  

🇺🇦🇺🇸 United we stand Devided We Fall!!!",0,ukraine_russian,0,0,0,0,0,0,0,3,,
232185,Страны G7 призвали Россию к выводу войск с территории Украины.,0,russia,0,0,0,0,0,0,0,3,,
592253,"#Инсайд 
Наш источник в ОП рассказал, что Зеленский уверен в том, что Запад вынужден будет принять нас в ЕС. Нам удалось продавить самые жёсткие санкции против России и сейчас мы можем влиять на общественное мнение на Западе.",2,ukraine_russian,0,0,0,0,0,0,0,3,,
489697,"💪 В селе на юге Харьковской области наши защитники 93-й отдельной механизированной бригады ""Холодный Яр"" уничтожили множество вражеской техники 

«Обычно мы публикуем немного фотографий в одном сообщении, но сейчас хотим показать масштабы потерь оккупантов. Это ведь результаты нашей работы только в одном небольшом населенном пункте», – сообщают военные.",1,ukraine_russian,0,0.5,1,0,0,0,0.5,3,,
638956,"🕊 Переговоры

Подоляк: предлагая переговоры на территории Белоруссии Путин унижает её.

Песков: Гомель был предложен украинской стороной.",0,ukraine_russian,0,0,0,0,0,0,0,3,,
190880,"Зеленский заявил, что не сильно верит в результат встречи с Россией в Белоруссии, но ""пусть попробуют"", это ""хоть и маленький, но шанс""",0,russia,0,0,0,0,0,0,0,3,,
262489,"Что известно о потерях российских военных в Украине?

В интервью Sky News Дмитрий Песков признал, что потери России в ходе ""спецоперации"" в Украине оказались значительными, хотя и не привел каких-либо цифр.

В России каждый день хоронят военнослужащих, погибших в Украине. По подсчетам Би-би-си, 20% погибших, о которых сообщают российские регионы, – это офицеры.

217 из 1083 установленных по именам погибших – это офицеры в званиях от младшего лейтенанта до генерала. Это 20% от числа всех военнослужащих в списке подтвержденных потерь российской армии, который Би-би-си ведет с начала войны.

Сейчас в списках потерь – 10 полковников (включая одного капитана первого ранга), 20 подполковников, 31 майор и 155 младших офицеров (рангом от младшего лейтенанта до капитана).

Украина утверждает, что за время войны были убиты уже семь российских генералов, называя их поименно, но Россия подтвердила только смерть генерал-майора Андрея Суховецкого.

При изучении списка подтвержденных в России потерь заметна еще одна тенденция: около 15% всех установленных погибших служили в воздушно-десантных войсках.

Поступают сведения о погибших и в других элитных подразделениях России. В списке потерь, которые нам удалось подтвердить, 15 представителей спецназа ГРУ (включая пятерых офицеров) и 10 представителей спецназа Росгвардии.

Среди погибших – по меньшей мере три обладателя ""краповых беретов"" (Руслан Галямов и Олег Кириллов из Татарстана, Вячеслав Актяшев из Пермского края) - это элита спецназа России.

Гробы с российскими военными, погибшими в Украине, теперь приходят не только в регионы России, но и в страны бывшего СССР. Подробности этого расследования Би-би-си можно прочитать здесь.

Последний раз минобороны России отчиталось о потерях 25 марта, сообщив о гибели 1351 военнослужащего. Вооруженные силы Украины называют куда большую цифру - 18,3 тысячи человек. Иностранные разведки и военные эксперты соглашаются, что называемые Россией цифры потерь занижены во много раз.

—
Ольга Ившина, корреспондент Би-би-си",0,russia,0,0,0,0,0,0,0,3,,
466646,"⚡️З початку війни СБУ ліквідувала 5 ворожих ботоферм потужністю понад 100 тис. фейкових акаунтів

Вони діяли на території Харкова, Черкас, Тернополя, Полтави і Закарпаття.

▪️Фейкові акаунти були створені у різних соцмережах, включно з тими, які наразі є забороненими в Україні. 

▪️Через цю «армію ботів» поширювали фейки про війну рф в Україні, відбувалося масоване нав’язування та виправдання російської агресії та ідеології.    

▪️Таким чином ворог намагався інспірувати панічні настрої серед українських громадян і дестабілізувати суспільно-політичну ситуацію в різних регіонах.",0,ukraine_ukrainian,0,0,1,0,1,0,0.5,3,,
583218,"Появилось видео с камер наблюдения в Ирпене Киевской области, где орки обносили квартиры

Инсайдер UA  | Подписаться",0,ukraine_russian,1,1,1,1,0,1,1,3,,
576040,"🔥Арестович заявив, що українська делегація на перемовинах наполягає на виведенні усіх російських військ з території України. З ДОНБАСУ І КРИМУ також!",0,ukraine_ukrainian,0,0,0,0,0,0,0,3,,
247301,"Привет! Это Катя Котрикадзе. Этот выпуск программы «Котрикадзе иностранных дел» — экстренный. Мы вышли в спецэфир, поскольку записывать и монтировать программу заранее было совершенно невозможно. Слишком много событий и слишком напряженная обстановка

ДАННОЕ СООБЩЕНИЕ (МАТЕРИАЛ) СОЗДАНО И (ИЛИ) РАСПРОСТРАНЕНО ИНОСТРАННЫМ СРЕДСТВОМ МАССОВОЙ ИНФОРМАЦИИ, ВЫПОЛНЯЮЩИМ ФУНКЦИИ ИНОСТРАННОГО АГЕНТА, И (ИЛИ) РОССИЙСКИМ ЮРИДИЧЕСКИМ ЛИЦОМ, ВЫПОЛНЯЮЩИМ ФУНКЦИИ ИНОСТРАННОГО АГЕНТА

Что вы найдете по ссылке:

📌Мою колонку с анализом последних событий и прогноз о том, что будет происходить вокруг Украины.

📌Интервью с политологом Владимиром Пастуховым, который, на мой взгляд, является одним из самых компетентных, глубоких и интересных аналитиков по России на сегодняшний день.

📌Интервью с Павлом Фельгенгауэром, военным экспертом, чьи прогнозы часто сбываются (к сожалению)

📌Сюжет моего коллеги Эдуарда Бурмистрова о путинском длинном столе и переговорах, которые за этим столом велись в течение февраля.

Это далеко не всё. Посмотрите выпуск, он получился!",0,russia,0,0,0,0,0,0,0,3,,
422384,"❗️⚡️❗️Тринадцятий день війни. Українські військові продовжують нищити ворога. Колони російської техніки палають від Чернігова до Миколаєва, а їхня авіація перетворюється на брухт, подекуди навіть не встигаючи злетіти. 

Однак це не означає, що ми маємо право розслабитись та відпочивати, покладаючи всі турботи на плечі наших захисників. Війна – це тяжка робота, яка потребує максимального внеску від кожного з нас.

Мешканці півдня! Сьогодні саме від вас залежить, на яких полях за рік зійде найщедріший врожай. Допомагайте удобрювати лани Миколаївщини, Запоріжжя та Херсонщини тілами окупантів, збирайте та передавайте інформацію про місця зупинки, розташування та ночівлі підрозділів росіян, маршрути їхніх колон забезпечення, фіксуйте координати та надсилайте на @npc_ii

❗️Особливе значення має інформація про переміщення російських систем ППО, бронетехніки, авіації та колон з паливом.

УВАГА! 
Утримйтесь від фотографування та відеозйомки з вікон будиників і квартир, особливо якщо це становить для вас загрозу. Будь-які підтвердження про місця перебування ворога зараз є корисними, як ніколи. Також велике прохання максимально поширити цей пост. 

5 березня завдки відданим громадянам, які скорегували вогонь по російській колоні, українські Збройні сили зупинили просування ворога на Сумщині та знищили диверсійно-розвідувальну групу окупантів на західних кордонах Києва. Так тримати!

Разом — переможемо 💪",2,ukraine_ukrainian,1,1,1,0,1,1,1,3,,
615130,"Зеленский заявил, что инициировал разговор с Путиным, но не получил ответ

Главные тезисы:
▪️ ""Сегодня я инициировал телефонный разговор с президентом Российской Федерации. Результат — тишина. Хотя тишина должна быть на Донбассе""
▪️ ""Разве может поддерживать нацизм народ, который за победу над нацизмом отдал 8 миллионов жизней?""
▪️ ""Нам не нужна война, ни холодная, ни горячая, ни гибридная. Но мы будем защищаться. Наступая, вы будете видеть наши лица, а не спины""
▪️ ""С вами [гражданами России] нас разделяет более двух тысяч километров общей границы. Вдоль нее сегодня стоят ваши войска, почти 200 тысяч солдат, тысячи боевых машин. Ваше руководство одобрило их шаг вперед, на территорию другой страны. И этот шаг может стать началом большой войны на европейском континенте. О том, что может произойти со дня на день, говорит сегодня весь мир""

👉🏻Новости Одесса | Предложить новость | Стикеры",2,ukraine_russian,0,0,0,0,0,0,0,3,,
320579,"⚡️ Третий раунд российско-украинских переговоров может пройти уже завтра или послезавтра, заявил представитель украинской делегации",0,russia,0,0,0,0,0,0,0,3,,
634174,"Хроника событий на Украине на 11:00 7 апреля в обзоре Егора Леева

🌀Украинские военнопленные прокомментировали видео с пытками и убийствами российских военнопленных.

🌀В «Азове» рассказали о свадьбах боевиков полка в Мариуполе и 

🌀подожгли корабль управления «Донбасс».

🌀Украина продолжает нести потери.",0,ukraine_russian,0,0,0,1,0,0.5,0.5,3,,
409272,"За час оборони Києва вдалося звільнити понад 30 населених пунктів на Київщині, які були тимчасово окуповані ворогом, — Володимир Зеленський",0,ukraine_ukrainian,0,0,1,0,1,0,0.5,3,,
536200,"Двух бойцов 93 бригады ""Холодный Яр"" наградили званием Героя Украины посмертно. Ценой своей жизни эти ребята дали возможность подразделениям продвинуться дальше

За героизм, преданность военной присяге, спасение жизней и здоровья людей, указом Президента Украины №237/2022 звания Герой Украины были удостоены холодоярцы Александр Гарбуз и Юлиан Ступак. Они прикрывали своих собратьев, не давая врагу вести наступательные действия. Бойцы до последнего вздоха защищали нашу независимость.

Юлиан Ступак – лейтенант, выпускник Львовской академии Сухопутных войск имени гетмана Петра Сагайдачного в 2021 году. Героически погиб, защищая Родину от российских оккупантов в Харьковской области.

Александр Гарбуз – солдат. Героически защищал нашу Родину в Харьковской области. Во время выполнения боевого задания попал в плен и был замучен русскими извергами.

Труха⚡️Днепр
Прислать новость 📸",1,ukraine_russian,0,0,1,1,1,0,0.5,3,,
580158,"#Слухи
Есть информация, что в ОП принято решение, «топить» правительства тех стран, которые отказались вводить санкции против России.
Это Грузия, Молдова, Сербия и Венгрия. Также критиковать будут Индию и Китай, но пока не спешат «накидываться» на Поднебесную, так как боятся «ответки».
В первую очередь критике будут подаваться те страны, у которых общая граница с РФ, но они не ввели санкции. 
Кстати, про Латвию и её решение покупать русский газ за рубли, в нашем Офисе Президента пытаются всячески замалчивать. Причина банальная, Латвийцы кулуарно намекнули нашим функционерам, что сначала пусть они остановят прокачку русского газа через Украину, а потом уже требуют от других стран честного подхода, а то кругом двойные стандарты.",2,ukraine_russian,0,0,0,0,0,0,0,3,,
61232,"Очередная дичь от фейкомета Арестовича про смерть очередного российского генерала.

Ответственно заявляем:
а) Генерала Мордвичева на КП в Чернобаевке под Херсоном во время обстрела не было, потому что там не было никакого КП )
б) Генерал Мордвичев жив, здоров и выполняет боевые задачи
в) А на фото вообще не Мордвичев, а генерал Авдеев 😂😂😂",0,russia,0,0.5,0.5,0,0,0.5,0.5,3,,
464230,"❗️Ось повний список українських артистів, журналістів та працівників культури, яким заборонили в’їзд до росії аж на 50 років. 

Навіть не знаємо, як вони це переживуть…😂",0,ukraine_ukrainian,0,0,0,0,0,0,0,3,,
539965,"Главное сегодня днём:

– ВСУ взяли в кольцо Ирпень, Бучу и Гостомель в Киевской области. Об этом сообщил Бучанский горсовет

– В результате ночного обстрела Николаева погибли два человека

– Вновь обстрелян Киев. По предварительным данным, пострадали четыре человека. Повреждены дома и торговый центр

– В Чернигове оккупанты разбомбили автомобильный мост через Десну

– Генштаб ВСУ подтвердил, что в Беларуси оппоненты вторжения частично вывели из строя железнодорожное сообщение с Украиной

– С начала вторжения РФ украинские военные сбили уже более сотни российских самолетов. В целом РФ потеряла около 15600 оккупантов. Только в районе Изюма Харьковской области в ходе последних боев ликвидировано 400 российских военных

Труха⚡️Днепр
Прислать новость 📸",0,ukraine_russian,0,1,0,0,0,1,0.5,3,,
687560,"Українські війська щодня відтісняють окупантів з нашої землі. Але після них залишаються небезпечні «сюрпризи»: заміновані предмети та купи покинутої військової техніки.

Тому ми оновили функціонал нашого чат-бота і закликаємо жителів звільнених територій надсилати нам інформацію про: 

🔹 Виявлені вибухові пристрої для їх знешкодження

🔹 Техніку, котру залишили окупанти

Для цього потрібно:

➡️ Перейти у меню чат-бота @stop_russian_war_bot і натиснути кнопку «Створити нове повідомлення»

➡️ Обрати відповідний пункт у діалоговому вікні

➡️ Виконати подальші інструкції бота

Як і раніше, чат-бот також приймає повідомлення про позиції ворога для їхнього знищення!

❗Нагадуємо: перед відправкою інформації переконайтесь, що Ви у надійному місці та не перебуваєте у полі зору окупаційних військ.

Захищаємо Україну разом!

#СБУ
#stoprussia",2,ukraine_ukrainian,0,1,1,0,1,0,0.5,2,,
241960,"США ни при каком сценарии не направят войска на Украину воевать с Россией, заявили в Белом доме.

Шо, сынку, помогли тебе твои ляхи?",0,russia,0,1,0,0,0,0,0.5,3,,
809133,"✈️ Російський Іл-76ТД над Польщею. Судячи зі всього, забирають своїх дипломатів. 

Львівич | Підписатися",0,ukraine_ukrainian,0,0,0,0,0,0,0,3,,
294187,"Россия не будет участвовать в спецзаседании в ОБСЕ по запросу Украины, заявил глава делегации РФ Гаврилов.",0,russia,0,0,0,0,0,0,0,3,,
575904,"Так выглядит обладминистрация Харькова после удара по центральной площади.

Русские мрази, вы за все ответите! За Харьков – в особенности! Вас ненавидит весь мир!",0,ukraine_russian,0,1,1,0,1,0,0.5,2,,
310636,"🇺🇸 Fox News: В руководстве МВФ публично выразили обеспокоенность законности расходов финансовых средств правительством Украины. Там полагают, что в период активных боевых действий и отсутствия должного контроля со стороны кредиторов коррупционная составляющая возросла в разы

‼️ А в случае перехода Киева под контроль РФ или переезда всех министерств правительства Украины во Львов или даже, например, в Польшу вероятность ""утери"" отчетных документов о расходах будет невероятно велика и списана на войну.  И не будет ни виноватых, ни денег. МВФ задумался о целесообразности перечисления новых траншей в адрес Украины

Это очень смешно. 😂 Укры уже поверили, что им не только спишут долги, но еще и отдадут российские деньги. В действительности же, усилят контроль над теми, что уже выделили",0,russia,0,1,0,0,1,0.5,0.5,3,,
496235,"⚡️Жертву ДТП с кортежем Ярославского переехали дважды.

Сообщается, что видеокамеры на трассе ""Киев-Харьков-Довжанский"" зафиксировали проезд двух автомобилей ""Mercedes Benz 63 AMG"" с подобными номерами - ""АХ0018ХО"" и ""АХ0018МС"" - до и после ДТП. И первая, и вторая машина из кортежа.

Источники «Украинской Правды» утверждают, что Ярославский был на месте происшествия. В то же время, находился ли он за рулем - покажут экспертизы, назначенные правоохранителями. Также есть информация, что мужчина, утром сдавшийся полиции, на самом деле во время совершения ДТП был совсем в другом месте.

Кроме этого, журналист УП Михаил Ткач указывает, что его собеседник вечером 9 февраля общался с Ярославским по телефону за несколько часов до ДТП и тот был в нетрезвом состоянии.

Мерч ХХ | ХХ в Facebook",0,ukraine_russian,0,0,0,0,0,0,0,3,,
464901,"Загинули півторамісячна дитина та 12-річний підліток у Харкові. Виявлено обгорілі тіла дітей на Київщині, в смт. Бородянка та с. Королівка.

Станом на ранок 13 квітня 2022 року 191 дитина загинула та більше 349 отримали поранення різного ступеню тяжкості внаслідок агресії рф.

Найбільше постраждало дітей у Донецькій області - 113, Київській - 102, Харківській - 79, Чернігівській - 54, Миколаївській - 40, Херсонській - 38, Луганській - 36, Запорізькій - 23, столиці - 16, Сумській - 16, Житомирській - 15.

Під час фіксації кримінальних правопорушень, скоєних окупантами на території смт. Бородянка та с. Королівка Київської області, виявлено обгорілі тіла дівчини 16 років та 10-річного хлопчика.
 
11 квітня збройними силами рф здійснено  обстріл цивільної інфраструктури м. Харкова. Загинули півторамісячна дитина та 12-річний підліток. Ще 4 дітей віком 1, 4, 5 та 9 років отримали поранення.  
 
11  квітня в Херсонській області внаслідок влучення снаряду в житловий будинок 15-річна дівчинка отримала тяжкі поранення.

Через масовані бомбардування та обстріли збройними силами рф українських міст та сіл пошкоджено 957 закладів освіти, з них 88 зруйновано повністю.",0,ukraine_ukrainian,0,0,0,0,0,0,0,3,,
590574,"""Мы все равно всех победим"": Зеленский и Джонсон провели брифинг после переговоров

Собрали для вас главные заявления. 
Зеленский:
▪️война никому не нужна, мы никого не приглашаем к нам с оружием;
▪️в случае новой атаки России, это будет война не только в Украине;
▪️выразил надежду, что словом года-2022 по версии Оксфордского словаря станет ""мир"";
▪️Великобритания выделяет около 2 млрд фунт. стерлингов на совместные с Украиной проекты в инфраструктуре и энергетике;
▪️не помнит, кто подписал Минские соглашения, но знает, кто их должен выполнять, и чувствует свою ответственность;
▪️Украина параллельно с нормандским форматом ведёт переговоры о трёх- и двустороннем форматах переговоров с Россией.

Джонсон:
▪️заявил о готовности работать над возвращением Крыма в рамках ""Крымской платформы"";
▪️потенциальное вторжение России было бы поражением для Путина, санкции подготовлены и будут введены в первый же день в случае вторжения.

©️Инсайдер UA",1,ukraine_russian,0,0,0,0,0,0,0,3,,
174080,"Минобороны о ситуации в Буче:

Хотим особо отметить, что все российские подразделения полностью вышли из Бучи еще 30 марта, на следующий день после очного раунда переговоров России и Украины в Турции.

Более того, 31 марта, мэр города Буча Анатолий Федорук в своем видеообращении подтвердил, что в городе никого из российских военных нет, но даже не упоминал о каких-либо расстрелянных на улицах местных жителях со связанными руками.

Поэтому неудивительно, что все так называемые «свидетельства преступлений» в Буче появились только на четвёртый день, когда в город прибыли сотрудники СБУ и представители украинского телевидения.

Особую озабоченность вызывает то, что все тела людей, изображения которых опубликованы киевским режимом, по прошествии минимум четырех дней не окоченели, не имеют характерных трупных пятен, а в ранах несвернувшаяся кровь.

Всё это неопровержимо подтверждает, что фотографии и видеокадры из Бучи — очередная постановка киевского режима для западных СМИ, как было в Мариуполе с роддомом, а также в других городах».

@sashakots",0,russia,0,0,0.5,0.5,0,0.5,0.5,2,,
47204,⚡️Украина сосредоточила 100-125 тысяч военных на юго-востоке страны — Путин,0,russia,0,0,0,0,0,0,0,3,,
710207,"Коли ми переможемо, треба обов'язково зняти комедію про цю війну.
Так, саме комедію. Повний метр, який побачить увесь світ.
І про бандераавтомобіль, якому позаздрив би Бетмен.
І про гопніків, які захопили голіруч ворожий БТР.
І про циган, які вкрали танк у росіян. 
І про бомжів, які збирали пляшки для коктейлів молотова.
І про бабуль, які шукали ворожі мітки і заодно замалювали по мікрорайону всі контакти закладчиків.
І про обісраних російських військових, яких гостинно прийняла добра українська бабця чаєм з пургеном, а тоді спалила одного прямо в уборній.
І про простого українського дядька, який голіруч з цигаркою в зубах переніс міну з дороги в лісопосадку.
І про те, як рашисти злякалися пам'ятника афганцям і обстріляли його.
І про те, як дівчина якомусь любителю слати дікпіки в месенджер дала номер рахунку для допомоги ЗСУ, а той переказав на нього гроші.
Як українські залізничники на Сумщині заманили ворожий бронетранспортер в тупик, і коли москвота ""приїхала"" - двох ""туристів"" пов'язали і здали теробороні.
І як голодні кцпскі солдатики крали продукти в супермаркетах.
І як ті дебіли прийшли прямо до відділення української поліції в Харківській області, щоб випросити трохи соляри, бо у них скінчилася.
І як русскій десант по старим картам спустився туди, де мав бути ліс, а опинився в голім полі і був тут же зразу пов'язаний.
І як одноразову десантуру скинули просто недалеко берега в Чорне море, а вода - 0 градусів, тероборона чекала на березі, щоб перестріляти, а непрохані гості самі передали власні м'ясо й кості рибам.
І як ворожий танк збив свій же гелікоптер.
І як у Миколаєві люди зловили і прив'язали мародера без штанів до стовпа, а поліцейський автомобіль, що приїхав на виклик, фарами підсвічував сраку.
І як власниця турагенції з організації сафарі в Занзібарі переказала передплату від російських клієнтів на допомогу українським військовим і скинула їм квитанції.
І про сафарі в Гадячі, коли їхала колона в Полтаву і заблукала, повернули на Гадяч, а там натрапили на наших мисливців, покидали танки й чухнули в ліс. А мужики відстрілювали їх по тому лісу.
Ще є баба Надя, як голос народу.
Якась добра жіночка, котра поміняла їжу на танк расіянській.
Дід Толя, який угнав БМП, причепивши його до свого трактора.
І як під Золотоношею впав ворожий літак, а люди усім селом ловили пілота, поки не спіймали.
І не забудьте про чела з Дніпра, який насрав на мітку.
І про капітана Тараса Остапчука, який утопив яхту віцепрезидента концерну з виробництва зброї “Ростех” – російського олігарха Олександра Міхеєва, щоб помститися за обстріляний у Києві будинок, а іспанський суд його виправдав.
І про кіберугрупування Anonymous, хакери якого яке поклали державні сайти РФ, запустили в ефір гарну українську музику і в загальний доступ злили базу даних, яка містила телефони, пошту та імена співробітників міноборони росії.
І як грузини відмовилися заправити російський корабель і запропонували використати весла.
І про те, як цілий світ повторював: ""Русский военный корабль, ИДИ НАХУЙ!""
Ні, Україна більше не сумна й пригнічена. Ніколи більше. Ніяких страждань. Честь, Гордість, Пам'ять для наших Героїв.
А ворогу - зневага цілого світу. Смішні й бридкі посіпаки хворого карлика.
Слава Україні!
P.S.; А в саундрек пустити лиш одне слово ""паляниця"", як його вимовляють перелякані 🐷🐶",2,ukraine_ukrainian,1,1,1,1,1,1,1,3,,
668585,"Германия выступает против отправки в Украину миротворческого контингента НАТО и создания бесполётной зоны, заявил канцлер ФРГ Олаф Шольц.

«Мы не будем действовать там в военной сфере, даже если называть это миротворческими войсками, — сказал он в эфире телеканала ARD. — Мы не будем добиваться там бесполётной зоны».

Одновременно с этим канцлер заявил, что делает «всё, чтобы помочь Украине». По его словам, сейчас главный инструмент — это санкции со стороны Запада против России.

При этом Шольц говорит, что введения эмбарго на импорт нефти и газа из России сейчас невозможно.

По его словам, Германия будет сокращать зависимость от энергоресурсов из РФ, но резкое эмбарго могло бы отрицательно сказаться на рынке труда и промышленности и привести к экономическому кризису.

«Не только ФРГ зависит от российских ресурсов, но и многие восточноевропейские страны. В случае резкого эмбарго на импорт энергоресурсов из РФ под ударом оказались бы многие рабочие места. Если бы данный импорт прервался за один день, то это привело бы к тому, что целые производственные ветви должны были бы прекратить свою деятельность. Правда в том, что мы бы спровоцировали существенный экономический кризис», - сказал  Шольц.",0,ukraine_russian,0,0,0,0,0,0,0,3,,
805702,"Forbes: у украинской армии сейчас на 43 танка больше, чем в начале войны

По подсчётам аналитиков, с начала российского вторжения в Украину армия рф лишилась 530 танков, тогда как ВСУ потеряли 74 своих, но захватили 117 танков врага.

😂🤡",0,ukraine_russian,0,0,1,0,0,0,0.5,3,,
532402,"❗️Минцифры запустило новый бот ""єВорог"", которым не смогут воспользоваться оккупанты

Через новый чат-бот можно уведомить ВСУ о передвижении российских войск или вражеской техники. Этот бот защищен – отправить материалы можно только после авторизации через приложение ""Дія"".

ОПЕРАТИВНЫЙ🇺🇦 | Подписаться | Прислать новость | Instagram",0,ukraine_russian,0,0,1,0,0,0,0.5,3,,
673990,Премьер-министр Великобритании Борис Джонсон обратился к россиянам на русском языке и к украинцам на украинском.,0,ukraine_russian,0,0,0,0,0,0,0,3,,
604840,"В селе Чайки Киевской области после обстрела российских кафиров пока так. Неба даже не виден сквозь плотный черный дым.

|👉🏻 ПОДПИСАТЬСЯ |👉🏻 Прислать контент",0,ukraine_russian,0,0,1,0,0,0,0.5,2,,
461916,💪Призрак Киева сбил уже 14 самолетов оккупанта.,0,ukraine_russian,0,0,0,0,1,0,0.5,3,,
560408,"Ситуація щодо російського вторгнення – брифінг радника керівника ОП Олексія Арестовича

#stoprussia

Підписатися на 24 канал",0,ukraine_ukrainian,0,0,0,0,0,0,0,3,,
770249,"В Украине может исчезнуть школьный предмет «русский язык», — об этом заявил языковой омбудсмен Тарас Кремень.

Кремень предлагает с 1 сентября заменить в школах изучение русского языка другими учебными предметами",0,ukraine_russian,0,0,0,0,0,0,0,3,,
706495,"🔴 Чому Путін не боїться поточних санкцій

Цивілізований світ шукає ефективні невійськові методи покарання Росії за військову агресію та окупацію частини території України. Санкції негативно впливають на бізнес та громадян РФ, однак не завдають болю Кремлю.

БізнесЦензор подивився, з чого складається ""фінансовий щит"" Росії, який вона планує проїдати в умовах збільшення міжнародної ізоляції.

Читати - biz.censor.net/r3318123",0,ukraine_ukrainian,0,0,0,0,0,0,0,3,,
254198,"Русский генерал Виталий Герасимов скоро сам опровергнет фейки укронацистов о своей ""гибели"".",0,russia,0,1,1,1,1,0,1,3,,
329326,"Временная поверенная в делах США на Украине Кристина Квин – на вопрос об аргументе Путина, что после вступления Украины в НАТО может начаться война в Крыму: Мы до сих пор рассматриваем Крым как часть Украины. Это не выбор президента Путина или России - вступать Украине или какой-то другой стране в НАТО. Это зависит от членов альянса. Какие бы взгляды ни были у президента Путина и России - это не их дело, не им указывать, кого принимать в НАТО.",0,russia,0,0,0,0,0,0,0,3,,
432228,"ВСУ уничтожили очередной вражеский СУ-25 вместе с пилотом. 

Реальная Война",0,ukraine_russian,0,1,1,0,0,1,0.5,3,,
543004,Командование сил специальных операций ВСУ написало очень жесткий пост на русском с обращением к артиллеристам РФ. Краткая суть - обещают в плен их больше не брать.,0,ukraine_russian,0,0,0,0,0,0,0,3,,
380978,"О Первом канале.

Такая провокация может произойти на любом телеканале, работающем в прямом эфире. Никто от этого не застрахован.

Судя по видео, активистка была не одна — её снимали на телефоны, плакат был сделан прямо на рабочем месте. Коллектив, очевидно, оказал девушке поддержку.

Это грустно, потому что никого не заставляли все эти годы работать на Первом канале, приковав наручниками к батарее. Все работали с удовольствием и за деньги.

Главный вопрос в том, кто помог прозреть этой сердобольной труженице российской пропаганды, если в течении нескольких часов после инцидента её уже сам Зеленский благодарит? 

Совпадение? Не думаю.",0,russia,0,0,0,0,0,0,0,3,,
754038,Русские оккупанты (здесь конкретно прокси) записали видео прилета прямо по ним украинского града,0,ukraine_russian,0,0,0,0,0,0,0,3,,
688835,"⚡️Украинские военные освободили от оккупантов села Слобода и Лукашовка, которые находятся возле Чернигова

Прислать новость",0,ukraine_russian,0,0,0,0,0,0,0,3,,
728949,"📈 У лютому 2022 року ціни в Україні у річному вимірі зросли на 10,7% проти 10% у січні через нагнітання військової загрози і зрештою вторгнення Росії в Україну",0,ukraine_ukrainian,0,0,0,0,0,0,0,3,,
714864,"Слава Україні!
Сьогодні публікуємо список телеграм-каналів про українську армію, війну та російську агресію.
Підписуйтесь, щоб бути в курсі подій та цікавих тем.
Бажаємо усім гарного дня та натхнення. Разом переможемо! 

📣 @a_shtirlitz - ""Актуальні новини з фронту, втрати російських окупантів  і т.д.""

📣 @KAPVEY - ""Тикай вату мордою у факти"".

📣 @gistapa - ""Тут роспропаганду помножують на нуль""

📣 @prankota_ch - ""Пранкер всєя Русі""

📣 @donetchanyn - ""Блог Донецького Бандерівця""

📣 @operativnoZSU – ""Актуальні та оперативні новини ЗС України, ситуація на фронті та інфо про армію"". 

📣 @militaryhonor - ""Історія України без радянської пропаганди""

📣 @The3rdForceUA – ""Ꭺᴋᴛуаᴧьна інфо з фронту, здобута технічними засобами розвідки""

📣 @usinfantryman - ""Сержант снайпер армії США""

📣 @dvish_alive  -  ""Канал патріотів з Донецької області про події в ОРДЛО""

📣 @pikoviytuz - ""Секретная інфо у вас у руках"".",2,ukraine_ukrainian,1,1,1,0,1,1,1,3,,
747408,"👧👦 Наші юні українці продовжують підтримувати ЗСУ. Через малюнки діти виражають свою вдячність та повагу до наших захисників.
***
Солдатику мій, як підеш у бій,
Знай, що я поруч з тобою.
Небом і вітром і сонячним світлом
На захист я стану стіною.
Куля ворожа тебе не торкнеться,
Тільки живи з вірою в серці
І збереже, і збереже тебе Бог.
📝 Здобувачі освіти Загвіздянського ліцею",2,ukraine_ukrainian,0,0,1,0,0,0,0,2,,
451887,"😖 Станом на сьогоднішній ранок 378 компаній продовжують працювати або обмежили роботу частково в Росії, яка розв'язала війну проти України. Водночас 209 компаній повністю вийшли з російського ринку та припинили взаємодію з російськими партнерами 👉 https://bit.ly/3Jd2BkE

Серед великих компаній, які досі не пішли з Росії: Leroy Merlin, Metro, Auchan, Spar, Pirelli, Bridgestone Tyre, Accor, Intercontinental Hotel, Otis Worldwide, Honeywell, Mohawk Industries, Arconic, Oriflame, Kimberly-Clark, Koti Retail, Ecco, Salvatore Ferragamo, Philip Morris, PapaJohn`s, Kellogg`s, Beyer, Citigroup, Societe Generale, UniCredit, Intesa Sanpaolo.",0,ukraine_ukrainian,0,0,0,0,0,0,0,3,,
477735,"Итоги экстренного саммита НАТО, посвящённого войне в Украине:

• Столтенберг заявил, что НАТО не будет вводить свои войска в Украину, чтобы не вступать в прямой конфликт с россией
• члены НАТО осуждают вторжение россии в Украину и призывают путина остановить войну и вывести войска из Украины 
• НАТО призывает россию серьёзно отнестись к переговорам и объявить о прекращении огня
• страны-члены НАТО восхищены мужеством украинцев
• НАТО продолжит поставлять военную помощь Украине: системы ППО, противотанковые системы, беспилотники.

👉 Прислать новость
👉 Подписаться",0,ukraine_russian,0,0,0,0,0,0,0,3,,
463853,"Порошенко ведёт прямую трансляцию из Варшавы.

Накануне возвращения в Украину, экс-президент решил провести брифинг перед украинскими и иностранными журналистами. На нём он уже рассказал о российской агрессии и необходимости вводить новые санкции против РФ, о том, что Украина нуждается в военной помощи, а также о возможном Мадридском саммите, где может быть найден дипломатический ответ. Он также заверил, что завтра приземлиться именно в Киеве, а не во Львове или в каком-то другом городе и выразил сомнение, что его арестуют по возвращении в Украину.",0,ukraine_russian,0,0,0,0,0,0,0,3,,
450379,"❗️Російські окупанти продовжують відводити свої підрозділи з території Київської та Чернігівської областей. Водночас, так зване ""відведення військ"", ймовірно, є ротацією.

Нічне зведення Генштабу ЗСУ 👉🏻 https://bit.ly/3wMSaAJ",0,ukraine_ukrainian,0,0,0,0,0,0,0,3,,
548887,"‼️Днепропетровская область!
‼️Запорожская область!
‼️Донецкая область! Тревога!

Русский Корабль Иди … | Подписаться",0,ukraine_russian,0,1,0,0,0,0,0.5,3,,
518183,"💰 Мы все будем жить хуже.

Утро в Европе началось с падения фондовых индексов. Не смотря на инфляционное давление (обесценивание Евро), акции компаний не могут выйти на траекторию роста с 24 февраля‼️

В России опубликовали статистику по инфляции. Можно предположить, что суммарная инфляция по году будет выше 20%. ЦБ РФ уже заявил, что украинский кризис нанесёт экономике бОльший урон нежели коронавирус.

Делаем выводы. Где бы вы не жили на Европейском континенте, вы станете жить хуже. В зависимости от страны это «хуже» будет отличаться. В Англии это «хуже» будет значительно лучше чем в Германии и т.д. по пищевой цепочке.

Не зря Deep State додавил Британцев на выход из ЕС‼️",0,ukraine_russian,0,0,0,0,0,0,0,3,,
425847,"⚡️НАТО направляет корабли и истребители на восточный фланг из-за российской угрозы

Североатлантический альянс отправляет на восточный фланг НАТО дополнительные силы, в том числе корабли и истребители, для усиления сдерживания и защиты союзников в связи с действиями РФ вокруг Украины.",0,ukraine_russian,0,0,0,0,0,0,0,3,,
542178,"❗️Под Харьковом ликвидировали российского генерала

Генерал-майор Виталий Герасимов, который участвовал во второй чеченской войне, войне в Сирии и в аннексии Крыма, был уничтожен в боях под Харьковом.

Wasted ❌",0,ukraine_russian,0,1,0,0,0,1,0.5,3,,
262399,"Глава Еврокомиссии: рассмотрение заявки Украины на членство в ЕС займет недели, а не годы 
 
Посетившая сегодня Киев глава Европейской комиссии Урсула фон дер Ляйен передала президенту Владимиру Зеленскому опросник, который еще на один шаг приближает Украину к статусу кандидата в члены ЕС. 
 
Выступая на совместной пресс-конференции с Зеленским, она сказала, что Евросоюз готов всемерно поддерживать Украину с тем, чтобы процесс занял недели, а не годы. 
 
""Мы знаем многое друг о друге, потому что все последние годы мы работаем вместе настолько интенсивно, что это будет не так, как обычно - не годы на то, чтобы сформировать это мнение, - я думаю, это будет вопросом недель, если мы будем работать сообща"", - сказала она, обращаясь к Владимиру Зеленскому. 
 
Она заверила своего собеседника, что Россия будет все глубже погружаться в экономический, финансовый и технологический упадок, в то время как Украина будет маршем двигаться к европейскому будущему. 
 
Приняв из рук главы Еврокомиссии опросник в конверте, Зеленский сообщил журналистам, что он будет заполнен в течение недели. 
 
Глава европейской дипломатии Жозеп Боррель добавил, что ЕС выделит более 7 млн евро, чтобы помочь Украине собрать и представить в Международном уголовном суде доказательства совершенных Россией военных преступлений. 
 
Он также сообщил, что представители Евросоюза вскоре вернутся в Киев и что за ними последуют и сотрудники посольств, ранее эвакуированных из украинской столицы.",0,russia,0,0,0,0,0,0,0,3,,
380974,"⚡️ Зеленский подписал закон об уголовной ответственности за сотрудничество с Россией.

@opersvodki",0,russia,0,0,0,0,0,0,0,3,,
663570,"🔷 «Увидь во мне врага своего». Что означает для Зеленского суд над Порошенко 🔷

Редакция «Нового Издания» разбирается, какие имиджевые технологии применяет команда Порошенко и что на практике это означает для шестого главы государства. 

Подписаться / Прислать новость",0,ukraine_russian,0,0,0,0,0,0,0,3,,
696132,"⚡️⚡️⚡️Зеленский подписал заявку на вступление Украины в ЕС. Это поворотный момент, потому что война и то, как борется украинский народ, наваливая российским мразям, дает нам огромные шансы получить поддержку. На фоне нашей борьбы Западные лидеры не могут себе позволить дальше выглядеть импотентами. Так что, экспресс-процедура, которую поддерживает Польша, Словакия, точно поддержит Прибалтика - должна будет открыть нам путь в Европу. И в инвестиции для отстраивания страны после войны",2,ukraine_russian,0,1,1,0,0,0,0.5,3,,
705566,"🔥За добу 15 березня знищено три літаки рашистів, один гелікоптер, три безпілотники, - Повітряні сили

15 березня силами протиповітряної оборони Повітряних Сил ЗС України знищено три літаки рашистів. Однин поки не встановлено, а два – це винищувачі бомбардувальники Су-34. Також збито один ворожий вертоліт, три БПЛА оперативно-тактичного рівня та дві крилаті ракети.

Авіація Повітряних Сил завдавала ракетно-бомбових ударів і по наземних цілях. Група тактичного призначення у складі бомбардувальників Су-24м, штурмовиків Су-25, вертольотів Мі-24 армійської авіації, під прикриттям винищувачів здійснила дев’ять авіанальотів на колони ворожої техніки та скупчення військ рашистів.",0,ukraine_ukrainian,0,1,1,1,1,0,1,3,,
653892,"❗️Президент Украины Владимир Зеленский, несмотря на массовые убийства в Буче, будет продолжать переговоры с Россией.

Во время сегодняшней поездки президента в Бучу корреспондент Би-би-си спросил у Зеленского - считает ли он все еще возможным обсуждать мир с Россией?

«Да, потому что Украина должна обрести мир. Мы в Европе 21 века. Мы продолжим дипломатические и военные усилия», - сказал Зеленский.",2,ukraine_russian,0,0,0,0,0,0,0,3,,
397989,"США считают, что Россия последними действиями начала вторжение на территорию Украины — Байден

@truekpru",0,russia,0,0,0,0,0,0,0,3,,
706923,"🇨🇳 Сі Цзіньпін, можливо, попросив Путіна не починати вторгнення в Україну під час зимової Олімпіади, - Bloomberg

Оскільки США та Європа докладають все більш шалених зусиль, щоб стримати Росію від будь-якого вторгнення в Україну, президент Китаю Сі Цзіньпін може мати найбільший вплив на графік Володимира Путіна.

""Останнє, що потрібно Сі, це щоб Путін затьмарив великий момент Китаю, спровокувавши глобальну кризу безпеки у США та Європі"", - зауважують журналісти. Вони нагадують про особливо теплі стосунки між Китаєм та РФ останнім часом.

Китайський дипломат повідомив медійникам, що, можливо, Сі Цзіньпін попросив Путіна не вторгатися в Україну під час Ігор.

Ще 14 січня Міністерство закордонних справ Китаю нагадало, що всі країни повинні дотримуватися традиційної резолюції ООН про Олімпійське перемир’я ""від семи днів до початку Олімпійських ігор до семи днів після закінчення Паралімпійських ігор"". Це вікно з 28 січня по 20 березня.

Ініційована Китаєм відповідна резолюція ООН прийняли консенсусом минулого місяця.

Підписатись | Порадити друзям| Чат ЦН",0,ukraine_ukrainian,0,0,0,0,0,0,0,3,,
72889,"❗️Путин в беседе с Моди заявил, что украинские силовики используют индийских студентов в Харькове как живой щит

Кремль",0,russia,0,0,0,1,0,0,0.5,3,,
429310,"Российские оккупационные войска хотели пересечь речку на Николаевщине, но что-то пошло не так.

Реальная Война",0,ukraine_russian,0,0,0,0,0,0,0,3,,
214416,"😱Российские военные насильно вывезли из роддома Мариуполя рожениц и врачей.

Всего депортации подверглись около 70 женщин и врачей роддома №2, сообщила украинский омбудсмен Людмила Денисова. 

Речь идёт о другом роддоме осаждённого города. 9 марта российские «освободители» уже обстреляли отделение больницы № 3. Тогда погибли три человека, в том числе ребёнок.",0,russia,0,0,0,0,0,0,0,3,,
42022,"❗️Социальная сеть Instagram перестанет показывать подписки пользователей в РФ и на Украине, говорится в заявлении компании Meta, которой принадлежит соцсеть. 

""Чтобы защитить сообщества в Украине и России, мы будем скрывать информацию о подписчиках людей, о тех, на кого они подписаны, и людей, кто подписан друг на друга в личных аккаунтах, расположенных в этих странах"", - говорится в сообщении. Отмечается, что публикации ""историй"", содержащих ссылки на российские государственные СМИ, будут понижены в выдаче, а также помечены, ""чтобы люди могли знать, что они ведут на сайты российских госСМИ"".",0,russia,0,0,0,0,0,0,0,3,,
604308,"⚡️По меньшей мере 1207 гражданских лиц были убиты или ранены в Украине с начала российской агрессии - Управление верховного комиссара ООН по правам человека.

👉🏻 ПОДПИСАТЬСЯ
Прислайте сюда то что сняли в городе -  ➡️ @Kiev_obstanovka_bot ⬅️",0,ukraine_russian,0,0,0,0,0,0,0,3,,
442576,"ВСУ взяли в плен российского майора Дмитрия Шишканова, ранее служившего в ВСУ и предавшего присяге.",0,ukraine_russian,0,0,0,0,0,0,0,3,,
707442,"А 9 мая в Берлине будет жарко. Там рашисты попытаются отметить с размахом 9 мая в стиле победобесия. Но что-то мне подсказывает, что украинцы это воспримут враждебно. В лучшем случае будет несколько кровавых мордобоев. В худшем... При худшем развитии сценария я не завидую полицейским и понимаю, что русню приедут пиздить не только украинцы. Извините за прямоту. Просто местной полиции уже известно, что в Берлин на 9 мая едут ультрас из Польши и Британии. Едут не для того чтоб устроить махач друг с другом. При этом ""фирмы"" поляков и бритов считаются самыми оторваными и жёсткими в Европе. Так что... это будет тот ещё день Победы. ))",0,ukraine_russian,0,1,1,1,1,1,1,3,,
247914,"Итоги недели с Михаилом Фишманом 

ДАННОЕ СООБЩЕНИЕ (МАТЕРИАЛ) СОЗДАНО И (ИЛИ) РАСПРОСТРАНЕНО ИНОСТРАННЫМ СРЕДСТВОМ МАССОВОЙ ИНФОРМАЦИИ, ВЫПОЛНЯЮЩИМ ФУНКЦИИ ИНОСТРАННОГО АГЕНТА, И (ИЛИ) РОССИЙСКИМ ЮРИДИЧЕСКИМ ЛИЦОМ, ВЫПОЛНЯЮЩИМ ФУНКЦИИ ИНОСТРАННОГО АГЕНТА

📌 Никто кроме Путина не знает, будет ли война с Украиной, но последние несколько месяцев мир живет в тревожном ожидании начала боевых действий. Западные политики проводят переговоры с Киевом и Москвой, чтобы снизить напряженность. Как Россия и мир готовятся к возможной войне? 

📌 Навального будут судить прямо в колонии, канскому подростку Никите Уварову дали пять лет по «делу Minecraft», а активистку Дарью Серенко отправили в спецприемник за пост с символикой «Умного голосования». Как и за что судили в России на этой неделе?

📌 Зарему Мусаеву, которую чеченские силовики похитили из Нижнего Новгорода, продолжают держать в СИЗО. В суде она заявила, что «тихо умирает» в заключении, однако ее оставили под стражей. Рассказываем о происходящем с семьей Янгулбаевых и есть ли перспектива у петиции за отставку Кадырова

Смотрите полный выпуск программы «И так далее с Михаилом Фишманом» на сайте Дождя",0,russia,0,0,0,0,0,0,0,3,,
101506,"⚡️ВИДЕО 18+⚡️Как идут реальные бои на «Азовстали» 20.04.22⚡️

Проект @wargonzo в очередной раз отправился вместе со своим штурмовыми отрядами сводной группировки ДНР и РФ на самую передовую в Мариуполе, где наши подразделения освобождают и зачищают от неонацистов завод «Азовсталь». 

Смотрите эксклюзивные кадры боестолкновений и комментарии бойцов спецназа ЦСО МВД ДНР о том, как проходит операция по зачистке огромной промзоны, ставшей главным укрепрайона для боевиков-неонацистов из «Азова».

*наш проект существует на средства подписчиков, карта для помощи
4279 3806 9842 9521",1,russia,0.5,0,1,1,0,0.5,1,2,,
454542,⚡️⚡️⚡️Російські військові захопили Каховську ГЕС на Херсонщині. Наступ вони почали з окупованого Криму - через всі пункти перетину. Завдали більше 30 ударів   по об'єктах цивільної та військової інфраструктури України.,0,ukraine_ukrainian,0,0,0,0,0,0,0,3,,
433070,"Како-то сюрр. Оккупант совершает намаз на фоне украинской православной церкви.

Реальная Война",0,ukraine_russian,0,0,0,0,0,0,0,3,,
671358,"Виктор Пинчук буквально накануне начала войны с Россией улетел из Украины. В тоже время Ринат Ахметов находится в Украине.

Об этом говорится в статье «Украинской правды».

Как известно, 23 февраля в 18:00 президент собрал олигархов у себя в Офисе, то есть, за 11 часов до наступления Путина. Он обратился к ним с просьбой не покидать страну, но прислушались не все. 

Виктор Пинчук прилетел на встречу с Зеленским 23 февраля, и в тот же вечер его борт вернулся в Лондон. 

Он покинул страну после встречи с Зеленским. Затем борт никуда не летал, а 4 марта прилетел в словацкий город Кошице близ границы с Украиной. На следующий день - в Ниццу сразу вернулся в Лондон. Предположительно, визит в Кошице мог быть связан с эвакуацией из Украины кого-то из окружения олигарха.

Как и Пинчук, Ринат Ахметов прилетел в Украину 23 февраля за несколько часов до встречи с Зеленским. И буквально сразу борт Ахметова улетел в Женеву, а на следующий день - в Будапешт. В пресс-службе Ахметова сообщили, что бизнесмен в Украине. Это подтверждают и источники издания.

Самолет Вадима Новинского за несколько часов до наступления российских войск покинул Украину в направлении аэропорта Кошице (Словакия). В тот же день произошел перелет в Дрезден, оттуда - в Санкт-Петербург и в Таллин. Сейчас борт в Вене

Сам Новинский заявил, что он в Киеве с женой. Перелеты самолета он объяснил тем, что помогал знакомым с перевозкой родственников.

Что касается Коломойского, то с начала войны он, как и все 3 года до этого, в Украине. Он не покидает страну, чтобы не быть экстрадированным в США.",0,ukraine_russian,0,0,0,0,0,0,0,3,,
30747,"В Минобороны России сделали ряд заявлений:

— Практически полностью уничтожены воздушные силы Украины и система противовоздушной обороны, перестали существовать ВМС страны.

— Операция на Украине проводится строго по утвержденному плану, безусловный приоритет — исключение напрасных жертв среди мирного населения. Высокоточными средствами аккуратно уничтожаются объекты военной инфраструктуры, техника и вооружение.

— Российские военные перехватили шифрограммы с секретным приказом командующего нацгвардией Украины Балана от 22 января с планом подготовки к наступлению в Донбассе. Её планировалось завершить до 28 февраля, чтобы в марте приступить к выполнению боевых задач. 

— Российскими войсками заблокированы Киев, Харьков, Чернигов, Сумы и Николаев, под полным контролем находятся Херсонская и большая часть Запорожской области.

— За месяц потери украинских войск составили порядка 30 тысяч человек: 14 тысяч — безвозвратные и около 16 тысяч — санитарные. Из находившихся на 24 февраля в боевом составе украинской армии 2 416 танков и других боевых бронемашин уничтожены 1 587.

— К сожалению, в ходе специальной военной операции есть потери среди наших боевых товарищей. На сегодня погиб 1 351 военнослужащий, 3 825 получили ранения.

— В целом основные задачи первого этапа операции выполнены. Существенно снижен боевой потенциал вооруженных сил Украины, что позволяет сосредоточить основные усилия на достижении главной цели – освобождении Донбасса. 

—  Украинская группировка в Донбассе с начала операции потеряла 16 тысяч из 59 тысяч человек, или 26%. Из них больше 7 тысяч — безвозвратные потери. 

— Практически полностью остановлено снабжение украинских войск ракетами и боеприпасами, горючим и продовольствием.

— ЛНР освободила 93% территории республики, ДНР – 54%. Бои за Мариуполь продолжаются.",1,russia,0,0,0,0,0,0.5,0.5,2,,
770030,"Взгляд очень хорошо указал на комика уклониста, но есть ещё несколько важных моментов о которых стоит упомянуть в теме с тотальной мобилизацией женщин в армию Украины:

1. Генерал Сергей Кривонос (бывший замком ССО) будучи зам секретаря СНБО Украины прямо заявил, что желающих воевать нет, и большинство украинцев готовы стать дезертирами;

2. По всей видимости основная задача этого шага - показать западным ”партнерам” серьезность намерений Зеленского воевать с Россией. Настолько серьезных, что он готов пожертвовать женщинами (матерями, дочерьми, жёнами и сёстрами). Видимо следующим указом он создаст фолькштурм и зелеюгент;

3. Бюджет страны пуст, западная помощь откладывается, а зарплаты армии и СБУ платить надо, а за уклонение от постановки на военный учёт штраф 1000 грн. И это вполне рабочий вариант наполнения бюджета, кроме всего прочего;

4. Депопуляция Украины достигла таких масштабов, что даже в случае тотальной мобилизации ВСУ не смогут закрыть все свои потребности в живой силе. А женщины помогут залатать дыры на второстепенных позициях и в тылу;

5. Важную роль играет очевидное злоупотребление Зеленским наркотиков. Его поведение напоминает бредовую эйфорию немецкого фюрера, который грезил о вундерваффе, украинский фюрер тоже мечтает о подобном;

6. Военкомы сейчас в экстазе, представьте какой поток взяток потечёт в военные комиссариаты;

7.  Данной хлопушкой получилось весьма неплохо сместить фокус внимания общества с социально-экономических проблем на военно-политическую проблематику.


В итоге, мы видим, что поле для манёвра у Зеленского сужается драматически и довольно спорные решения (действенные сегодня) закладывают мину не только под будущее самого Президента но и под всю страну. 
@OpenUkraine",0,ukraine_russian,0.5,0,0.5,0.5,1,0.5,0,1,"0.5, 1","ukrainians, Volodymir Zelenskyy"
109951,Украинская сторона в ходе второго раунда переговоров с РФ продемонстрировала договороспособность — Слуцкий 🤝,0,russia,0,0,0,0,0,0,0,3,,
516732,"План вторгнення росії в деякому сенсі вже почав реалізовуватися, - Джонсон

Прем'єр-міністр Великобританії Борис Джонсон впевнений, що план вторгнення росії в Україну вже почав в деякому сенсі реалізовуватися. На його думку, це може свідчити про майбутню найбільшу війну в Європі з 1945 року.

За його словами, є всі ознаки того, що російське вторгнення в Україну є неминучим.

""Справа в тому, що за всіма ознаками план вже в якомусь сенсі почався"", - зазначив Джонсон.

Він підкреслив, що президент США Джо Байден попередив західних лідерів про те, що російські війська планують вторгнутися не тільки з Донбасу, але й з Білорусі і піти на Київ.

@operativnoZSU",0,ukraine_ukrainian,0,0,0,0,0,0,0,3,,
752248,"Сохранил для истории: Арахамия рассказал, как РФ предлагала Украине договор о капитуляции

Глава фракции ""Слугa народа"" заявил, что изначально российские переговорщики позволяли себе ультиматумы. После успехов ВСУ на фронте эти требования годятся лишь для музея победы Украины.

Подробнее⬅️",0,ukraine_russian,0,0,0,0,0,0,0,3,,
23978,"Западные страны игнорируют проблему жестокого обращения с российскими военнопленными на Украине — Минобороны

Как заявил генерал-полковник Михаил Мизинцев, Россия известила о фактах издевательств со стороны украинских военных международные организации. Однако, генсек НАТО Столтенберг, сначала призвавший провести расследования сообщений о военных преступлениях Украины, затем отказался комментировать видео об убийствах российских военнопленных.

«Страны так называемого «цивилизованного Запада», ООН, ОБСЕ, Международный Комитет Красного Креста, а также другие международные правозащитные организации, проявляя полное безразличие к гуманитарным вопросам, инициированным Российской Федерацией, до настоящего времени никак не отреагировали на заявления российской стороны о чудовищных пытках и жестоких расправах над российскими военнопленными», — заявил Мизинцев.

Как сообщала Readovka, представитель ООН ранее также призывал провести расследование сообщений о нарушениях прав человека на Украине.",0,russia,0,0,1,1,0,0,0.5,3,,
365567,"⚡️На Украине разблокировали ""ВКонтакте"": в МВД призывают граждан деморализовать противника информационной войной.

⚡️Глава Минцифры Федоров: ""Я звертаюся до всіх українських Youtube-блогерів. Об'єднуйтеся та запускайте 24/7 трансляцію російською мовою для громадян РФ. Ми зробимо все, щоб вона була в ТОПі. Ми допоможемо з контентом!""

Украина и их кураторы из США и ЕС запускают информационную фазу войны.",0,russia,0,0,0,0,0,0.5,0.5,2,,
508140,"Підсумки дня від Міністерства оборони України 

▪️Орієнтовно 21 200 осіб - втрати рашистів
▪️Українські захисники знищили російський танк з відстані 4,5 км
▪️ЗСУ відбили 10 атак ворога, ліквідували 33 одиниці важкого озброєння та збили 15 повітряних цілей
▪️Наші Захисники продовжують тримати оборону Азовсталі в Маріуполі
🎞 Більше - у хроніці 5️⃣8️⃣ доби героїчного протистояння українського народу російським окупантам.

@operativnoZSU",2,ukraine_ukrainian,0,1,1,1,1,0,1,3,,
687278,"🕯🇺🇦 Погиб воин-защитник из Каменского

11 апреля погиб солдат Секретенко Кирилл Сергеевич, до последнего сдерживая врага и защищая независимость Украины.

Выражаем искренние соболезнования родным и близким погибшего😥

Кирилл Секретенко родился 22 декабря 1992 года, окончил Днепродзержинский энергетический техникум и работал в конвертерном цехе металлургического комбината.  Начиная с 2020 года проходил службу в ВСУ.  Без сына осталась мать.

 Вечная память и слава Герою! 🇺🇦

📆Панихида за погибшим воином состоится 20 апреля в 12:00 в Свято-Николаевском соборе, похоронят воина в 13:00 на кладбище по ул. Романковской.",1,ukraine_russian,0,0,1,0,1,0,0.5,3,,
734542,"⚡️Коментарі росіян після новини про те, що ухвалено рішення зменшити активність на Київському та Чернігівському напрямках.

BLACKLIST IF | Надіслати інфо",0,ukraine_ukrainian,0,0,0,0,0,0,0,3,,
159354,"Полный американский санкционный список от 22 февраля:

Под санкции попали прежде всего ""Внешэкономбанк"" (ВЭБ) и ""Промсвязьбанк"" (ПСБ), а также их 42 дочерние компании, так как ""ВЭБ имеет решающее значение для способности России привлекать средства, а ПСБ - для российского оборонного сектора"".

""Эти санкции гарантируют, что ВЭБ и ""Промсвязьбанк"" больше не смогут вести бизнес в США и будут отрезаны от американской финансовой системы. Все активы, находящиеся под юрисдикцией США, будут немедленно заморожены, а американским физическим и юридическим лицам запрещено вести дела с этими учреждениями без разрешения OFAC. Это сразу ухудшит способность ВЭБ и Промсвязьбанка выполнять базовые функции в международной финансовой системе"", - отметили в Минфине.

Блокируется имущество и доли в имуществе следующих дочерних компаний ВЭБ:

ОАО Банк БЕЛВЭБ (расположен в Беларуси)
ОАО ""ВЭБ-лизинг"" - лизинговая компания, расположенная в России
""Проминвестбанк"" - банк, работающий в Украине
""ВЭБ Капитал"" - финансовая компания в России
ООО ""ВЭБ Инжиниринг"" - компания по оказанию услуг по реализации инвестиционных проектов, расположенная в России
АО ""Инфравэб"" - компания по сопровождению инвестиционных проектов, расположенная в России
АО ""ВЭБ.ДВ"" - компания по сопровождению инвестиционных проектов, расположенная в России
VEB Asia Limited - финансовая компания, расположенная в Гонконге
ООО ""Инфраструктура Молжаниново"" - электроэнергетическая компания, расположенная в России
ООО ""Курорт Золотое Кольцо"" - строительная компания, расположенная в России
АО ""Российский экспортный центр"" - экспортно-ориентированная компания, расположенная в России
ООО ""ВЭБ Венчурс"" - финансовая компания, расположенная в России
ООО ""ВЭБ Сервис"" - консалтинговая компания в области бизнеса и управления, расположенная в России
ООО ""Специальная организация проектного финансирования ""Фабрика проектного финансирования"" - финансовая компания, расположенная в России
ООО ""Группа СИБУГЛЕМЕТ"" - угледобывающая компания, расположенная в России
АО ""АНГСТРЕМ-Т"" - технологическая компания, расположенная в России
ООО ""НМ-ТЕХ"" - технологическая компания, расположенная в России
ЗАО ""СЛАВА"" - риелторская компания, расположенная в России
АО ""ПФК ЦСКА"" - спортивно-развлекательная компания, расположенная в России
ООО ""Торговый Квартал-Новосибирск"" - лизинговая компания, расположенная в России
ООО ""Байкал Центр"" - строительная компания, расположенная в России
ООО ""Прогород"" - инфраструктурная компания, расположенная в России
ООО ""ВЭБ.РФ Управление Активами"" - финансовая компания, расположенная в России
АО ""Росэксимбанк"" - учреждение поддержки экспорта, расположенное в России, а также коммерческий банк, регулируемый Центральным банком Российской Федерации
ОАО ""Российское агентство по страхованию экспортных кредитов и инвестиций"" - страховое агентство, расположенное в России.
Блокируется имущество и доли в имуществе следующих дочерних обществ ""Промсвязьбанка"":",0,russia,0,0,0,0,0,0,0,3,,
631236,"⚡️Генштаб ВСУ сообщает, что в Украину введены две трети доступных России батальонных тактических групп",0,ukraine_russian,0,0,0,0,0,0,0,3,,
397536,"Зеленский сам упустил возможности переговоров по безопасности — Лавров

@truekpru",0,russia,0,0,0,0,0,0,0,3,,
404997,"Сейчас российские пропагандоны распространяют это фейковое видео со словами: «Зеленский дал приказ укрофашистам атаковать Белгородскую область». 

Но постановка паршивая, сценарий не доработали, режиссёру двойка с минусом. Никто даже не зиганул. 

На что только не идёт мордорская пропаганда, чтобы оправдать свои злодеяния в Украине. 

ТРУХА⚡️Украина | Прислать новость",0,ukraine_russian,1,1,1,1,1,1,1,3,,
490800,"🛒 Французька мережа супермаркетів та гіпермаркетів Auchan все ж відмовляється йти із російського ринку. 

«Зеленський дуже смілива людина, яку я поважаю. Але ці слова [про те, що компанія спонсорує російську військову машину] несправедливі. Марно нацьковувати людей одне на одного. Найголовніше для нас — зберегти наших співробітників та забезпечити виконання нашої основної місії — продовжувати годувати населення цих двох країн. У нас ніколи не було іншої мети. Я готовий прийняти громадську думку, яка з нами не згодна. Нас легко критикувати, але ми є, ми відкриті та діємо для цивільного населення», — заявив генеральний директор компанії Ів Клод в інтервʼю Journal du Dimanche",0,ukraine_ukrainian,0,0,0,0,0,0,0,3,,
82403,"🔞🇷🇺🇺🇦 Ну вот, допустим, кадры из Мотыжина. Братская могила невинно убиенных, конечно же, российской стороной мирных жителей. 

Нашли ВСУшники оперативно. Раскопали. 

А кровь-то почему не запеклась? Да и цвет кожи какой-то не соответствующий давным-давно остывшему трупу. 
#Россия #Украина #фейк
@rybar

*Поддержать нас: 4377 7278 0407 7977",0,russia,0,1,1,1,0,0,0.5,3,,
496316,"Хуйло заявило о готовности предоставить Петру Порошенко политическое убежище в 🐷🐶, такой день ¯\_(ツ)_/¯

Мерч ХХ | ХХ в Facebook",0,ukraine_russian,1,1,0.5,1,1,1,1,3,,
177805,"ВСУ решили дальше продолжать кино с Бучей и сегодня ночью обстреляли село Дергачи, на северо-востоке от Харькова. 

В Дергачах нет наших войск, как впрочем и нет всушников, однако огонь по Дергачам велся всю ночь и село буквально засыпали кассетными боеприпасами. 

Утром в село приехали представители украинской власти и под камеры начали эвакуацию населения в Полтаву. Понятно, что сейчас вновь начнётся вой и стенания, мол русские такие-сякие, бьют по мирным жителям. 

Повторюсь, в самом селе нет и не было ни наших гарнизонов, ни украинских, все это продолжение страшной трагикомедии, что исполняет киевская клика. Выжженная земля, расстрелянные мирные жители и последующий новостной фарс, с лживыми слезами украинских политиков.",2,russia,0,1,1,1,0,1,1,2,,
395054,"Запорожская и Чернобыльская АЭС продолжают оставаться под управлением украинского персонала, которому российские специалисты оказывают консультативную помощь, говорится в заявлении госкорпорации ""Росатом"".

@truekpru",0,russia,0,0,0,0,0,0,0,3,,
348254,"Зеленский утверждает, что ""все страны Европы"" согласовали отключение России от SWIFT

@ovsyanka",0,russia,0,0,0,0,0,0,0,3,,
540570,"Каховка, митинг против оккупантов.

Каховка — это Украина!

Труха⚡️Днепр
Прислать новость 📸",1,ukraine_russian,0,0,0,0,0,0,0,3,,
348869,"🏛 Институт философии РАН уходит в интеллектуальное подполье?

31 марта в Институте философии РАН было созвано общее собрание коллектива, на котором руководство разъяснило сотрудникам «правила игры» в новой социально-политической реальности.

Директор института академик Абдусалам Гусейнов сообщил, что боевые действия на Украине обозначили не только масштабное военно-политическое, но и социокультурное противостояние России и Запада, которое ставит вопрос о государственной идеологии. Первый заместитель директора Андрей Смирнов многозначительно сообщил, что накануне он был в Администрации Президента РФ, где было сказано, что у нас раньше не уделяли внимание философии, а теперь будут обращать на нее внимание, и что нам нужно не повторять философию западную, а разрабатывать «нашу философию». Со своей стороны, первый заместитель Гусейнова выказал готовность быстро наладить производство такой философии в Институте. Когда сотрудники услышали о такой перспективе, в зале раздалось недовольное шипение. Пытаясь его успокоить, Смирнов с ухмылкой заметил, что «к этому надо относиться философски». Руководители Института философии дали понять коллективу, что пора переходить на режим работы, который был хорошо освоен еще в 1970-е годы, – когда думали одно, а говорили и публиковали совсем другое, когда под видом «критики западной философии» они занимались ее пропагандой в нашей стране.

Аргументы.ру",2,russia,0,0,0,0,0,0,0,3,,
711983,"❗️ Цими днями волонтери InformNapalm отримали інсайди з декількох різних джерел з окупованих територій Херсонської області (називати населені пункти та селища не будемо з міркувань безпеки людей, які подають інформацію)

1. По населеному пункту ходять російські окупанти та повністю відбирають будь-які запаси їжі по хатах (крупи, цукор та інше). Все забирають під нуль. При цьому не схоже, що це вони роблять для задовільнення себе провіантом, швидше це як каральна міра, щоб змусити місцеве населення покірності. Ніби повернувся якийсь 1932 рік зі штучним створенням Голодомору. Це не вигадка, а реальна ситуація, поки не зрозуміло чи це локальне рішення якогось командира, який ненавидить українців, чи це централізована політика Москви. Такі заходи поки тільки починають розгортатись, тому важко оцінити яких масштабів це може сягнути. Тому закликаємо ховати припаси їжі так, щоб окупанти їх не могли знайти. 

2. Російські окупанти збирали людей по селах та проводили бесіди, залякували, що якщо по їх позиціях щось прилетить - вони будуть розцінювати це як корегування місцевими мешканцями і тому  будуть розстрілювати всі будинки без розбору. Це означає, що ворог всіляко намагається зламати опір мешканців Херсонщини, відчуває, що до них ставляться як до загарбників. Методи боротьби проти селян лишились такими самими як в часи радянської окупації.

🔥  Ці дії підпадають під воєнні злочини та злочини проти людяності, тому всі ті російські окупанти, хто віддає та виконує такі накази будуть засуджені та покарані, або у суді, або силою української зброї та партизанського спротиву.

@informnapalm",0,ukraine_ukrainian,0,0,1,0,1,0,0.5,3,,
497568,"Росія продовжує знищувати нашу інфраструктуру, продовжує бити по наших містах. Але ми відновимо кожну вулицю кожного міста. Кожний будинок, квартиру кожного українця. Зараз же, коли окупант іще на нашій землі, ми маємо бити його так, як тільки можемо. Захищати міста, захищати села, захищати кожен метр нашої землі. І кожну частинку нашого серця. Українського серця. Української душі. Допомагайте одне одному! Підтримуйте одне одного! Підтримуйте оборону! І захищайте державу! Разом – переможемо. Слава Україні!",2,ukraine_ukrainian,0,0,0,0,1,0,0.5,2,,
479364,"Ворог посилив інтенсивність обстрілів Харкова та населених пунктів області — поліція 

💬 «Харківщина пережила складну ніч. Російські окупанти без зупинки гатили по житлових кварталах, лікарнях, об’єктах інфраструктури та промисловості. В результаті численних руйнувань та пожеж є загиблі та поранені. Харківська поліція сьогодні працює в надскадних умовах».",0,ukraine_ukrainian,0,0,1,0,1,0,0.5,3,,
435184,"Подразделение ВСУ работает по захватчикам

Реальная Война",0,ukraine_russian,0,1,0,0,0.5,0,0.5,3,,
24047,"Карта военных действий и ситуация на фронтах вечером 7 апреля

Начнем с новости из-за океана от наших «партнеров». Там сенат США одобрил законопроект о ленд-лизе для Украины. Это первое применение программы ленд-лиза со времен Второй мировой войны. Председатель Объединенного Комитета начальников штабов Вооруженных сил США генерал Марк Милли заявил, что Пентагон уже передал Киеву 60 тыс. ПТРК и 25 тыс. ПЗРК.

Фронт Юг. В Николаеве прилеты и взрывы. ВСУ предприняли попытку нанести урон ВС РФ авиацией. Видимо, еще несколько боеспособных бортов у укрорейха осталось. Сообщается о пожаре в районе Херсона после ударов ВСУ. На границе херсонской и днепропетровской области без изменений. Несмотря на информационные вбросы Арестовича, в Херсоне спокойно и стабильно.

Фронт Восток. От Харькова до Славянска. На севере от Харькова сообщалось о мощных взрывах. Со стороны Большой Даниловки на северо-востоке слышны автоматные очереди — шли стрелковые бои. В Лозовой снова взрывы, ВКС России добивают транспортно-логистический центр ВСУ. Так же украинская сторона сообщила об ударах по мосту на железной дороге из Славянска и Краматорска.

ВСУ снова обстреливали Изюм всю ночь из РСЗО. Наши сейчас ведут бои в районе села Сулиговка, проламывая оборону противника по направлению к Славянску. Район Сулиговки очень хорошо укреплен, наша артиллерия работает безостановочно. Вчера наша разведка взяла пятерых пленных, прямо на позиции украинской артиллерии. Они рассказали, что были мобилизованы месяц назад из Житомирской и Черниговской областей.

Из интересного, на местах сообщают: «Краматорск, Артемовск, Дружковка. В этих районах сейчас собирается армада из ВСУ нацбатов и оставшихся частей с Изюмского направления. В Краматорске нацбаты массово размещаются в школах и профтехучилищах. По трассе через город в сторону Константиновки непрерывно едет тяжелая техника и грузовики с украинскими вояками. Вторую больницу полностью отдали под прием раненых, по городу ездят камуфлированные машины с табличкой «груз 200». База Краматорского приграничного отряда на ул. Марата, 16, превращена в укрепрайон, оборудованный камерами, земляными насыпями, с подземными складами оружия и боекомплектов. Из города массово уезжают представители украинских госструктур – пенсионный фонд, банки, архивы и т.д. С краматорского аэродрома, несмотря на его частичное разрушение точечными ударами, ведется огонь ПВО и артиллерии».

От Угледара до ЛНР. Начались активные действия с юга восточного фронта. МО РФ сообщает, что  преследуя отходящие подразделения 54-й механизированной бригады ВСУ, подразделения ВС РФ блокировали Угледар и сейчас ведут бой за его освобождение от националистов, при этом уничтожены до усиленной мотопехотной роты и танковый взвод ВСУ. Также блокировали Новомихайловку и приступили к ее штурму. В других местах без особых изменений. На всем протяжении фронта идут бои. ВСУ обстреливают Рубежное, есть жертвы среди мирных жителей. Севернее Рубежного ВСУ даже предприняло контратаку.

По Мариуполю. Басурин сегодня заявил, что основные бои в центральной части Мариуполя закончились. Идут бои в Азовстали. Артиллерия и авиация Союзных сил наносят интенсивные удары по позициям боевиков на территории завода. «Бои сейчас идут на периферии промзоны, жилых кварталов под контролем националистов все меньше и меньше, а значит, и живого щита из местных жителей все меньше и меньше. По мере перехода боевых действий в промзону наша артиллерия будет иметь больше возможностей и играть большую роль», — пишет Мурад Газдиев. На правом берегу сжимается кольцо окружения вокруг частей ВСУ, заблокированных вокруг парка в Приморском районе.

ВКС и ВМФ России снова высокоточно били по объектам ГСМ. Взрывы гремели в Запорожье, Днепре и Днепропетровской области, Николаеве, Харькове и Чугуеве, в подконтрольной Украине части Донбасса. Так мощный удар нанесли по скоплению украинской военной техники на железнодорожной станции Новоград-Волынский Житомирской области.",2,russia,0,1,1,1,1,0.5,1,3,,
695190,"⚡️⚡️Российских пропагандистов очень волнует, что британские инструкторы вернулись в Киев и обучают тероборону работать с NLAW. На фоне поражений на фронте, ракетная истерика по жилым домам мирных жителей у русни продолжится. Что-то мы не понимаем, как на эту сопливую истерику реагируют «великороссы». Их же в деревянных домиках перед теликом кормят крутой армией, а выходит, они не могут победить тероборону с ПТРК и возмущаются. Это же позор, россияне. Пехота без техники валит ваши танки. Клоуны.",1,ukraine_russian,0,1,0,0,1,1,1,2,,
751850,"Важное из выступления Зеленского в ООН:

📍Сегодня в результате действий РФ на территории Украины совершаются самые тяжёлые преступления со времён Второй мировой войны.

📍РФ будет винить всех помимо себя. Но сейчас 2022 год, есть возможность собрать все доказательства, спутниковые снимки. Есть максимальный доступ журналистов.

📍Мы имеем дело с государством, которое превращает право вето в ОНН в ""право смерти"".

📍Украина нуждается в решении от Совбеза ООН по обеспечению мира. Если не знаете как это сделать — или отстраните её как агрессора от блокирования решений касательно её же войны или покажите как можно переформатироваться и работать действительно ради мира.

📍В Буче нет ни одного преступления, которые бы они не совершили. Они убивали целые семьи – взрослых и детей, пытались сжечь людей.

📍Некоторых застрелили на улицах, некоторых убивали в домах, на них наезжали танки, пока они были в авто, женщин насиловали и убивали на глазах детей.

📍Мир видел, что происходило в Буче, миру предстоит увидеть, что они сделали в других городах и регионах страны.

📍Вы знаете, что скажет РФ на такие действия. После того, как они сбили Боинг над Донбассом, что они говорили в Сирии – они ссылаются на самые разные версии произошедшего, даже заявляют, что это все постановочные кадры.

📍Российское руководство ведет себя как колонизатор в древние времена – они намерены превратить украинцев в молчаливых рабов, грабят деревни, крадут продовольствие, вырывают золотые сережки из ушей.

📍Все кто дает преступные приказы предстанут перед трибуналом, наверное, таким же как Нюрнбергский.

📍Сейчас главное преобразовать систему ООН. Я предлагаю провести конференцию в Киеве и обсудить, как реформировать систему безопасности в мире, как подкрепить международное право.

📍Но если вы не знаете как принять решение, у вас есть 2 пути – либо устранить Россию как источник войны, чтобы Россия не блокировала решения, связанные с ее собственной агрессией, и тогда мы сделаем все, чтобы установился мир. Второй вариант – самоустранитесь. Если кроме разговоров вы ни на что не способны, то другого варианта не остается. Украине нужен мир, Европе нужен мир, всему миру нужен мир.",1,ukraine_russian,0,0,0,0,0,0,0,3,,
133758,"В Минобороны России сообщили об уничтожении 311 украинских танков и бронемашин, 42 самолётов и вертолётов, а также 51 реактивной системы залпового огня.

@rt_russian",0,russia,0,0,0,0,0,0,0,3,,
71093,"Сатирический журнал в США высмеял Facebook за разрешение ненавидеть русских..

Babylonbee пишет следующее:

""На этой неделе Facebook объявил о том, что они временно снимут запрет на призывы к насилию, если насилие направлено против русских. Теперь, в новом захватывающем обновлении, Facebook позволит пользователям напрямую совершать фактическое насилие над русскими людьми с помощью новой кнопки ""вызвать удар беспилотника"". 

""Очень важно использовать нашу огромную силу для объединения людей, распространения достоверной информации и иногда убийства людей, которых, по нашему мнению, нужно убить"", - сказал генеральный директор Марк Цукерберг. 

""Поскольку вся наша культура в одночасье решила, что сейчас нормально ненавидеть русских, мы хотим, чтобы наши пользователи могли присоединиться к этой ненависти вместе. Вот почему мы с гордостью добавляем эту новую классную кнопку ""удар беспилотника!""

Нажатие на кнопку ""вызов беспилотного удара"" немедленно подаст сигнал одному из 10 000 совершенно новых дронов Predator от Facebook, чтобы выследить и взорвать русского по вашему выбору. Пользователи с успешными убийствами получат специальный значок флага Украины для отображения в своем профиле"".

Напоминаю, что журнал сатирический. Цитаты вымышленные. Наверное. Ибо сейчас уже ничего не удивит.

@RadioStydoba",0,russia,0,0,0,0,0,0,0,3,,
553354,"👉🏼 Ми рідко публікуємо тут відео російською, але це важливо

У відео ви бачите автомобіль української сім'ї, яка намагалася втекти з окупованих територій, але була застрелена російськими вбивцями.

Загиблі, як вже було доведено, були убиті з французької зброї, проданої в обхід санкцій у 2015 році. Усі, хто хоче торгувати з росією, повинен побачити результати своїх дій

Підписуйся на 24 канал | Підтримай нас",0,ukraine_ukrainian,0,0,0,0,0,0,0,3,,
759234,"Британия вскоре отправит ЗСУ бронированные пусковые установки Stormer HVM.

Для их управления требуется всего три человека: командир, водитель и стрелок.
В комбинации с ракетами Starstreak британские ЗРК обещают «ад» путинской низколетящей авиации. 

Также Stormer может свободно передвигаться по украинской влажной почве.

Прислать новость | Подписаться",0,ukraine_russian,0,0.5,0,0,0,0,0,3,,
680089,Оккупанты продолжают поставлять технику для нужд ВСУ.,0,ukraine_russian,0,0,0,0,0,0,0,3,,
514419,"Глава Миколаївської обласної державної адміністрації Віталій Кім повідомив, що внаслідок залпу у російської армії 300 поранених та 70 загиблих.

#stoprussia
#UkrainiansWillResist 
#StopRussianAggression 
#StandWithUkraine

https://t.me/operativnoZSU
@operativnoZSU",0,ukraine_ukrainian,0,0,0,0,0,0,0,3,,
517129,"На Яворівському полігоні (184 центр) просто зараз тривають бойові стрільби з британської протитанкової системи NLAW, яка вже є на озброєнні української армії. 

Конструкція робить NLAW незамінною зброєю під час оборони міста. З ним можна відбивати танкову атаку навіть тоді, коли броньована машина противника - вже поруч з бійцем, за пару десятків метрів. Причому необов’язково, щоб ракета влучила. Датчик спрацює на метал навіть тоді, коли вона просто пролетить над танком.

За нами перемога

Вірте в ЗС України

@operativnoZSU",1,ukraine_ukrainian,0,1,0,0,0,0,0.5,3,,
216312,"❗️Чернобыльская АЭС полностью обесточена из-за действий российских войск — «Укрэнерго»

«Боевые действия продолжаются, что сейчас делает невозможными ремонтные работы и возобновление энергопитания»",0,russia,0,0,0,0,0,0,0,3,,
479816,"🏴Сьогодні трагічно загинув колишній проректор Харківського Національного університету внутрішніх справ, полковник Валерій Іванович Московець. 

Російський окупант прямим попадання влучив в житловий будинок у Дергачах. Загинула також його 21-річна онука Анастасія.

Були знайомі особисто, деякий час працював під його керівництвом. Валерія Івановича знав як дуже порядну, чесну і фахову людину, зразкового сім’янина - батька і дідуся.

Вічна пам‘ять і щирі співчуття рідним. 

Майже щодня Харківщина втрачає найкращих. Ніколи не пробачимо ворогу!",1,ukraine_ukrainian,0,0,1,0,1,0,0.5,3,,
795950,"Ніч на Сумщині 23-24 березня.

Тростянецької громада - гаряча точка вже котру добу. 
Тривають запеклі бої за Тростянець. 
Т
акож вночі ворожа російська армія ракетними ударами обстріляла Охтирку. Потрапляння у житловий сектор, багатоповерхівки.

Є загиблі і постраждалі цивільні люди.

Підписатись на Факти Україна 🇺🇦",0,ukraine_ukrainian,0,0,0,0,0,0,0,3,,
832719,"‼️Заява Міністра оборони України Олексія Резнікова. 

Шановні українці!
128 годин оборони.
За наявними даними, російські окупанти готуються найближчим часом запустити масштабну інформаційно-психологічну операцію.

Її мета – з допомогою брехні зламати опір українського народу і української армії.
Спочатку вони плануюсь влаштувати перебої зв’язку.
Після цього будуть масовано вкинуті фейкові повідомлення про те, що українське військово-політичне керівництво начебто погодилось на капітуляцію.
На «підтвердження» цього фейку будуть поширювати начебто підписані «документи», а також змонтовані фейкові відеоролики.

🔴ЦЕ БРЕХНЯ. 

Не дочекаються!
Жодної капітуляції не буде! Тільки перемога!
Попередьте усіх, кого зможете. 

Багато тих, хто розраховував взяти Київ за 2-3 доби, вже у пеклі.

Міцно тримаймо зброю!

Продовжуємо опір!

Слава України!",2,ukraine_ukrainian,0,1,0,0.5,0,0,0.5,3,,
597587,"Опубликован план отключений света в Донецке 31 января

С 8:00 до 16:00 обесточат дома по улицам Кирова, 166-188а, Ленина, 319-371, 310-368, Петровского, 264а, Школьной, 289-341, 302-350а.

С 9:00 до 16:00 света не будет по улицам Артема, 1, 5, 7, Постышева, 1, 2, 50-летия СССР, 158а, 160, Генерала Антонова, 2-26, 16а, 24а, Зеленой, 1, Липецкой, 12-43, Орехова, 1-30, бульвару Школьному, 56 а,б,в, проспекту Богдана Хмельницкого, 110а.

Отключения вызваны проведением плановых ремонтных работ.

Подписаться  |  Предложить новость",0,ukraine_russian,0,0,0,0,0,0,0,3,,
755821,"❗️Разбитая российская техника и мертвые солдаты РФ. Харьковское направление.

РОССИЙСКИЕ МАТЕРИ ! ВЫХОДИТЕ НА УЛИЦЫ! 
ИДИТЕ  НА КРАСНУЮ ПЛОЩАДЬ!
ТРЕБУЙТЕ ОСТАНОВИТЬ ВОЙНУ!",0,ukraine_russian,0,0,0,0,0,0,0,3,,
743125,"‼️У звільнених від загарбника населених пунктах Бучанського, Вишгородського та Броварського районів сили оборони продовжують зачистку та розмінування.

‼️Комунальні служби продовжують відновлювати критичну інфраструктуру, розчищати вулиці та завали будівель.

‼️Продовжуються роботи з розчистки Житомирської траси та зведення тимчасових насипних мостів через р. Ірпінь. 
❗️В районі с. Романівка міст вже майже готовий. Його звели за 6 днів. 
❗️Біля с. Стоянка роботи зі зведення насипного мосту потребують більше часу і будуть закінчені незабаром.
❗️Одночасно проходять роботи з демонтажу знищеного загарбниками мосту на Житомирській трасі.",0,ukraine_ukrainian,0,0,0,0,0,0,0,3,,
132369,"Украинские солдаты на этой базе были брошены командованием ВСУ, рассказали нам российские военные, показав, в каком хаосе и спешке бежали военные.

Доказательства разбросаны везде: солдаты бежали на гражданских машинах, везде валяется снятая и брошенная военная форма ВСУ; бросали даже документы и личные вещи.

Российские военные имеют информацию, что солдаты разбежались по домам, по деревням и по городам, потеряв веру в своё руководство в Киеве.

@MSGazdiev",0,russia,0,0,0,0,0,0,0,3,,
60178,"‼️🇺🇦Украинские военные устроили из синагоги склад оружия и боеприпасов
Министерство обороны России опубликовало фотографии, доказывающие использование здания синагоги в Умани в качестве места хранения оружия и боеприпасов, а также точки сбора военных. На материалах видно, как во дворе здания находится грузовик, в котором под видом строительного мусора замаскировано оружие и боеприпасы, а также автобусы, вблизи которых стоит большое количество военных.",0,russia,0,0,0,0.5,0,0,0,3,,
500879,"Сегодня Зеленский и Канцлер Германии Шольц провели встречу

Итоги:

-Германия восхищена демократическими преобразованиями в Украине;
-Германия предоставит финпомощь Украине в размере €150 млн;
-Украина предоставит проекты законов об особом статусе и о выборах на Донбассе для дискуссии;
-Германия не видит причин наращивания потенциала со стороны РФ, это было центральной темой наших переговоров сегодня;
-если РФ снова нарушит территориальную целостность Украины, Запад ответит санкциями;
-вопрос членства Украины в НАТО не стоит на повестке дня.

Обсудить в чате🗣
Актуальная Украина🇺🇦",1,ukraine_russian,0,0,0,0,0,0,0,3,,
617730,"⚡️ Появились кадры удара украинских вертолетов по нефтебазе в Белгороде

Правдивости - подписаться
Второй канал",0,ukraine_russian,0,0,0,0,0,0,0,3,,
512639,"Сьогодні, близько 15.30, російськими окупантами-нелюдами була обстріляна з РСЗО БМ-21 ""Град"" колона цивільних людей, які евакуйовувалися з міста Маріуполя до міста Запоріжжя. 

За попередньою інформацією, є загиблі. 

Серед постраждалих та поранених є діти. 
Кількість постраждалих уточняється. 

Росіяни, ГОРІТЬ В ПЕКЛІ, прощення вам ні від людей, ні від Бога не буде ніколи.

#stoprussia
#Вистоїмо 
#StrongTogether 
#UkrainiansWillResist 

@operativnoZSU",1,ukraine_ukrainian,1,1,0,0,0,0,1,3,,
720214,"Українців не зупинити 🇺🇦

Поки наші воїни показують ворогу та всьому світу, на що здатна українська армія, українські параолімпійці досягають неймовірних висот на спортивному фронті 💪

Протягом 8 дня змагань у Пекіні українські спортсмени здобули ще 3️⃣ медалі 👍

🥇Олександра Кононова з Київщини стала чемпіонкою з лижних перегонів на дистанції 10км;
🥉Дмитро Суярко з Чернігівщини посів третє місце у класі незрячих чоловіків;
🥉Ірина Буй з Вінничини стала бронзовою призеркою також у 10-кілометровій дистанції.

Наразі Україна посідає 2 загальнокомандне місце з унікальним результатом 2️⃣8️⃣ медалей, з яких:
🥇- 10
🥈- 10
🥉- 8

Вітаємо наших чемпіонів і бажаємо нових перемог у прикінцевому дню змагань.

Вболіваємо за Україну 🇺🇦",2,ukraine_ukrainian,0,0,0,0,0,0,0,3,,
638696,"🇷🇺 О логике действий

Часто спрашивают - неужели нельзя это было сделать в 2014 году, когда в том же Харькове россиян встречали бы как освободителей. Сейчас они - незванные гости, разрушающие худо-бедно сложившийся уклад жизни.

Я думаю, что такой логикой никто не руководствовался.

В 2014 году ставилась задача политического решения (серьёзно или нет - не знаю; я в невоенное решение никогда не верил) и подготовки России и к военному решению, и к санкциям.

Ну а местное население как привыкло к полуфашистскому украинскому режиму, так привыкнет к любому другому.

Несправедливо? Страшно? Да. Но так всегда было. Во всяком случае, если почитать историю XV-XVIII веков - уже не удивляешься.",0,ukraine_russian,0,0,1,1,0,0.5,0.5,3,,
755853,"Украина разорвала дипломатические отношения с РФ, — Зеленский",0,ukraine_russian,0,0,0,0,0,0,0,3,,
515237,"Українська 128 окрема гірсько-штурмова бригада захопила значні трофеї у орди.

#stoprussia
#StopRussianAggression 
#RussiaInvadedUkraine 

https://t.me/operativnoZSU
@operativnoZSU",0,ukraine_ukrainian,0,0,1,0,1,0,0.5,3,,
664843,"Двое гражданских людей погибли сегодня в результате обстрела Киевского района Харькова после попадания российского снаряда в легковой автомобиль. Об этом сообщил Центре экстренной медпомощи Харьковской области.

Согласно его информации, снаряд попал в моторный отсек легковушки «Лада», в результате чего автомобиль с людьми выгорел.",0,ukraine_russian,0,0,0,0,0,0,0,3,,
740905,"Російська авіація завдала удару по аеропорту в Запоріжжі

У ЗМІ з'явилися повідомлення, що до міста підходять російські війська.

Новини України | Підпишись",0,ukraine_ukrainian,0,0,0,0,0,0,0,3,,
282170,"Голосование по российскому проекту резолюции по ситуации на Украине в Совете Безопасности ООН вывело на чистую воду тех, для кого политизация важнее оказания гуманитарной помощи, заявил постоянный представитель РФ при всемирной организации Василий Небензя.",0,russia,0,0,0,0,0,0,0,3,,
462843,❗️Еще кадры с места падения российского беспилотника в Киеве. Информации о пострадавших мирных жителях пока нет.,0,ukraine_russian,0,0,0,0,0,0,0,3,,
338214,"❗️Кадыров заявил, что среди уроженцев Чечни есть потери в Украине: двое умерло, ещё шестеро получили ранения разной степени, cообщают российские государственные СМИ",0,russia,0,0,0,0,0,0,0,3,,
598120,"Глава дипмиссии Евросоюза возжелал военного, а не дипломатического решения конфликта в Украине, выделив еще пол миллиарда на оружие с бюджета ЕС.  

Политическое руководство Евросоюза отчетливо дает понять, воевать они готовы до последнего украинца и предоставят все необходимое, для всех желающих взять оружие в руки. 

Уже по факту идет настоящая война, между странами НАТО и Россией на территории Украины.",0,ukraine_russian,0,0,0,0,0,0,0,3,,
129450,"Путин заявил о героизме российских военных в ходе операции на Украине.

@rt_russian",0,russia,0,0,0,0,0,0,0,3,,
587070,"Во временно оккупированной Новой Каховке начался многотысячный митинг против оккупантов!

Весь город в цветах Украинского флага!

Браво Каховцы!

Инсайдер UA  | Прислать новость",0,ukraine_russian,0,0,0,0,0,0,0,3,,
544628,"❗️Свежее обращение президента Зеленского. Глава государства озвучил потери Украины - 137 человек убитыми за вчерашний день.

""Сьогодні Росія атакувала всю територію України. І сьогодні наші захисники зробили дуже багато. 
Слава Збройним Силам України!""",2,ukraine_ukrainian,0,0,0,0,0,0,0,3,,
74882,"❗️Зеленский заявил, что созвал специальное заседание ОБСЕ из-за признания Россией суверенитета ДНР и ЛНР",0,russia,0,0,0,0,0,0,0,3,,
783659,"❗️Гумконвой продолжает своё движение в Мариуполь.

Комментарий одного из водителей:
""Мы проехали примерно половину пути. Идем медленно. Часто приходится останавливаться из-за боев, которые идут на всем протяжении пути. Остановимся, подождем, пока стихнет бой, и снова двигаемся в путь.
За Васильковым остановились. Здесь российский блокпост. Нас проверяют. Проверяют груз, документы, телефоны - всё. Пока стоим. Впереди еще примерно 180 км. Движемся вперед.
Нас сопровождают священники. Их возглавляет митрополит Запорожский Лука. В каждом из автомобилей находится священнослужитель. Вот так, с молитвой, и движемся к Мариуполю"".

Верим, что в этот раз все таки доедет🙏🏻 но все будет зависеть от режима тишины...",0,ukraine_russian,0,0,0,0,0,0,0,3,,
624967,"🤡В россии объявлена мобилизация для войны в Украине.

В бой пойдет мясо от 2004 года рождения

кстати, все диванные эксперты из россии, которые угрожают в боте, ждем вас

прислать новость @hueviy_kherson_Bot
подписаться 👉",0,ukraine_russian,1,1,0,0,1,1,1,3,,
525730,"❗️План Путіна передбачав страти в Україні, – розвідка Британії Глава британської розвідки MI6 Річард Мур прокоментував масові страти у Бучі під Києвом. «Ми знали, що плани Путіна щодо вторгнення включали позасудові страти його військовими та розвідувальними службами», – наголосив він.
""Putin's plan allowed for executions in Ukraine,"" - British intelligence said. The British MI6 intelligence chief Richard Moore commented on the massacres in Bucha near Kyiv. ""We knew that Putin's plans to invade included extrajudicial executions by his military and intelligence services,"" he said.",0,ukraine_ukrainian,0,0,0,0,0,0,0,3,,
776623,"⚡️Путин начал внеочередное заседание Совбеза своим выступлением:

- Киевские власти не собираются исполнять Минские соглашения, они публично многократно об этом заявляли;

- Цель сегодняшнего заседания Совбеза - определить шаги по Донбассу, имея в виду и обращение ДНР и ЛНР с просьбой признать их суверенитет;

- Вопросы признания ДНР и ЛНР тесно связаны с глобальными проблемами обеспечения безопасности в мире и в Европе в частности.

- Если Украина станет членом НАТО, то угрозы для России многократно возрастут

- Фракция ""Единая Россия"" готова рассмотреть и поддержать возможное обращение президента по признанию так называемых ""Л/ДНР""

Подписаться на Харьков 1654",0,ukraine_russian,0,0,0,0,0,0,0,3,,
523361,"«Мы не будем стрелять по цивильным», — казали у Кремлі. 

Сьогодні Чернігів зазнав обстрілів житлових кварталів. Перші наслідки — пожежі. На місці працюють підрозділи ДСНС.",0,ukraine_ukrainian,0,0,0,0,0,0,0,3,,
83791,"🇷🇺🇺🇦 Крупный пожар на одном из объектов в Луцке. На севере города расположены военный аэродром и нефтебаза, которые предположительно могли стать целью российских ударов.
#Луцк #Россия #Украина
@rybar

*Поддержать нас: 4377 7278 0407 7977",0,russia,0,0,0,0,0,0,0,3,,
54001,"""Киев может в любой момент начать полномасштабное наступление, ситуация критическая"", - заявил глава ДНР.

Также Денис Пушилин сказал, что мужчины остаются в республике. Эвакуируются в Россию в основном женщины и дети.",0,russia,0,0,0,0,0,0,0,3,,
628010,"Кадыров обратился к президенту Украины Зеленскому и предложил провести переговоры с ним

""Попроси у президента, чтобы меня определил вести переговоры. Мы с тобой за полчаса все это решим, дон. Это будет конец войны дон"", — сказал он.

В то же время Кадыров призвал Путина отдать приказ чеченцам, чтобы они за 2-3 дня захватили города в Украине🤦🏻‍♂️",0,ukraine_russian,0,0,0,0,0.5,0,0,3,,
253137,"Военный эксперт Борис Рожин с краткой сводкой по итогам операции по денацификации и демилитаризации Украины за 27 марта 2022 г. специально для канала Vоенкор Котенок Z @voenkorKotenok:  
1.
Мариуполь. 
По сообщением с мест, оборона противника на левом берегу находится в состоянии распада на отдельные очаги сопротивления. Также идут бои уже совсем рядом с «Азовсталью».
2.  
Угледар—Марьинка. 
В Марьинке войска еще утром дошли до господствующего над местностью террикона и вели бои с отошедшим противником. К югу от Марьинки продолжались тяжелые бои за Новомихайловку.
3.  
Авдеевка—Дзержинск. Продолжались бои в районе Новобахмутовки.  Фронт противника после поражения в боях за Верхнеторецкое прогнулся, но так и не был прорван. В Авдеевке — без изменений. 
4.  
Лисичанск—Северодонецк—Попасная. 
Продолжались бои на юге Рубежного и в самой Попасной.
5.  
Изюм—Барвенково—Славянск. 
ВС РФ, перемолов украинский заслон у Каменки, накапливает силы на южном берегу Донца для последующих действий либо в направлении Славянска, либо Барвенково. Есть некоторое продвижение у трассы Изюм—Славянск. У Барвенково ВСУ отчиталась о «взятии Гусаровки», хотя ее ранее никто и не брал — ВС РФ не заявляли, что брали Гусаровку, бои шли к северу от нее к востоку от Барвенково. 
6.  
Харьков. 
Без существенных изменений. Стороны обмениваются артиллерийскими ударами, плюс продолжаются удары по ВСУ в районе Чугуева. 
7.  
Чернигов—Сумы. 
Чернигов без существенных изменений. Сумы — тоже. ВС РФ взяли под контроль Славутич, где сегодня повесили российский флаг и начали ротировать персонал на ЧАЭС. Противник в свою очередь продолжал нажимать на Тростянец, заявляя либо о боях в городе, либо о контроле над городом к северу от Ахтырки.
8.  
Киев. 
Под Киевом кардинально ситуация не изменилась. Блокирующие с запада Киев войска пытаются продвигаться на юг, противник контратакует и всячески блокирует продвижение. К востоку от Киева продолжались бои в различных поселках к северо-востоку и востоку от города. Никакого окружения российских войск под Киевом понятное дело нет.
9.  
Николаев-Одесса. 
Ситуация принципиальных изменений не претерпела. «Наступление ВСУ на Херсон» оказалось ожидаемой реинкарнацией «контрнаступления Кима». Позиционные бои продолжались на границе Херсонской и Николаевской областей. 
10.  
Запорожье. 
Если на линии Каменское—Орехов—Гуляйполе ситуация для ВСУ была стабильной, то вот к востоку от Гуляйполе ситуация развивалась интереснее. ВСУ заявили, что отбили у ВС РФ Полтавку и Малиновку, о взятии которых ВС РФ не сообщали. Более того, Полтавка вообще находится к северо-востоку от Гуляйполя, то есть ВСУ намекает, что ВС РФ пытаются осуществить охват группировки ВСУ обороняющей Гуляйполе. Также ВСУ подтверждает, что ВС РФ контролируют ряд поселков к востоку от Гуляйполя. ВС РФ по этому поводу комментариев не давало.

@voenkorKotenok",0,russia,0.5,1,1,1,1,0,1,3,,
,,,,,,,,,,,,,
,,,,,,,,,,,,,